path	changed_in_pr	copilot_reviewed	executed_by	ledger_ids	measurement_tables	read_by_auditor	claims_executed	negative_controls	findings
.clang-format	yes	yes (per PR description)	consumed by the analysers and builds this session ran (ruff/black/semgrep/clang-tidy/cppcheck configuration, the pre-commit set, the ignore rules) and by the workflow and pin gates	V-black*x1,V-ctest*x14,V-gate*x61,V-ruff*x1,V-strict*x5	none	no	0	none	none
.clang-tidy	yes	yes (per PR description)	consumed by the analysers and builds this session ran (ruff/black/semgrep/clang-tidy/cppcheck configuration, the pre-commit set, the ignore rules) and by the workflow and pin gates	V-black*x1,V-ctest*x14,V-gate*x61,V-ruff*x1,V-strict*x5	none	no	0	none	none
.cppcheck-suppressions	yes	yes (per PR description)	consumed by the analysers and builds this session ran (ruff/black/semgrep/clang-tidy/cppcheck configuration, the pre-commit set, the ignore rules) and by the workflow and pin gates	V-black*x1,V-ctest*x14,V-gate*x61,V-ruff*x1,V-strict*x5	none	no	0	none	none
.github/CODEOWNERS	yes	yes (per PR description)	check_workflow_commands, check_action_pins, negative controls NC-01/NC-29b/NC-29c; lanes replicated locally from these recipes	NC-*x92,V-black*x1,V-ctest*x14,V-gate*x61,V-ruff*x1,V-strict*x5	none	no	0	none	none
.github/allowed_signers	yes	yes (per PR description)	check_workflow_commands, check_action_pins, negative controls NC-01/NC-29b/NC-29c; lanes replicated locally from these recipes	NC-*x92,V-black*x1,V-ctest*x14,V-gate*x61,V-ruff*x1,V-strict*x5	none	no	0	none	none
.github/copilot-instructions.md	yes	yes (per PR description)	check_workflow_commands, check_action_pins, negative controls NC-01/NC-29b/NC-29c; lanes replicated locally from these recipes	NC-*x92,V-black*x1,V-ctest*x14,V-gate*x61,V-ruff*x1,V-strict*x5	none	no	0	none	none
.github/scripts/apt-install.sh	yes	yes (per PR description)	shell entry points: header, line-ending and secrets gates; the workflow-command gate checks the steps that call them	NC-*x92,V-black*x1,V-ctest*x14,V-gate*x61,V-ruff*x1,V-strict*x5	none	no	0	none	none
.github/scripts/choco-install.ps1	yes	yes (per PR description)	shell entry points: header, line-ending and secrets gates; the workflow-command gate checks the steps that call them	NC-*x92,V-black*x1,V-ctest*x14,V-gate*x61,V-ruff*x1,V-strict*x5	none	no	0	none	none
.github/workflows/acvp_validation.yml	yes	yes (per PR description)	check_workflow_commands, check_action_pins, negative controls NC-01/NC-29b/NC-29c; lanes replicated locally from these recipes	NC-*x92,V-black*x1,V-ctest*x14,V-gate*x61,V-ruff*x1,V-strict*x5	none	no	0	none	none
.github/workflows/arm-qemu.yml	yes	yes (per PR description)	check_workflow_commands, check_action_pins, negative controls NC-01/NC-29b/NC-29c; lanes replicated locally from these recipes	NC-*x92,V-black*x1,V-ctest*x14,V-gate*x61,V-ruff*x1,V-strict*x5	none	partial (SVE2 lanes)	0	none	none
.github/workflows/auto-docs.yml	no	n/a (not in the PR diff)	check_workflow_commands, check_action_pins, negative controls NC-01/NC-29b/NC-29c; lanes replicated locally from these recipes	NC-*x92,V-black*x1,V-ctest*x14,V-gate*x61,V-ruff*x1,V-strict*x5	none	no	0	none	none
.github/workflows/baseline-guard.yml	yes	yes (per PR description)	check_workflow_commands, check_action_pins, negative controls NC-01/NC-29b/NC-29c; lanes replicated locally from these recipes	NC-*x92,V-black*x1,V-ctest*x14,V-gate*x61,V-ruff*x1,V-strict*x5	none	no	0	none	none
.github/workflows/ci-build-test.yml	yes	yes (per PR description)	check_workflow_commands, check_action_pins, negative controls NC-01/NC-29b/NC-29c; lanes replicated locally from these recipes	NC-*x92,V-black*x1,V-ctest*x14,V-gate*x61,V-ruff*x1,V-strict*x5	none	partial (mypy step)	0	none	none
.github/workflows/ci.yml	yes	yes (per PR description)	check_workflow_commands, check_action_pins, negative controls NC-01/NC-29b/NC-29c; lanes replicated locally from these recipes	NC-*x92,V-black*x1,V-ctest*x14,V-gate*x61,V-ruff*x1,V-strict*x5	none	partial (digest, mypy, ruff/black, gate steps)	0	NC-03,NC-06,NC-15,NC-29,NC-29b,NC-29c,NC-01	none
.github/workflows/corpus-provenance.yml	yes	yes (per PR description)	check_workflow_commands, check_action_pins, negative controls NC-01/NC-29b/NC-29c; lanes replicated locally from these recipes	NC-*x92,V-black*x1,V-ctest*x14,V-gate*x61,V-ruff*x1,V-strict*x5	none	no	0	none	none
.github/workflows/dudect.yml	yes	yes (per PR description)	check_workflow_commands, check_action_pins, negative controls NC-01/NC-29b/NC-29c; lanes replicated locally from these recipes	NC-*x92,V-black*x1,V-ctest*x14,V-gate*x61,V-ruff*x1,V-strict*x5	none	partial (build recipe, measurements)	0	none	none
.github/workflows/fuzzing.yml	yes	yes (per PR description)	check_workflow_commands, check_action_pins, negative controls NC-01/NC-29b/NC-29c; lanes replicated locally from these recipes	NC-*x92,V-black*x1,V-ctest*x14,V-gate*x61,V-ruff*x1,V-strict*x5	none	partial (build and run recipe)	0	none	FINDING-0008
.github/workflows/integrity-anchor-check.yml	yes	yes (per PR description)	check_workflow_commands, check_action_pins, negative controls NC-01/NC-29b/NC-29c; lanes replicated locally from these recipes	NC-*x92,V-black*x1,V-ctest*x14,V-gate*x61,V-ruff*x1,V-strict*x5	none	no	0	none	none
.github/workflows/release.yml	yes	yes (per PR description)	check_workflow_commands, check_action_pins, negative controls NC-01/NC-29b/NC-29c; lanes replicated locally from these recipes	NC-*x92,V-black*x1,V-ctest*x14,V-gate*x61,V-ruff*x1,V-strict*x5	none	no	0	none	none
.github/workflows/security.yml	yes	yes (per PR description)	check_workflow_commands, check_action_pins, negative controls NC-01/NC-29b/NC-29c; lanes replicated locally from these recipes	NC-*x92,V-black*x1,V-ctest*x14,V-gate*x61,V-ruff*x1,V-strict*x5	none	no	0	none	none
.github/workflows/static-analysis.yml	yes	yes (per PR description)	check_workflow_commands, check_action_pins, negative controls NC-01/NC-29b/NC-29c; lanes replicated locally from these recipes	NC-*x92,V-black*x1,V-ctest*x14,V-gate*x61,V-ruff*x1,V-strict*x5	none	partial (Valgrind lane)	0	none	none
.github/workflows/wiki-sync.yml	no	n/a (not in the PR diff)	check_workflow_commands, check_action_pins, negative controls NC-01/NC-29b/NC-29c; lanes replicated locally from these recipes	NC-*x92,V-black*x1,V-ctest*x14,V-gate*x61,V-ruff*x1,V-strict*x5	none	no	0	none	none
.gitignore	yes	yes (per PR description)	consumed by the analysers and builds this session ran (ruff/black/semgrep/clang-tidy/cppcheck configuration, the pre-commit set, the ignore rules) and by the workflow and pin gates	V-black*x1,V-ctest*x14,V-gate*x61,V-ruff*x1,V-strict*x5	none	full	0	none	none
.pre-commit-config.yaml	yes	yes (per PR description)	consumed by the analysers and builds this session ran (ruff/black/semgrep/clang-tidy/cppcheck configuration, the pre-commit set, the ignore rules) and by the workflow and pin gates	V-black*x1,V-ctest*x14,V-gate*x61,V-ruff*x1,V-strict*x5	none	no	0	none	none
.semgrep.yml	yes	yes (per PR description)	consumed by the analysers and builds this session ran (ruff/black/semgrep/clang-tidy/cppcheck configuration, the pre-commit set, the ignore rules) and by the workflow and pin gates	V-black*x1,V-ctest*x14,V-gate*x61,V-ruff*x1,V-strict*x5	none	no	0	none	none
AMA_CRYPTOGRAPHY_ETHICAL_PILLARS.md	yes	yes (per PR description)	documentation gates (reference integrity, documented counts, source paths, release state, headers) and Phase B claim reproductions	V-gate*x61	none	no	0	none	none
ARCHITECTURE.md	yes	yes (per PR description)	documentation gates (reference integrity, documented counts, source paths, release state, headers) and Phase B claim reproductions	V-gate*x61	none	no	0	none	none
CHANGELOG.md	yes	yes (per PR description)	documentation gates (reference integrity, documented counts, source paths, release state, headers) and Phase B claim reproductions	V-gate*x61	none	partial (5.0.0 section)	1505	none	none
CMakeLists.txt	yes	yes (per PR description)	consumed by every CMake configure of the C lanes	V-ctest*x14,V-gate*x61,V-strict*x5	none	no	0	none	none
CODE_OF_CONDUCT.md	yes	yes (per PR description)	documentation gates (reference integrity, documented counts, source paths, release state, headers) and Phase B claim reproductions	V-gate*x61	none	no	0	none	none
CONSTANT_TIME_VERIFICATION.md	yes	yes (per PR description)	documentation gates (reference integrity, documented counts, source paths, release state, headers) and Phase B claim reproductions	V-gate*x61	none	no	0	none	none
CONTRIBUTING.md	yes	yes (per PR description)	documentation gates (reference integrity, documented counts, source paths, release state, headers) and Phase B claim reproductions	V-gate*x61	none	no	0	none	none
CRYPTOGRAPHY.md	yes	yes (per PR description)	documentation gates (reference integrity, documented counts, source paths, release state, headers) and Phase B claim reproductions	V-gate*x61	none	no	0	none	none
CRYPTO_REVIEW_CHECKLIST.md	yes	yes (per PR description)	documentation gates (reference integrity, documented counts, source paths, release state, headers) and Phase B claim reproductions	V-gate*x61	none	no	0	none	none
CSRC_STANDARDS.md	yes	yes (per PR description)	documentation gates (reference integrity, documented counts, source paths, release state, headers) and Phase B claim reproductions	V-gate*x61	none	no	0	none	none
ENHANCED_FEATURES.md	yes	yes (per PR description)	documentation gates (reference integrity, documented counts, source paths, release state, headers) and Phase B claim reproductions	V-gate*x61	none	no	0	none	none
IMPLEMENTATION_GUIDE.md	yes	yes (per PR description)	documentation gates (reference integrity, documented counts, source paths, release state, headers) and Phase B claim reproductions	V-gate*x61	none	no	0	none	none
INVARIANTS.md	yes	yes (per PR description)	documentation gates (reference integrity, documented counts, source paths, release state, headers) and Phase B claim reproductions	V-gate*x61	none	partial (claims extraction)	0	none	none
MANIFEST.in	yes	yes (per PR description)	consumed by the editable install, pytest, mypy, ruff and black runs	V-black*x1,V-gate*x61,V-mypy*x1,V-pytest*x1,V-ruff*x1	none	no	0	none	none
MONITORING.md	yes	yes (per PR description)	documentation gates (reference integrity, documented counts, source paths, release state, headers) and Phase B claim reproductions	V-gate*x61	none	no	3	none	none
Makefile	yes	yes (per PR description)	consumed by the analysers and builds this session ran (ruff/black/semgrep/clang-tidy/cppcheck configuration, the pre-commit set, the ignore rules) and by the workflow and pin gates	V-black*x1,V-ctest*x14,V-gate*x61,V-ruff*x1,V-strict*x5	none	no	0	none	none
README.md	yes	yes (per PR description)	documentation gates (reference integrity, documented counts, source paths, release state, headers) and Phase B claim reproductions	V-gate*x61	none	partial (claims extraction)	1	none	none
SECURITY.md	yes	yes (per PR description)	documentation gates (reference integrity, documented counts, source paths, release state, headers) and Phase B claim reproductions	V-gate*x61	none	partial (claims extraction)	0	none	none
THREAT_MODEL.md	yes	yes (per PR description)	documentation gates (reference integrity, documented counts, source paths, release state, headers) and Phase B claim reproductions	V-gate*x61	none	no	0	none	none
ama_cryptography.pc.in	yes	yes (per PR description)	licence and packaging metadata: header, secrets, line-ending and packaging gates	V-gate*x61	none	no	0	none	none
ama_cryptography/__init__.py	yes	yes (per PR description)	full pytest suite with native backends required, mypy --strict, ruff, black, integrity digest, gates	F-*x32,V-black*x1,V-gate*x61,V-mypy*x1,V-pytest*x1,V-ruff*x1	none	no	0	NC-28	none
ama_cryptography/__main__.py	no	n/a (not in the PR diff)	full pytest suite with native backends required, mypy --strict, ruff, black, integrity digest, gates	F-*x32,V-black*x1,V-gate*x61,V-mypy*x1,V-pytest*x1,V-ruff*x1	none	no	0	none	none
ama_cryptography/_artefact_source.py	yes	yes (per PR description)	full pytest suite with native backends required, mypy --strict, ruff, black, integrity digest, gates	F-*x32,V-black*x1,V-gate*x61,V-mypy*x1,V-pytest*x1,V-ruff*x1	none	no	0	none	none
ama_cryptography/_asn1.py	no	n/a (not in the PR diff)	full pytest suite with native backends required, mypy --strict, ruff, black, integrity digest, gates	F-*x32,V-black*x1,V-gate*x61,V-mypy*x1,V-pytest*x1,V-ruff*x1	none	no	0	none	none
ama_cryptography/_build_sign.py	yes	yes (per PR description)	full pytest suite with native backends required, mypy --strict, ruff, black, integrity digest, gates	F-*x32,V-black*x1,V-gate*x61,V-mypy*x1,V-pytest*x1,V-ruff*x1	none	no	0	none	none
ama_cryptography/_finalizer_health.py	no	n/a (not in the PR diff)	full pytest suite with native backends required, mypy --strict, ruff, black, integrity digest, gates	F-*x32,V-black*x1,V-gate*x61,V-mypy*x1,V-pytest*x1,V-ruff*x1	none	no	0	none	none
ama_cryptography/_integrity_digest.txt	yes	yes (per PR description)	licence and packaging metadata: header, secrets, line-ending and packaging gates	V-gate*x61	none	no	0	none	none
ama_cryptography/_integrity_signature.py	yes	yes (per PR description)	full pytest suite with native backends required, mypy --strict, ruff, black, integrity digest, gates	F-*x32,V-black*x1,V-gate*x61,V-mypy*x1,V-pytest*x1,V-ruff*x1	none	full (build artefact handling)	0	none	none
ama_cryptography/_module_state.py	yes	yes (per PR description)	full pytest suite with native backends required, mypy --strict, ruff, black, integrity digest, gates	F-*x32,V-black*x1,V-gate*x61,V-mypy*x1,V-pytest*x1,V-ruff*x1	none	no	0	none	none
ama_cryptography/_numeric.py	no	n/a (not in the PR diff)	full pytest suite with native backends required, mypy --strict, ruff, black, integrity digest, gates	F-*x32,V-black*x1,V-gate*x61,V-mypy*x1,V-pytest*x1,V-ruff*x1	none	no	0	none	none
ama_cryptography/_post_kats/ml_dsa_65_kat.json	no	n/a (not in the PR diff)	loaded/verified by the pytest suite and the POST/KAT provenance gates	V-gate*x61,V-pytest*x1	none	no	0	none	none
ama_cryptography/_post_kats/ml_kem_1024_kat.json	no	n/a (not in the PR diff)	loaded/verified by the pytest suite and the POST/KAT provenance gates	V-gate*x61,V-pytest*x1	none	no	0	NC-40	none
ama_cryptography/_post_kats/slh_dsa_sha2_256f_kat.json	no	n/a (not in the PR diff)	loaded/verified by the pytest suite and the POST/KAT provenance gates	V-gate*x61,V-pytest*x1	none	no	0	none	none
ama_cryptography/_post_kats/slh_dsa_shake_128s_sigver.json	no	n/a (not in the PR diff)	loaded/verified by the pytest suite and the POST/KAT provenance gates	V-gate*x61,V-pytest*x1	none	no	0	none	none
ama_cryptography/_self_test.py	yes	yes (per PR description)	full pytest suite with native backends required, mypy --strict, ruff, black, integrity digest, gates	F-*x32,V-black*x1,V-gate*x61,V-mypy*x1,V-pytest*x1,V-ruff*x1	none	no	0	none	none
ama_cryptography/adaptive_posture.py	yes	yes (per PR description)	full pytest suite with native backends required, mypy --strict, ruff, black, integrity digest, gates	F-*x32,V-black*x1,V-gate*x61,V-mypy*x1,V-pytest*x1,V-ruff*x1	none	no	0	none	none
ama_cryptography/agent_binding.py	no	n/a (not in the PR diff)	full pytest suite with native backends required, mypy --strict, ruff, black, integrity digest, gates	F-*x32,V-black*x1,V-gate*x61,V-mypy*x1,V-pytest*x1,V-ruff*x1	none	no	0	none	none
ama_cryptography/ascon.py	yes	yes (per PR description)	full pytest suite with native backends required, mypy --strict, ruff, black, integrity digest, gates	F-*x32,V-black*x1,V-gate*x61,V-mypy*x1,V-pytest*x1,V-ruff*x1	none	no	0	none	none
ama_cryptography/crypto_api.py	yes	yes (per PR description)	full pytest suite with native backends required, mypy --strict, ruff, black, integrity digest, gates	F-*x32,V-black*x1,V-gate*x61,V-mypy*x1,V-pytest*x1,V-ruff*x1	none	no	0	none	none
ama_cryptography/double_helix_engine.py	yes	yes (per PR description)	full pytest suite with native backends required, mypy --strict, ruff, black, integrity digest, gates	F-*x32,V-black*x1,V-gate*x61,V-mypy*x1,V-pytest*x1,V-ruff*x1	none	no	0	none	none
ama_cryptography/equations.py	yes	yes (per PR description)	full pytest suite with native backends required, mypy --strict, ruff, black, integrity digest, gates	F-*x32,V-black*x1,V-gate*x61,V-mypy*x1,V-pytest*x1,V-ruff*x1	none	no	0	none	none
ama_cryptography/exceptions.py	yes	yes (per PR description)	full pytest suite with native backends required, mypy --strict, ruff, black, integrity digest, gates	F-*x32,V-black*x1,V-gate*x61,V-mypy*x1,V-pytest*x1,V-ruff*x1	none	no	0	none	none
ama_cryptography/hybrid_combiner.py	yes	yes (per PR description)	full pytest suite with native backends required, mypy --strict, ruff, black, integrity digest, gates	F-*x32,V-black*x1,V-gate*x61,V-mypy*x1,V-pytest*x1,V-ruff*x1	none	no	0	none	none
ama_cryptography/integrity.py	yes	yes (per PR description)	full pytest suite with native backends required, mypy --strict, ruff, black, integrity digest, gates	F-*x32,V-black*x1,V-gate*x61,V-mypy*x1,V-pytest*x1,V-ruff*x1	none	no	0	none	none
ama_cryptography/key_formats.py	yes	yes (per PR description)	full pytest suite with native backends required, mypy --strict, ruff, black, integrity digest, gates	F-*x32,V-black*x1,V-gate*x61,V-mypy*x1,V-pytest*x1,V-ruff*x1	none	no	0	none	none
ama_cryptography/key_management.py	yes	yes (per PR description)	full pytest suite with native backends required, mypy --strict, ruff, black, integrity digest, gates	F-*x32,V-black*x1,V-gate*x61,V-mypy*x1,V-pytest*x1,V-ruff*x1	none	no	0	none	none
ama_cryptography/legacy_compat.py	yes	yes (per PR description)	full pytest suite with native backends required, mypy --strict, ruff, black, integrity digest, gates	F-*x32,V-black*x1,V-gate*x61,V-mypy*x1,V-pytest*x1,V-ruff*x1	none	no	0	none	none
ama_cryptography/monitor.py	no	n/a (not in the PR diff)	full pytest suite with native backends required, mypy --strict, ruff, black, integrity digest, gates	F-*x32,V-black*x1,V-gate*x61,V-mypy*x1,V-pytest*x1,V-ruff*x1	none	no	0	none	none
ama_cryptography/monitoring.py	yes	yes (per PR description)	full pytest suite with native backends required, mypy --strict, ruff, black, integrity digest, gates	F-*x32,V-black*x1,V-gate*x61,V-mypy*x1,V-pytest*x1,V-ruff*x1	none	no	0	NC-19,NC-24	none
ama_cryptography/pqc_backends.py	yes	yes (per PR description)	full pytest suite with native backends required, mypy --strict, ruff, black, integrity digest, gates	F-*x32,V-black*x1,V-gate*x61,V-mypy*x1,V-pytest*x1,V-ruff*x1	none	partial (AmaContext keygen and pairwise test)	0	NC-09,NC-17,NC-30	FINDING-0003
ama_cryptography/py.typed	no	n/a (not in the PR diff)	type stubs and the typing marker: consumed by mypy --strict and the type-check-scope gate	V-gate*x61,V-mypy*x1,V-pytest*x1	none	no	0	none	none
ama_cryptography/rfc3161_timestamp.py	yes	yes (per PR description)	full pytest suite with native backends required, mypy --strict, ruff, black, integrity digest, gates	F-*x32,V-black*x1,V-gate*x61,V-mypy*x1,V-pytest*x1,V-ruff*x1	none	no	0	none	none
ama_cryptography/secure_channel.py	yes	yes (per PR description)	full pytest suite with native backends required, mypy --strict, ruff, black, integrity digest, gates	F-*x32,V-black*x1,V-gate*x61,V-mypy*x1,V-pytest*x1,V-ruff*x1	none	no	0	none	none
ama_cryptography/secure_memory.py	yes	yes (per PR description)	full pytest suite with native backends required, mypy --strict, ruff, black, integrity digest, gates	F-*x32,V-black*x1,V-gate*x61,V-mypy*x1,V-pytest*x1,V-ruff*x1	none	no	0	none	none
ama_cryptography/session.py	yes	yes (per PR description)	full pytest suite with native backends required, mypy --strict, ruff, black, integrity digest, gates	F-*x32,V-black*x1,V-gate*x61,V-mypy*x1,V-pytest*x1,V-ruff*x1	none	no	0	none	none
ama_cryptography/sha3_binding.pyi	no	n/a (not in the PR diff)	type stubs and the typing marker: consumed by mypy --strict and the type-check-scope gate	V-gate*x61,V-mypy*x1,V-pytest*x1	none	no	0	none	none
assets/defense_layers.png	yes	yes (per PR description)	generate_visuals --check (manifest against the tree), the ACVP/compliance gates, and Phase F acceptance runs	F-*x32,V-gate*x61	none	no	0	none	none
assets/performance_dashboard.png	yes	yes (per PR description)	generate_visuals --check (manifest against the tree), the ACVP/compliance gates, and Phase F acceptance runs	F-*x32,V-gate*x61	none	no	0	none	none
assets/test_coverage.png	yes	yes (per PR description)	generate_visuals --check (manifest against the tree), the ACVP/compliance gates, and Phase F acceptance runs	F-*x32,V-gate*x61	none	no	0	none	none
assets/visuals_manifest.json	yes	yes (per PR description)	generate_visuals --check (manifest against the tree), the ACVP/compliance gates, and Phase F acceptance runs	F-*x32,V-gate*x61	none	no	0	NC-44	none
benchmark-report.md	yes	yes (per PR description)	documentation gates (reference integrity, documented counts, source paths, release state, headers) and Phase B claim reproductions	V-gate*x61	none	no	0	none	none
benchmarks/README.md	yes	yes (per PR description)	documentation gates (reference integrity, documented counts, source paths, release state, headers) and Phase B claim reproductions	V-black*x1,V-gate*x61,V-mypy*x1,V-pytest*x1,V-ruff*x1	none	no	0	none	none
benchmarks/__init__.py	yes	yes (per PR description)	mypy --strict, ruff, black; the benchmark baseline files are read by the baseline-justification gate (NC-36)	V-black*x1,V-gate*x61,V-mypy*x1,V-pytest*x1,V-ruff*x1	none	no	0	none	none
benchmarks/_dashboard_template.html	yes	yes (per PR description)	mypy --strict, ruff, black; the benchmark baseline files are read by the baseline-justification gate (NC-36)	V-black*x1,V-gate*x61,V-mypy*x1,V-pytest*x1,V-ruff*x1	none	no	0	none	none
benchmarks/arm-baseline.json	yes	yes (per PR description)	mypy --strict, ruff, black; the benchmark baseline files are read by the baseline-justification gate (NC-36)	V-black*x1,V-gate*x61,V-mypy*x1,V-pytest*x1,V-ruff*x1	none	no	0	none	none
benchmarks/baseline.json	yes	yes (per PR description)	mypy --strict, ruff, black; the benchmark baseline files are read by the baseline-justification gate (NC-36)	V-black*x1,V-gate*x61,V-mypy*x1,V-pytest*x1,V-ruff*x1	none	no	0	NC-36	none
benchmarks/benchmark-results.json	yes	yes (per PR description)	mypy --strict, ruff, black; the benchmark baseline files are read by the baseline-justification gate (NC-36)	V-black*x1,V-gate*x61,V-mypy*x1,V-pytest*x1,V-ruff*x1	none	no	0	none	none
benchmarks/benchmark_c_raw.c	yes	yes (per PR description)	mypy --strict, ruff, black; the benchmark baseline files are read by the baseline-justification gate (NC-36)	V-black*x1,V-gate*x61,V-mypy*x1,V-pytest*x1,V-ruff*x1	none	no	0	none	none
benchmarks/benchmark_runner.py	yes	yes (per PR description)	mypy --strict, ruff, black; the benchmark baseline files are read by the baseline-justification gate (NC-36)	V-black*x1,V-gate*x61,V-mypy*x1,V-pytest*x1,V-ruff*x1	none	no	0	none	none
benchmarks/benchmark_suite.py	yes	yes (per PR description)	mypy --strict, ruff, black; the benchmark baseline files are read by the baseline-justification gate (NC-36)	V-black*x1,V-gate*x61,V-mypy*x1,V-pytest*x1,V-ruff*x1	none	no	0	none	none
benchmarks/check_baseline_justification.py	yes	yes (per PR description)	mypy --strict, ruff, black; the benchmark baseline files are read by the baseline-justification gate (NC-36)	V-black*x1,V-gate*x61,V-mypy*x1,V-pytest*x1,V-ruff*x1	none	no	0	NC-36	none
benchmarks/comparative_benchmark.py	yes	yes (per PR description)	mypy --strict, ruff, black; the benchmark baseline files are read by the baseline-justification gate (NC-36)	V-black*x1,V-gate*x61,V-mypy*x1,V-pytest*x1,V-ruff*x1	none	no	0	none	none
benchmarks/competitive.html	yes	yes (per PR description)	mypy --strict, ruff, black; the benchmark baseline files are read by the baseline-justification gate (NC-36)	V-black*x1,V-gate*x61,V-mypy*x1,V-pytest*x1,V-ruff*x1	none	no	0	none	none
benchmarks/detector_baseline_eval.py	yes	yes (per PR description)	mypy --strict, ruff, black; the benchmark baseline files are read by the baseline-justification gate (NC-36)	V-black*x1,V-gate*x61,V-mypy*x1,V-pytest*x1,V-ruff*x1	none	no	0	none	none
benchmarks/generate_charts.py	yes	yes (per PR description)	mypy --strict, ruff, black; the benchmark baseline files are read by the baseline-justification gate (NC-36)	V-black*x1,V-gate*x61,V-mypy*x1,V-pytest*x1,V-ruff*x1	none	no	0	none	none
benchmarks/generate_competitive.py	yes	yes (per PR description)	mypy --strict, ruff, black; the benchmark baseline files are read by the baseline-justification gate (NC-36)	V-black*x1,V-gate*x61,V-mypy*x1,V-pytest*x1,V-ruff*x1	none	no	0	none	none
benchmarks/generate_dashboard.py	yes	yes (per PR description)	mypy --strict, ruff, black; the benchmark baseline files are read by the baseline-justification gate (NC-36)	V-black*x1,V-gate*x61,V-mypy*x1,V-pytest*x1,V-ruff*x1	none	no	0	none	none
benchmarks/keyformat_import.py	yes	yes (per PR description)	mypy --strict, ruff, black; the benchmark baseline files are read by the baseline-justification gate (NC-36)	V-black*x1,V-gate*x61,V-mypy*x1,V-pytest*x1,V-ruff*x1	none	no	0	none	none
benchmarks/multi_library_results.json	yes	yes (per PR description)	mypy --strict, ruff, black; the benchmark baseline files are read by the baseline-justification gate (NC-36)	V-black*x1,V-gate*x61,V-mypy*x1,V-pytest*x1,V-ruff*x1	none	no	0	none	none
benchmarks/performance_comparison.py	yes	yes (per PR description)	mypy --strict, ruff, black; the benchmark baseline files are read by the baseline-justification gate (NC-36)	V-black*x1,V-gate*x61,V-mypy*x1,V-pytest*x1,V-ruff*x1	none	no	0	none	none
benchmarks/performance_suite.py	yes	yes (per PR description)	mypy --strict, ruff, black; the benchmark baseline files are read by the baseline-justification gate (NC-36)	V-black*x1,V-gate*x61,V-mypy*x1,V-pytest*x1,V-ruff*x1	none	no	0	none	none
benchmarks/phase0_baseline.py	yes	yes (per PR description)	mypy --strict, ruff, black; the benchmark baseline files are read by the baseline-justification gate (NC-36)	V-black*x1,V-gate*x61,V-mypy*x1,V-pytest*x1,V-ruff*x1	none	no	0	none	none
benchmarks/pqc_comparative_bench.py	yes	yes (per PR description)	mypy --strict, ruff, black; the benchmark baseline files are read by the baseline-justification gate (NC-36)	V-black*x1,V-gate*x61,V-mypy*x1,V-pytest*x1,V-ruff*x1	none	no	0	none	none
benchmarks/pqc_results.json	yes	yes (per PR description)	mypy --strict, ruff, black; the benchmark baseline files are read by the baseline-justification gate (NC-36)	V-black*x1,V-gate*x61,V-mypy*x1,V-pytest*x1,V-ruff*x1	none	no	0	none	none
benchmarks/validation_suite.py	yes	yes (per PR description)	mypy --strict, ruff, black; the benchmark baseline files are read by the baseline-justification gate (NC-36)	V-black*x1,V-gate*x61,V-mypy*x1,V-pytest*x1,V-ruff*x1	none	no	0	none	none
cmake/ama_exports.macos.sym	yes	yes (per PR description)	consumed by every CMake configure of the C lanes	V-ctest*x14,V-strict*x5	none	no	0	none	none
cmake/ama_exports.map	yes	yes (per PR description)	consumed by every CMake configure of the C lanes	V-ctest*x14,V-strict*x5	none	no	0	none	none
cmake/toolchains/aarch64-linux-gnu.cmake	no	n/a (not in the PR diff)	consumed by every CMake configure of the C lanes	V-ctest*x14,V-strict*x5	none	no	0	none	none
cmake/toolchains/x86_64-w64-mingw32.cmake	yes	yes (per PR description)	consumed by every CMake configure of the C lanes	V-ctest*x14,V-strict*x5	none	no	0	none	none
docker/Dockerfile	yes	yes (per PR description)	container definitions: the Docker Build CI job builds them and check_docker_pins / check_apt_retry gate their contents	V-gate*x61	none	no	0	none	none
docker/Dockerfile.alpine	yes	yes (per PR description)	container definitions: the Docker Build CI job builds them and check_docker_pins / check_apt_retry gate their contents	V-gate*x61	none	no	0	none	none
docker/Dockerfile.c-api	yes	yes (per PR description)	container definitions: the Docker Build CI job builds them and check_docker_pins / check_apt_retry gate their contents	V-gate*x61	none	no	0	none	none
docs/DESIGN_NOTES.md	yes	yes (per PR description)	documentation gates (reference integrity, documented counts, source paths, release state, headers) and Phase B claim reproductions	V-gate*x61	none	no	0	none	none
docs/Doxyfile	yes	yes (per PR description)	documentation build and gates (Sphinx/Doxygen inputs; reference-integrity, source-path and release-state gates)	V-gate*x61	none	no	0	none	none
docs/METRICS_REPORT.md	yes	yes (per PR description)	documentation gates (reference integrity, documented counts, source paths, release state, headers) and Phase B claim reproductions	V-gate*x61	none	partial (LoC table)	1	none	none
docs/NIST_PRIME_CURVES.md	yes	yes (per PR description)	documentation gates (reference integrity, documented counts, source paths, release state, headers) and Phase B claim reproductions	V-gate*x61	none	no	0	none	none
docs/audit/PR394_CAPABILITIES.md	yes	yes (per PR description)	documentation gates (reference integrity, documented counts, source paths, release state, headers) and Phase B claim reproductions	V-black*x1,V-gate*x61,V-mypy*x1,V-ruff*x1	none	no	0	none	none
docs/audit/ledger.tsv	yes	yes (per PR description)	audit artefacts themselves: mypy/ruff/black on the drivers, headers and secrets gates on all	V-black*x1,V-gate*x61,V-mypy*x1,V-ruff*x1	none	no	0	none	none
docs/audit/logs/findings/0001-after-build-asan-negative.log	yes	yes (per PR description)	audit artefacts themselves: mypy/ruff/black on the drivers, headers and secrets gates on all	V-black*x1,V-gate*x61,V-mypy*x1,V-ruff*x1	none	no	0	none	none
docs/audit/logs/findings/0001-after-build-asan-positive.log	yes	yes (per PR description)	audit artefacts themselves: mypy/ruff/black on the drivers, headers and secrets gates on all	V-black*x1,V-gate*x61,V-mypy*x1,V-ruff*x1	none	no	0	none	none
docs/audit/logs/findings/0001-after-build-msan-negative.log	yes	yes (per PR description)	audit artefacts themselves: mypy/ruff/black on the drivers, headers and secrets gates on all	V-black*x1,V-gate*x61,V-mypy*x1,V-ruff*x1	none	no	0	none	none
docs/audit/logs/findings/0001-after-build-msan-positive.log	yes	yes (per PR description)	audit artefacts themselves: mypy/ruff/black on the drivers, headers and secrets gates on all	V-black*x1,V-gate*x61,V-mypy*x1,V-ruff*x1	none	no	0	none	none
docs/audit/logs/findings/0001-after-build-release-negative.log	yes	yes (per PR description)	audit artefacts themselves: mypy/ruff/black on the drivers, headers and secrets gates on all	V-black*x1,V-gate*x61,V-mypy*x1,V-ruff*x1	none	no	0	none	none
docs/audit/logs/findings/0001-after-build-release-positive.log	yes	yes (per PR description)	audit artefacts themselves: mypy/ruff/black on the drivers, headers and secrets gates on all	V-black*x1,V-gate*x61,V-mypy*x1,V-ruff*x1	none	no	0	none	none
docs/audit/logs/findings/0001-after-build-tsan-negative.log	yes	yes (per PR description)	audit artefacts themselves: mypy/ruff/black on the drivers, headers and secrets gates on all	V-black*x1,V-gate*x61,V-mypy*x1,V-ruff*x1	none	no	0	none	none
docs/audit/logs/findings/0001-after-build-tsan-positive.log	yes	yes (per PR description)	audit artefacts themselves: mypy/ruff/black on the drivers, headers and secrets gates on all	V-black*x1,V-gate*x61,V-mypy*x1,V-ruff*x1	none	no	0	none	none
docs/audit/logs/findings/0001-after2-build-arm-negative.log	yes	yes (per PR description)	audit artefacts themselves: mypy/ruff/black on the drivers, headers and secrets gates on all	V-black*x1,V-gate*x61,V-mypy*x1,V-ruff*x1	none	no	0	none	none
docs/audit/logs/findings/0001-after2-build-arm-positive.log	yes	yes (per PR description)	audit artefacts themselves: mypy/ruff/black on the drivers, headers and secrets gates on all	V-black*x1,V-gate*x61,V-mypy*x1,V-ruff*x1	none	no	0	none	none
docs/audit/logs/findings/0001-after2-build-asan-negative.log	yes	yes (per PR description)	audit artefacts themselves: mypy/ruff/black on the drivers, headers and secrets gates on all	V-black*x1,V-gate*x61,V-mypy*x1,V-ruff*x1	none	no	0	none	none
docs/audit/logs/findings/0001-after2-build-asan-positive.log	yes	yes (per PR description)	audit artefacts themselves: mypy/ruff/black on the drivers, headers and secrets gates on all	V-black*x1,V-gate*x61,V-mypy*x1,V-ruff*x1	none	no	0	none	none
docs/audit/logs/findings/0001-after2-build-msan-negative.log	yes	yes (per PR description)	audit artefacts themselves: mypy/ruff/black on the drivers, headers and secrets gates on all	V-black*x1,V-gate*x61,V-mypy*x1,V-ruff*x1	none	no	0	none	none
docs/audit/logs/findings/0001-after2-build-msan-positive.log	yes	yes (per PR description)	audit artefacts themselves: mypy/ruff/black on the drivers, headers and secrets gates on all	V-black*x1,V-gate*x61,V-mypy*x1,V-ruff*x1	none	no	0	none	none
docs/audit/logs/findings/0001-after2-build-release-negative.log	yes	yes (per PR description)	audit artefacts themselves: mypy/ruff/black on the drivers, headers and secrets gates on all	V-black*x1,V-gate*x61,V-mypy*x1,V-ruff*x1	none	no	0	none	none
docs/audit/logs/findings/0001-after2-build-release-positive.log	yes	yes (per PR description)	audit artefacts themselves: mypy/ruff/black on the drivers, headers and secrets gates on all	V-black*x1,V-gate*x61,V-mypy*x1,V-ruff*x1	none	no	0	none	none
docs/audit/logs/findings/0001-after2-build-tsan-negative.log	yes	yes (per PR description)	audit artefacts themselves: mypy/ruff/black on the drivers, headers and secrets gates on all	V-black*x1,V-gate*x61,V-mypy*x1,V-ruff*x1	none	no	0	none	none
docs/audit/logs/findings/0001-after2-build-tsan-positive.log	yes	yes (per PR description)	audit artefacts themselves: mypy/ruff/black on the drivers, headers and secrets gates on all	V-black*x1,V-gate*x61,V-mypy*x1,V-ruff*x1	none	no	0	none	none
docs/audit/logs/findings/0001-before-msan-ctest.log	yes	yes (per PR description)	audit artefacts themselves: mypy/ruff/black on the drivers, headers and secrets gates on all	V-black*x1,V-gate*x61,V-mypy*x1,V-ruff*x1	none	no	0	none	none
docs/audit/logs/findings/0001-before-tsan-ctest.log	yes	yes (per PR description)	audit artefacts themselves: mypy/ruff/black on the drivers, headers and secrets gates on all	V-black*x1,V-gate*x61,V-mypy*x1,V-ruff*x1	none	no	0	none	none
docs/audit/logs/findings/0002-before-arm-ctest-negative-registered.log	yes	yes (per PR description)	audit artefacts themselves: mypy/ruff/black on the drivers, headers and secrets gates on all	V-black*x1,V-gate*x61,V-mypy*x1,V-ruff*x1	none	no	0	none	none
docs/audit/logs/phaseA/atheris.log	yes	yes (per PR description)	audit artefacts themselves: mypy/ruff/black on the drivers, headers and secrets gates on all	V-black*x1,V-gate*x61,V-mypy*x1,V-ruff*x1	none	no	0	none	none
docs/audit/logs/phaseA/clang-tidy.log	yes	yes (per PR description)	audit artefacts themselves: mypy/ruff/black on the drivers, headers and secrets gates on all	V-black*x1,V-gate*x61,V-mypy*x1,V-ruff*x1	none	no	0	none	none
docs/audit/logs/phaseA/cmake.log	yes	yes (per PR description)	audit artefacts themselves: mypy/ruff/black on the drivers, headers and secrets gates on all	V-black*x1,V-gate*x61,V-mypy*x1,V-ruff*x1	none	no	0	none	none
docs/audit/logs/phaseA/codeql.log	yes	yes (per PR description)	audit artefacts themselves: mypy/ruff/black on the drivers, headers and secrets gates on all	V-black*x1,V-gate*x61,V-mypy*x1,V-ruff*x1	none	no	0	none	none
docs/audit/logs/phaseA/compilers.log	yes	yes (per PR description)	audit artefacts themselves: mypy/ruff/black on the drivers, headers and secrets gates on all	V-black*x1,V-gate*x61,V-mypy*x1,V-ruff*x1	none	no	0	none	none
docs/audit/logs/phaseA/cppcheck.log	yes	yes (per PR description)	audit artefacts themselves: mypy/ruff/black on the drivers, headers and secrets gates on all	V-black*x1,V-gate*x61,V-mypy*x1,V-ruff*x1	none	no	0	none	none
docs/audit/logs/phaseA/ctest-release.log	yes	yes (per PR description)	audit artefacts themselves: mypy/ruff/black on the drivers, headers and secrets gates on all	V-black*x1,V-gate*x61,V-mypy*x1,V-ruff*x1	none	no	0	none	none
docs/audit/logs/phaseA/docker.log	yes	yes (per PR description)	audit artefacts themselves: mypy/ruff/black on the drivers, headers and secrets gates on all	V-black*x1,V-gate*x61,V-mypy*x1,V-ruff*x1	none	no	0	none	none
docs/audit/logs/phaseA/gh.log	yes	yes (per PR description)	audit artefacts themselves: mypy/ruff/black on the drivers, headers and secrets gates on all	V-black*x1,V-gate*x61,V-mypy*x1,V-ruff*x1	none	no	0	none	none
docs/audit/logs/phaseA/git-count.log	yes	yes (per PR description)	audit artefacts themselves: mypy/ruff/black on the drivers, headers and secrets gates on all	V-black*x1,V-gate*x61,V-mypy*x1,V-ruff*x1	none	no	0	none	none
docs/audit/logs/phaseA/git-head.log	yes	yes (per PR description)	audit artefacts themselves: mypy/ruff/black on the drivers, headers and secrets gates on all	V-black*x1,V-gate*x61,V-mypy*x1,V-ruff*x1	none	no	0	none	none
docs/audit/logs/phaseA/host.log	yes	yes (per PR description)	audit artefacts themselves: mypy/ruff/black on the drivers, headers and secrets gates on all	V-black*x1,V-gate*x61,V-mypy*x1,V-ruff*x1	none	no	0	none	none
docs/audit/logs/phaseA/hw-flags.log	yes	yes (per PR description)	audit artefacts themselves: mypy/ruff/black on the drivers, headers and secrets gates on all	V-black*x1,V-gate*x61,V-mypy*x1,V-ruff*x1	none	no	0	none	none
docs/audit/logs/phaseA/libfuzzer.log	yes	yes (per PR description)	audit artefacts themselves: mypy/ruff/black on the drivers, headers and secrets gates on all	V-black*x1,V-gate*x61,V-mypy*x1,V-ruff*x1	none	no	0	none	none
docs/audit/logs/phaseA/mutmut.log	yes	yes (per PR description)	audit artefacts themselves: mypy/ruff/black on the drivers, headers and secrets gates on all	V-black*x1,V-gate*x61,V-mypy*x1,V-ruff*x1	none	no	0	none	none
docs/audit/logs/phaseA/network.log	yes	yes (per PR description)	audit artefacts themselves: mypy/ruff/black on the drivers, headers and secrets gates on all	V-black*x1,V-gate*x61,V-mypy*x1,V-ruff*x1	none	no	0	none	none
docs/audit/logs/phaseA/python.log	yes	yes (per PR description)	audit artefacts themselves: mypy/ruff/black on the drivers, headers and secrets gates on all	V-black*x1,V-gate*x61,V-mypy*x1,V-ruff*x1	none	no	0	none	none
docs/audit/logs/phaseA/pytools.log	yes	yes (per PR description)	audit artefacts themselves: mypy/ruff/black on the drivers, headers and secrets gates on all	V-black*x1,V-gate*x61,V-mypy*x1,V-ruff*x1	none	no	0	none	none
docs/audit/logs/phaseA/qemu-sve.log	yes	yes (per PR description)	audit artefacts themselves: mypy/ruff/black on the drivers, headers and secrets gates on all	V-black*x1,V-gate*x61,V-mypy*x1,V-ruff*x1	none	no	0	none	none
docs/audit/logs/phaseA/sanitizers.log	yes	yes (per PR description)	audit artefacts themselves: mypy/ruff/black on the drivers, headers and secrets gates on all	V-black*x1,V-gate*x61,V-mypy*x1,V-ruff*x1	none	no	0	none	none
docs/audit/logs/phaseA/semgrep.log	yes	yes (per PR description)	audit artefacts themselves: mypy/ruff/black on the drivers, headers and secrets gates on all	V-black*x1,V-gate*x61,V-mypy*x1,V-ruff*x1	none	no	0	none	none
docs/audit/logs/phaseA/sigstore.log	yes	yes (per PR description)	audit artefacts themselves: mypy/ruff/black on the drivers, headers and secrets gates on all	V-black*x1,V-gate*x61,V-mypy*x1,V-ruff*x1	none	no	0	none	none
docs/audit/logs/phaseA/softhsm.log	yes	yes (per PR description)	audit artefacts themselves: mypy/ruff/black on the drivers, headers and secrets gates on all	V-black*x1,V-gate*x61,V-mypy*x1,V-ruff*x1	none	no	0	none	none
docs/audit/logs/phaseA/valgrind.log	yes	yes (per PR description)	audit artefacts themselves: mypy/ruff/black on the drivers, headers and secrets gates on all	V-black*x1,V-gate*x61,V-mypy*x1,V-ruff*x1	none	no	0	none	none
docs/audit/logs/phaseF/gate-export-allowlist.log	yes	yes (per PR description)	audit artefacts themselves: mypy/ruff/black on the drivers, headers and secrets gates on all	V-black*x1,V-gate*x61,V-mypy*x1,V-ruff*x1	none	no	0	none	none
docs/audit/logs/phaseF/gate-stdlib-hash-boundary.log	yes	yes (per PR description)	audit artefacts themselves: mypy/ruff/black on the drivers, headers and secrets gates on all	V-black*x1,V-gate*x61,V-mypy*x1,V-ruff*x1	none	no	0	none	none
docs/audit/logs/phaseF/gate-vendor-isolation.log	yes	yes (per PR description)	audit artefacts themselves: mypy/ruff/black on the drivers, headers and secrets gates on all	V-black*x1,V-gate*x61,V-mypy*x1,V-ruff*x1	none	no	0	none	none
docs/audit/logs/phaseF/import-graph.log	yes	yes (per PR description)	audit artefacts themselves: mypy/ruff/black on the drivers, headers and secrets gates on all	V-black*x1,V-gate*x61,V-mypy*x1,V-ruff*x1	none	no	0	none	none
docs/audit/logs/phaseF/ldd-extensions.log	yes	yes (per PR description)	audit artefacts themselves: mypy/ruff/black on the drivers, headers and secrets gates on all	V-black*x1,V-gate*x61,V-mypy*x1,V-ruff*x1	none	no	0	none	none
docs/audit/logs/phaseF/ldd-libama.log	yes	yes (per PR description)	audit artefacts themselves: mypy/ruff/black on the drivers, headers and secrets gates on all	V-black*x1,V-gate*x61,V-mypy*x1,V-ruff*x1	none	no	0	none	none
docs/audit/logs/phaseF/nm-undef-extensions.log	yes	yes (per PR description)	audit artefacts themselves: mypy/ruff/black on the drivers, headers and secrets gates on all	V-black*x1,V-gate*x61,V-mypy*x1,V-ruff*x1	none	no	0	none	none
docs/audit/logs/phaseF/nm-undef-libama.log	yes	yes (per PR description)	audit artefacts themselves: mypy/ruff/black on the drivers, headers and secrets gates on all	V-black*x1,V-gate*x61,V-mypy*x1,V-ruff*x1	none	no	0	none	none
docs/audit/phaseA_probes.sh	yes	yes (per PR description)	shell entry points: header, line-ending and secrets gates; the workflow-command gate checks the steps that call them	V-black*x1,V-gate*x61,V-mypy*x1,V-ruff*x1	none	no	0	none	none
docs/audit/run_logged.sh	yes	yes (per PR description)	shell entry points: header, line-ending and secrets gates; the workflow-command gate checks the steps that call them	V-black*x1,V-gate*x61,V-mypy*x1,V-ruff*x1	none	no	0	none	none
docs/compliance/ACVP_SELF_ATTESTATION.md	yes	yes (per PR description)	documentation gates (reference integrity, documented counts, source paths, release state, headers) and Phase B claim reproductions	F-*x32,V-gate*x61	none	no	0	none	FINDING-0006
docs/compliance/CSRC_ALIGN_REPORT.md	yes	yes (per PR description)	documentation gates (reference integrity, documented counts, source paths, release state, headers) and Phase B claim reproductions	F-*x32,V-gate*x61	none	no	0	none	none
docs/compliance/acvp_attestation.json	yes	yes (per PR description)	generate_visuals --check (manifest against the tree), the ACVP/compliance gates, and Phase F acceptance runs	F-*x32,V-gate*x61	none	no	0	none	none
docs/compliance/sbom-c-library.json	yes	yes (per PR description)	generate_visuals --check (manifest against the tree), the ACVP/compliance gates, and Phase F acceptance runs	F-*x32,V-gate*x61	none	no	0	NC-43	none
docs/conf.py	yes	yes (per PR description)	documentation gates (reference integrity, documented counts, source paths, release state, headers) and Phase B claim reproductions	V-gate*x61	none	no	0	NC-26	none
docs/constant-time-testing.md	yes	yes (per PR description)	documentation gates (reference integrity, documented counts, source paths, release state, headers) and Phase B claim reproductions	V-gate*x61	none	no	0	none	none
docs/index.rst	yes	yes (per PR description)	documentation gates (reference integrity, documented counts, source paths, release state, headers) and Phase B claim reproductions	V-gate*x61	none	no	0	NC-21	none
examples/python/basic_usage.py	yes	yes (per PR description)	mypy --strict, ruff, black; the benchmark baseline files are read by the baseline-justification gate (NC-36)	V-black*x1,V-gate*x61,V-mypy*x1,V-pytest*x1,V-ruff*x1	none	no	0	none	none
examples/python/complete_demo.py	yes	yes (per PR description)	mypy --strict, ruff, black; the benchmark baseline files are read by the baseline-justification gate (NC-36)	V-black*x1,V-gate*x61,V-mypy*x1,V-pytest*x1,V-ruff*x1	none	no	0	none	none
examples/python/fastapi_integration.py	yes	yes (per PR description)	mypy --strict, ruff, black; the benchmark baseline files are read by the baseline-justification gate (NC-36)	V-black*x1,V-gate*x61,V-mypy*x1,V-pytest*x1,V-ruff*x1	none	no	0	none	none
examples/python/flask_integration.py	yes	yes (per PR description)	mypy --strict, ruff, black; the benchmark baseline files are read by the baseline-justification gate (NC-36)	V-black*x1,V-gate*x61,V-mypy*x1,V-pytest*x1,V-ruff*x1	none	no	0	none	none
fuzz/CMakeLists.txt	no	n/a (not in the PR diff)	libFuzzer build of every target, 60 s depth run per target, seed-corpus and dictionary loading, registration and reachability gates	V-gate*x61	none	no	0	none	none
fuzz/dictionaries/fuzz_aes_gcm.dict	no	n/a (not in the PR diff)	libFuzzer build of every target, 60 s depth run per target, seed-corpus and dictionary loading, registration and reachability gates	V-gate*x61	none	no	0	none	none
fuzz/dictionaries/fuzz_agent_binding.dict	no	n/a (not in the PR diff)	libFuzzer build of every target, 60 s depth run per target, seed-corpus and dictionary loading, registration and reachability gates	V-gate*x61	none	no	0	none	none
fuzz/dictionaries/fuzz_argon2.dict	no	n/a (not in the PR diff)	libFuzzer build of every target, 60 s depth run per target, seed-corpus and dictionary loading, registration and reachability gates	V-gate*x61	none	no	0	none	none
fuzz/dictionaries/fuzz_chacha20poly1305.dict	no	n/a (not in the PR diff)	libFuzzer build of every target, 60 s depth run per target, seed-corpus and dictionary loading, registration and reachability gates	V-gate*x61	none	no	0	none	none
fuzz/dictionaries/fuzz_consttime.dict	no	n/a (not in the PR diff)	libFuzzer build of every target, 60 s depth run per target, seed-corpus and dictionary loading, registration and reachability gates	V-gate*x61	none	no	0	none	none
fuzz/dictionaries/fuzz_dilithium.dict	no	n/a (not in the PR diff)	libFuzzer build of every target, 60 s depth run per target, seed-corpus and dictionary loading, registration and reachability gates	V-gate*x61	none	no	0	none	none
fuzz/dictionaries/fuzz_ed25519.dict	no	n/a (not in the PR diff)	libFuzzer build of every target, 60 s depth run per target, seed-corpus and dictionary loading, registration and reachability gates	V-gate*x61	none	no	0	none	none
fuzz/dictionaries/fuzz_hkdf.dict	no	n/a (not in the PR diff)	libFuzzer build of every target, 60 s depth run per target, seed-corpus and dictionary loading, registration and reachability gates	V-gate*x61	none	no	0	none	none
fuzz/dictionaries/fuzz_kyber.dict	no	n/a (not in the PR diff)	libFuzzer build of every target, 60 s depth run per target, seed-corpus and dictionary loading, registration and reachability gates	V-gate*x61	none	no	0	none	none
fuzz/dictionaries/fuzz_secp256k1.dict	no	n/a (not in the PR diff)	libFuzzer build of every target, 60 s depth run per target, seed-corpus and dictionary loading, registration and reachability gates	V-gate*x61	none	no	0	none	none
fuzz/dictionaries/fuzz_sha3.dict	no	n/a (not in the PR diff)	libFuzzer build of every target, 60 s depth run per target, seed-corpus and dictionary loading, registration and reachability gates	V-gate*x61	none	no	0	none	none
fuzz/dictionaries/fuzz_sphincs.dict	no	n/a (not in the PR diff)	libFuzzer build of every target, 60 s depth run per target, seed-corpus and dictionary loading, registration and reachability gates	V-gate*x61	none	no	0	none	none
fuzz/dictionaries/fuzz_x25519.dict	no	n/a (not in the PR diff)	libFuzzer build of every target, 60 s depth run per target, seed-corpus and dictionary loading, registration and reachability gates	V-gate*x61	none	no	0	none	none
fuzz/fuzz_aes_gcm.c	no	n/a (not in the PR diff)	libFuzzer build of every target, 60 s depth run per target, seed-corpus and dictionary loading, registration and reachability gates	V-gate*x61	PR394_FUZZ_DEPTH.tsv,PR394_FUZZ_DEPTH_O2G.tsv	no	0	none	none
fuzz/fuzz_agent_binding.c	no	n/a (not in the PR diff)	libFuzzer build of every target, 60 s depth run per target, seed-corpus and dictionary loading, registration and reachability gates	V-gate*x61	PR394_FUZZ_DEPTH.tsv,PR394_FUZZ_DEPTH_O2G.tsv	no	0	none	none
fuzz/fuzz_argon2.c	no	n/a (not in the PR diff)	libFuzzer build of every target, 60 s depth run per target, seed-corpus and dictionary loading, registration and reachability gates	V-gate*x61	PR394_FUZZ_DEPTH.tsv,PR394_FUZZ_DEPTH_O2G.tsv	no	0	none	none
fuzz/fuzz_ascon.c	no	n/a (not in the PR diff)	libFuzzer build of every target, 60 s depth run per target, seed-corpus and dictionary loading, registration and reachability gates	V-gate*x61	PR394_FUZZ_DEPTH.tsv,PR394_FUZZ_DEPTH_O2G.tsv	no	0	none	none
fuzz/fuzz_chacha20poly1305.c	no	n/a (not in the PR diff)	libFuzzer build of every target, 60 s depth run per target, seed-corpus and dictionary loading, registration and reachability gates	V-gate*x61	PR394_FUZZ_DEPTH.tsv,PR394_FUZZ_DEPTH_O2G.tsv	no	0	none	none
fuzz/fuzz_consttime.c	no	n/a (not in the PR diff)	libFuzzer build of every target, 60 s depth run per target, seed-corpus and dictionary loading, registration and reachability gates	V-gate*x61	PR394_FUZZ_DEPTH.tsv,PR394_FUZZ_DEPTH_O2G.tsv	no	0	none	none
fuzz/fuzz_dilithium.c	no	n/a (not in the PR diff)	libFuzzer build of every target, 60 s depth run per target, seed-corpus and dictionary loading, registration and reachability gates	V-gate*x61	PR394_FUZZ_DEPTH.tsv,PR394_FUZZ_DEPTH_O2G.tsv	no	0	none	none
fuzz/fuzz_ed25519.c	no	n/a (not in the PR diff)	libFuzzer build of every target, 60 s depth run per target, seed-corpus and dictionary loading, registration and reachability gates	V-gate*x61	PR394_FUZZ_DEPTH.tsv,PR394_FUZZ_DEPTH_O2G.tsv	no	0	none	none
fuzz/fuzz_frost.c	no	n/a (not in the PR diff)	libFuzzer build of every target, 60 s depth run per target, seed-corpus and dictionary loading, registration and reachability gates	V-gate*x61	PR394_FUZZ_DEPTH.tsv,PR394_FUZZ_DEPTH_O2G.tsv	no	0	none	none
fuzz/fuzz_hkdf.c	no	n/a (not in the PR diff)	libFuzzer build of every target, 60 s depth run per target, seed-corpus and dictionary loading, registration and reachability gates	V-gate*x61	PR394_FUZZ_DEPTH.tsv,PR394_FUZZ_DEPTH_O2G.tsv	no	0	none	none
fuzz/fuzz_kyber.c	yes	yes (per PR description)	libFuzzer build of every target, 60 s depth run per target, seed-corpus and dictionary loading, registration and reachability gates	V-gate*x61	PR394_FUZZ_DEPTH.tsv,PR394_FUZZ_DEPTH_O2G.tsv	no	0	none	none
fuzz/fuzz_rng.c	no	n/a (not in the PR diff)	libFuzzer build of every target, 60 s depth run per target, seed-corpus and dictionary loading, registration and reachability gates	V-gate*x61	none	no	0	none	none
fuzz/fuzz_rng.h	no	n/a (not in the PR diff)	libFuzzer build of every target, 60 s depth run per target, seed-corpus and dictionary loading, registration and reachability gates	V-gate*x61	none	no	0	none	none
fuzz/fuzz_secp256k1.c	no	n/a (not in the PR diff)	libFuzzer build of every target, 60 s depth run per target, seed-corpus and dictionary loading, registration and reachability gates	V-gate*x61	PR394_FUZZ_DEPTH.tsv,PR394_FUZZ_DEPTH_O2G.tsv	no	0	none	none
fuzz/fuzz_sha3.c	no	n/a (not in the PR diff)	libFuzzer build of every target, 60 s depth run per target, seed-corpus and dictionary loading, registration and reachability gates	V-gate*x61	PR394_FUZZ_DEPTH.tsv,PR394_FUZZ_DEPTH_O2G.tsv	no	0	none	none
fuzz/fuzz_sphincs.c	no	n/a (not in the PR diff)	libFuzzer build of every target, 60 s depth run per target, seed-corpus and dictionary loading, registration and reachability gates	V-gate*x61	PR394_FUZZ_DEPTH.tsv,PR394_FUZZ_DEPTH_O2G.tsv	no	0	none	none
fuzz/fuzz_x25519.c	no	n/a (not in the PR diff)	libFuzzer build of every target, 60 s depth run per target, seed-corpus and dictionary loading, registration and reachability gates	V-gate*x61	PR394_FUZZ_DEPTH.tsv,PR394_FUZZ_DEPTH_O2G.tsv	no	0	none	none
fuzz/python/fuzz_key_formats.py	yes	yes (per PR description)	libFuzzer build of every target, 60 s depth run per target, seed-corpus and dictionary loading, registration and reachability gates	V-gate*x61	none	no	0	none	none
fuzz/seed_corpus/fuzz_aes_gcm/0493e28fca2db316dcfabc0ca7fd0fa4bc743ae7	yes	yes (per PR description)	libFuzzer build of every target, 60 s depth run per target, seed-corpus and dictionary loading, registration and reachability gates	V-gate*x61	PR394_FUZZ_DEPTH.tsv,PR394_FUZZ_DEPTH_O2G.tsv	no	0	none	none
fuzz/seed_corpus/fuzz_aes_gcm/10a5f72e376893da58b90ba36fa1a668558b2dc4	yes	yes (per PR description)	libFuzzer build of every target, 60 s depth run per target, seed-corpus and dictionary loading, registration and reachability gates	V-gate*x61	PR394_FUZZ_DEPTH.tsv,PR394_FUZZ_DEPTH_O2G.tsv	no	0	none	none
fuzz/seed_corpus/fuzz_aes_gcm/156701f5a56c2f5c70cc356c4305d502ec773fc3	yes	yes (per PR description)	libFuzzer build of every target, 60 s depth run per target, seed-corpus and dictionary loading, registration and reachability gates	V-gate*x61	PR394_FUZZ_DEPTH.tsv,PR394_FUZZ_DEPTH_O2G.tsv	no	0	none	none
fuzz/seed_corpus/fuzz_aes_gcm/1723c54843947120a610599588c54412f3dda098	yes	yes (per PR description)	libFuzzer build of every target, 60 s depth run per target, seed-corpus and dictionary loading, registration and reachability gates	V-gate*x61	PR394_FUZZ_DEPTH.tsv,PR394_FUZZ_DEPTH_O2G.tsv	no	0	none	none
fuzz/seed_corpus/fuzz_aes_gcm/1872d4d6548e7221543d53f2d531e3d10e4ec3af	yes	yes (per PR description)	libFuzzer build of every target, 60 s depth run per target, seed-corpus and dictionary loading, registration and reachability gates	V-gate*x61	PR394_FUZZ_DEPTH.tsv,PR394_FUZZ_DEPTH_O2G.tsv	no	0	none	none
fuzz/seed_corpus/fuzz_aes_gcm/1d185fb1741e2a9628c06b98ee1a5f7f95f5aa0c	yes	yes (per PR description)	libFuzzer build of every target, 60 s depth run per target, seed-corpus and dictionary loading, registration and reachability gates	V-gate*x61	PR394_FUZZ_DEPTH.tsv,PR394_FUZZ_DEPTH_O2G.tsv	no	0	none	none
fuzz/seed_corpus/fuzz_aes_gcm/251570d19705e149ec43c972de12d4333c6d5161	yes	yes (per PR description)	libFuzzer build of every target, 60 s depth run per target, seed-corpus and dictionary loading, registration and reachability gates	V-gate*x61	PR394_FUZZ_DEPTH.tsv,PR394_FUZZ_DEPTH_O2G.tsv	no	0	none	none
fuzz/seed_corpus/fuzz_aes_gcm/25700528772750934939a956ca1a0eb61fd1b031	yes	yes (per PR description)	libFuzzer build of every target, 60 s depth run per target, seed-corpus and dictionary loading, registration and reachability gates	V-gate*x61	PR394_FUZZ_DEPTH.tsv,PR394_FUZZ_DEPTH_O2G.tsv	no	0	none	none
fuzz/seed_corpus/fuzz_aes_gcm/27aa2afdbe8946c5e7ba485bacaaf99262ad7376	yes	yes (per PR description)	libFuzzer build of every target, 60 s depth run per target, seed-corpus and dictionary loading, registration and reachability gates	V-gate*x61	PR394_FUZZ_DEPTH.tsv,PR394_FUZZ_DEPTH_O2G.tsv	no	0	none	none
fuzz/seed_corpus/fuzz_aes_gcm/2843fc94b2ff18d8483564a9c6abd3b3ee4b4b40	yes	yes (per PR description)	libFuzzer build of every target, 60 s depth run per target, seed-corpus and dictionary loading, registration and reachability gates	V-gate*x61	PR394_FUZZ_DEPTH.tsv,PR394_FUZZ_DEPTH_O2G.tsv	no	0	none	none
fuzz/seed_corpus/fuzz_aes_gcm/2857e10e3c3ddc3d035b937a803c2c84460ab8ce	yes	yes (per PR description)	libFuzzer build of every target, 60 s depth run per target, seed-corpus and dictionary loading, registration and reachability gates	V-gate*x61	PR394_FUZZ_DEPTH.tsv,PR394_FUZZ_DEPTH_O2G.tsv	no	0	none	none
fuzz/seed_corpus/fuzz_aes_gcm/290d2c79eb7fe08bf49be9f026f8080cb2d3e29e	yes	yes (per PR description)	libFuzzer build of every target, 60 s depth run per target, seed-corpus and dictionary loading, registration and reachability gates	V-gate*x61	PR394_FUZZ_DEPTH.tsv,PR394_FUZZ_DEPTH_O2G.tsv	no	0	none	none
fuzz/seed_corpus/fuzz_aes_gcm/29910c16de1fd2e46a942469451434fec0e5dd72	yes	yes (per PR description)	libFuzzer build of every target, 60 s depth run per target, seed-corpus and dictionary loading, registration and reachability gates	V-gate*x61	PR394_FUZZ_DEPTH.tsv,PR394_FUZZ_DEPTH_O2G.tsv	no	0	none	none
fuzz/seed_corpus/fuzz_aes_gcm/2c35c7359ce57292218c7fee3b98754679a3173d	yes	yes (per PR description)	libFuzzer build of every target, 60 s depth run per target, seed-corpus and dictionary loading, registration and reachability gates	V-gate*x61	PR394_FUZZ_DEPTH.tsv,PR394_FUZZ_DEPTH_O2G.tsv	no	0	none	none
fuzz/seed_corpus/fuzz_aes_gcm/3d22ad9f19b8ccb99ba5f3dd841632ec773cb333	yes	yes (per PR description)	libFuzzer build of every target, 60 s depth run per target, seed-corpus and dictionary loading, registration and reachability gates	V-gate*x61	PR394_FUZZ_DEPTH.tsv,PR394_FUZZ_DEPTH_O2G.tsv	no	0	none	none
fuzz/seed_corpus/fuzz_aes_gcm/42e197da7cec118e234f3e9ef41590c76396f9d1	yes	yes (per PR description)	libFuzzer build of every target, 60 s depth run per target, seed-corpus and dictionary loading, registration and reachability gates	V-gate*x61	PR394_FUZZ_DEPTH.tsv,PR394_FUZZ_DEPTH_O2G.tsv	no	0	none	none
fuzz/seed_corpus/fuzz_aes_gcm/49ede35499d4baa4e6e35cf6f4b71b1c0130a638	yes	yes (per PR description)	libFuzzer build of every target, 60 s depth run per target, seed-corpus and dictionary loading, registration and reachability gates	V-gate*x61	PR394_FUZZ_DEPTH.tsv,PR394_FUZZ_DEPTH_O2G.tsv	no	0	none	none
fuzz/seed_corpus/fuzz_aes_gcm/4a8d9cb2801235ee3f4b6238beb54c4a120d5e9c	yes	yes (per PR description)	libFuzzer build of every target, 60 s depth run per target, seed-corpus and dictionary loading, registration and reachability gates	V-gate*x61	PR394_FUZZ_DEPTH.tsv,PR394_FUZZ_DEPTH_O2G.tsv	no	0	none	none
fuzz/seed_corpus/fuzz_aes_gcm/4e50ea3e67d15b4c1dc24cffa00bf534a55bee2f	yes	yes (per PR description)	libFuzzer build of every target, 60 s depth run per target, seed-corpus and dictionary loading, registration and reachability gates	V-gate*x61	PR394_FUZZ_DEPTH.tsv,PR394_FUZZ_DEPTH_O2G.tsv	no	0	none	none
fuzz/seed_corpus/fuzz_aes_gcm/5ba93c9db0cff93f52b521d7420e43f6eda2784f	yes	yes (per PR description)	libFuzzer build of every target, 60 s depth run per target, seed-corpus and dictionary loading, registration and reachability gates	V-gate*x61	PR394_FUZZ_DEPTH.tsv,PR394_FUZZ_DEPTH_O2G.tsv	no	0	none	none
fuzz/seed_corpus/fuzz_aes_gcm/5c37c066993abd9cd426cbfb8597c06565dea22a	yes	yes (per PR description)	libFuzzer build of every target, 60 s depth run per target, seed-corpus and dictionary loading, registration and reachability gates	V-gate*x61	PR394_FUZZ_DEPTH.tsv,PR394_FUZZ_DEPTH_O2G.tsv	no	0	none	none
fuzz/seed_corpus/fuzz_aes_gcm/67a6cea92c2d5bc612d8c7c50865d9d1d68cb95b	yes	yes (per PR description)	libFuzzer build of every target, 60 s depth run per target, seed-corpus and dictionary loading, registration and reachability gates	V-gate*x61	PR394_FUZZ_DEPTH.tsv,PR394_FUZZ_DEPTH_O2G.tsv	no	0	none	none
fuzz/seed_corpus/fuzz_aes_gcm/69234c87a5e227be73b8a1cb394303e460bc6240	yes	yes (per PR description)	libFuzzer build of every target, 60 s depth run per target, seed-corpus and dictionary loading, registration and reachability gates	V-gate*x61	PR394_FUZZ_DEPTH.tsv,PR394_FUZZ_DEPTH_O2G.tsv	no	0	none	none
fuzz/seed_corpus/fuzz_aes_gcm/7458666c961d1dd112eee3cad241711eeaa3377e	yes	yes (per PR description)	libFuzzer build of every target, 60 s depth run per target, seed-corpus and dictionary loading, registration and reachability gates	V-gate*x61	PR394_FUZZ_DEPTH.tsv,PR394_FUZZ_DEPTH_O2G.tsv	no	0	none	none
fuzz/seed_corpus/fuzz_aes_gcm/7c5d2f34394bfdc340c86b3e903b1589ec97343a	yes	yes (per PR description)	libFuzzer build of every target, 60 s depth run per target, seed-corpus and dictionary loading, registration and reachability gates	V-gate*x61	PR394_FUZZ_DEPTH.tsv,PR394_FUZZ_DEPTH_O2G.tsv	no	0	none	none
fuzz/seed_corpus/fuzz_aes_gcm/7cb000083c64fdb4c261c35c16d4e97801633950	yes	yes (per PR description)	libFuzzer build of every target, 60 s depth run per target, seed-corpus and dictionary loading, registration and reachability gates	V-gate*x61	PR394_FUZZ_DEPTH.tsv,PR394_FUZZ_DEPTH_O2G.tsv	no	0	none	none
fuzz/seed_corpus/fuzz_aes_gcm/820df8887f51b05c64f78d2c11331ac212ee6c00	yes	yes (per PR description)	libFuzzer build of every target, 60 s depth run per target, seed-corpus and dictionary loading, registration and reachability gates	V-gate*x61	PR394_FUZZ_DEPTH.tsv,PR394_FUZZ_DEPTH_O2G.tsv	no	0	none	none
fuzz/seed_corpus/fuzz_aes_gcm/82c9dd8d74dc0504fd6c0795f5f53447e40f7dc8	yes	yes (per PR description)	libFuzzer build of every target, 60 s depth run per target, seed-corpus and dictionary loading, registration and reachability gates	V-gate*x61	PR394_FUZZ_DEPTH.tsv,PR394_FUZZ_DEPTH_O2G.tsv	no	0	none	none
fuzz/seed_corpus/fuzz_aes_gcm/8423f5a45a72c4f9c2ba790fd0ffd7a7976573b3	yes	yes (per PR description)	libFuzzer build of every target, 60 s depth run per target, seed-corpus and dictionary loading, registration and reachability gates	V-gate*x61	PR394_FUZZ_DEPTH.tsv,PR394_FUZZ_DEPTH_O2G.tsv	no	0	none	none
fuzz/seed_corpus/fuzz_aes_gcm/8d276e3d0c227d2b54863a1d2c8c3eb5fc0a5c48	yes	yes (per PR description)	libFuzzer build of every target, 60 s depth run per target, seed-corpus and dictionary loading, registration and reachability gates	V-gate*x61	PR394_FUZZ_DEPTH.tsv,PR394_FUZZ_DEPTH_O2G.tsv	no	0	none	none
fuzz/seed_corpus/fuzz_aes_gcm/96883d96fa0ba5d17cbc4155c418ef97d443b45a	yes	yes (per PR description)	libFuzzer build of every target, 60 s depth run per target, seed-corpus and dictionary loading, registration and reachability gates	V-gate*x61	PR394_FUZZ_DEPTH.tsv,PR394_FUZZ_DEPTH_O2G.tsv	no	0	none	none
fuzz/seed_corpus/fuzz_aes_gcm/96a41e0d89a22778222513a39ca6e1c9409a91c8	yes	yes (per PR description)	libFuzzer build of every target, 60 s depth run per target, seed-corpus and dictionary loading, registration and reachability gates	V-gate*x61	PR394_FUZZ_DEPTH.tsv,PR394_FUZZ_DEPTH_O2G.tsv	no	0	none	none
fuzz/seed_corpus/fuzz_aes_gcm/9e7331bcb30ec226b940215ed86935b0f82c2aae	yes	yes (per PR description)	libFuzzer build of every target, 60 s depth run per target, seed-corpus and dictionary loading, registration and reachability gates	V-gate*x61	PR394_FUZZ_DEPTH.tsv,PR394_FUZZ_DEPTH_O2G.tsv	no	0	none	none
fuzz/seed_corpus/fuzz_aes_gcm/a5baa5d02959636be791f538e3b3539d73306bf2	yes	yes (per PR description)	libFuzzer build of every target, 60 s depth run per target, seed-corpus and dictionary loading, registration and reachability gates	V-gate*x61	PR394_FUZZ_DEPTH.tsv,PR394_FUZZ_DEPTH_O2G.tsv	no	0	none	none
fuzz/seed_corpus/fuzz_aes_gcm/a78095669689d366afd5dfafabe187c8d8bb6f49	yes	yes (per PR description)	libFuzzer build of every target, 60 s depth run per target, seed-corpus and dictionary loading, registration and reachability gates	V-gate*x61	PR394_FUZZ_DEPTH.tsv,PR394_FUZZ_DEPTH_O2G.tsv	no	0	none	none
fuzz/seed_corpus/fuzz_aes_gcm/aa9ed74da8276af76eaac612eed563f8d86a8d3c	yes	yes (per PR description)	libFuzzer build of every target, 60 s depth run per target, seed-corpus and dictionary loading, registration and reachability gates	V-gate*x61	PR394_FUZZ_DEPTH.tsv,PR394_FUZZ_DEPTH_O2G.tsv	no	0	none	none
fuzz/seed_corpus/fuzz_aes_gcm/b2527229d9ddbab480683d2515e471ddcb44ad18	yes	yes (per PR description)	libFuzzer build of every target, 60 s depth run per target, seed-corpus and dictionary loading, registration and reachability gates	V-gate*x61	PR394_FUZZ_DEPTH.tsv,PR394_FUZZ_DEPTH_O2G.tsv	no	0	none	none
fuzz/seed_corpus/fuzz_aes_gcm/b7b006cf3c4493e711b1fc23344b00da64965beb	yes	yes (per PR description)	libFuzzer build of every target, 60 s depth run per target, seed-corpus and dictionary loading, registration and reachability gates	V-gate*x61	PR394_FUZZ_DEPTH.tsv,PR394_FUZZ_DEPTH_O2G.tsv	no	0	none	none
fuzz/seed_corpus/fuzz_aes_gcm/bd8fb6c98ce105a9066dc667654a2abd9c6fb56c	yes	yes (per PR description)	libFuzzer build of every target, 60 s depth run per target, seed-corpus and dictionary loading, registration and reachability gates	V-gate*x61	PR394_FUZZ_DEPTH.tsv,PR394_FUZZ_DEPTH_O2G.tsv	no	0	none	none
fuzz/seed_corpus/fuzz_aes_gcm/be9c0b6c1875854db9e4ab12a05e7ec8906d4916	yes	yes (per PR description)	libFuzzer build of every target, 60 s depth run per target, seed-corpus and dictionary loading, registration and reachability gates	V-gate*x61	PR394_FUZZ_DEPTH.tsv,PR394_FUZZ_DEPTH_O2G.tsv	no	0	none	none
fuzz/seed_corpus/fuzz_aes_gcm/c164ee93ea3e4b4d00828932be08271e6fc4285f	yes	yes (per PR description)	libFuzzer build of every target, 60 s depth run per target, seed-corpus and dictionary loading, registration and reachability gates	V-gate*x61	PR394_FUZZ_DEPTH.tsv,PR394_FUZZ_DEPTH_O2G.tsv	no	0	none	none
fuzz/seed_corpus/fuzz_aes_gcm/c552e11dd76f81d67a447ce42e33331f677e400b	yes	yes (per PR description)	libFuzzer build of every target, 60 s depth run per target, seed-corpus and dictionary loading, registration and reachability gates	V-gate*x61	PR394_FUZZ_DEPTH.tsv,PR394_FUZZ_DEPTH_O2G.tsv	no	0	none	none
fuzz/seed_corpus/fuzz_aes_gcm/c618f23372ad7194651a52eaf3dec6f620b62b3e	yes	yes (per PR description)	libFuzzer build of every target, 60 s depth run per target, seed-corpus and dictionary loading, registration and reachability gates	V-gate*x61	PR394_FUZZ_DEPTH.tsv,PR394_FUZZ_DEPTH_O2G.tsv	no	0	none	none
fuzz/seed_corpus/fuzz_aes_gcm/ce9c94bf664a0d52891d0e3ff0d30d371c956036	yes	yes (per PR description)	libFuzzer build of every target, 60 s depth run per target, seed-corpus and dictionary loading, registration and reachability gates	V-gate*x61	PR394_FUZZ_DEPTH.tsv,PR394_FUZZ_DEPTH_O2G.tsv	no	0	none	none
fuzz/seed_corpus/fuzz_aes_gcm/cf96aff3a802f2481bea7175773eba7cbeeae056	yes	yes (per PR description)	libFuzzer build of every target, 60 s depth run per target, seed-corpus and dictionary loading, registration and reachability gates	V-gate*x61	PR394_FUZZ_DEPTH.tsv,PR394_FUZZ_DEPTH_O2G.tsv	no	0	none	none
fuzz/seed_corpus/fuzz_aes_gcm/de3d947aa75eb6d94499bb601ce5eec486d04067	yes	yes (per PR description)	libFuzzer build of every target, 60 s depth run per target, seed-corpus and dictionary loading, registration and reachability gates	V-gate*x61	PR394_FUZZ_DEPTH.tsv,PR394_FUZZ_DEPTH_O2G.tsv	no	0	none	none
fuzz/seed_corpus/fuzz_aes_gcm/e2a09d505654a0ed5169b6b16491f77ecca19c5a	yes	yes (per PR description)	libFuzzer build of every target, 60 s depth run per target, seed-corpus and dictionary loading, registration and reachability gates	V-gate*x61	PR394_FUZZ_DEPTH.tsv,PR394_FUZZ_DEPTH_O2G.tsv	no	0	none	none
fuzz/seed_corpus/fuzz_aes_gcm/eb4c4f81a1691e772eaaceb6f7aab2d9d75b96b9	yes	yes (per PR description)	libFuzzer build of every target, 60 s depth run per target, seed-corpus and dictionary loading, registration and reachability gates	V-gate*x61	PR394_FUZZ_DEPTH.tsv,PR394_FUZZ_DEPTH_O2G.tsv	no	0	none	none
fuzz/seed_corpus/fuzz_aes_gcm/ec3747ce66762ba208291373b1c8559e19d10fad	yes	yes (per PR description)	libFuzzer build of every target, 60 s depth run per target, seed-corpus and dictionary loading, registration and reachability gates	V-gate*x61	PR394_FUZZ_DEPTH.tsv,PR394_FUZZ_DEPTH_O2G.tsv	no	0	none	none
fuzz/seed_corpus/fuzz_aes_gcm/ee74de236e36db09803260e7a9c1989dc45c8759	yes	yes (per PR description)	libFuzzer build of every target, 60 s depth run per target, seed-corpus and dictionary loading, registration and reachability gates	V-gate*x61	PR394_FUZZ_DEPTH.tsv,PR394_FUZZ_DEPTH_O2G.tsv	no	0	none	none
fuzz/seed_corpus/fuzz_aes_gcm/eeaedc740fb93b1a7cfd8115cd1268db2aff1d6c	yes	yes (per PR description)	libFuzzer build of every target, 60 s depth run per target, seed-corpus and dictionary loading, registration and reachability gates	V-gate*x61	PR394_FUZZ_DEPTH.tsv,PR394_FUZZ_DEPTH_O2G.tsv	no	0	none	none
fuzz/seed_corpus/fuzz_aes_gcm/f28e56098c343772633d7d0db23c6e642aace4aa	yes	yes (per PR description)	libFuzzer build of every target, 60 s depth run per target, seed-corpus and dictionary loading, registration and reachability gates	V-gate*x61	PR394_FUZZ_DEPTH.tsv,PR394_FUZZ_DEPTH_O2G.tsv	no	0	none	none
fuzz/seed_corpus/fuzz_aes_gcm/f4d885705af2cf53e80ecdb1296c3f837885f0d8	yes	yes (per PR description)	libFuzzer build of every target, 60 s depth run per target, seed-corpus and dictionary loading, registration and reachability gates	V-gate*x61	PR394_FUZZ_DEPTH.tsv,PR394_FUZZ_DEPTH_O2G.tsv	no	0	none	none
fuzz/seed_corpus/fuzz_aes_gcm/f9c456791817a1f655aa198de8e14cd730a128e0	yes	yes (per PR description)	libFuzzer build of every target, 60 s depth run per target, seed-corpus and dictionary loading, registration and reachability gates	V-gate*x61	PR394_FUZZ_DEPTH.tsv,PR394_FUZZ_DEPTH_O2G.tsv	no	0	none	none
fuzz/seed_corpus/fuzz_aes_gcm/fade7115eedd67f0bed7588303bbe5a98f7339c3	yes	yes (per PR description)	libFuzzer build of every target, 60 s depth run per target, seed-corpus and dictionary loading, registration and reachability gates	V-gate*x61	PR394_FUZZ_DEPTH.tsv,PR394_FUZZ_DEPTH_O2G.tsv	no	0	none	none
fuzz/seed_corpus/fuzz_aes_gcm/fc5dbb5a8d678df187c1530433697e20beaf1e94	yes	yes (per PR description)	libFuzzer build of every target, 60 s depth run per target, seed-corpus and dictionary loading, registration and reachability gates	V-gate*x61	PR394_FUZZ_DEPTH.tsv,PR394_FUZZ_DEPTH_O2G.tsv	no	0	none	none
fuzz/seed_corpus/fuzz_aes_gcm/minimal_input	no	n/a (not in the PR diff)	libFuzzer build of every target, 60 s depth run per target, seed-corpus and dictionary loading, registration and reachability gates	V-gate*x61	PR394_FUZZ_DEPTH.tsv,PR394_FUZZ_DEPTH_O2G.tsv	no	0	none	none
fuzz/seed_corpus/fuzz_aes_gcm/random_input	no	n/a (not in the PR diff)	libFuzzer build of every target, 60 s depth run per target, seed-corpus and dictionary loading, registration and reachability gates	V-gate*x61	PR394_FUZZ_DEPTH.tsv,PR394_FUZZ_DEPTH_O2G.tsv	no	0	none	none
fuzz/seed_corpus/fuzz_agent_binding/04ba8c30cafab85aed560ec8329d00338ba04c4d	yes	yes (per PR description)	libFuzzer build of every target, 60 s depth run per target, seed-corpus and dictionary loading, registration and reachability gates	V-gate*x61	PR394_FUZZ_DEPTH.tsv,PR394_FUZZ_DEPTH_O2G.tsv	no	0	none	none
fuzz/seed_corpus/fuzz_agent_binding/0d624891031ef4da2dc7e208fa0b9fd4f46e59d0	yes	yes (per PR description)	libFuzzer build of every target, 60 s depth run per target, seed-corpus and dictionary loading, registration and reachability gates	V-gate*x61	PR394_FUZZ_DEPTH.tsv,PR394_FUZZ_DEPTH_O2G.tsv	no	0	none	none
fuzz/seed_corpus/fuzz_agent_binding/15dd81b23d157bab6b353799b26263a33b7afec7	yes	yes (per PR description)	libFuzzer build of every target, 60 s depth run per target, seed-corpus and dictionary loading, registration and reachability gates	V-gate*x61	PR394_FUZZ_DEPTH.tsv,PR394_FUZZ_DEPTH_O2G.tsv	no	0	none	none
fuzz/seed_corpus/fuzz_agent_binding/1668e0551df7dc5a03f3d268fcc4a26c17829fb6	yes	yes (per PR description)	libFuzzer build of every target, 60 s depth run per target, seed-corpus and dictionary loading, registration and reachability gates	V-gate*x61	PR394_FUZZ_DEPTH.tsv,PR394_FUZZ_DEPTH_O2G.tsv	no	0	none	none
fuzz/seed_corpus/fuzz_agent_binding/1a41752f56a6ac742dc1e9b61c657eede30495cd	yes	yes (per PR description)	libFuzzer build of every target, 60 s depth run per target, seed-corpus and dictionary loading, registration and reachability gates	V-gate*x61	PR394_FUZZ_DEPTH.tsv,PR394_FUZZ_DEPTH_O2G.tsv	no	0	none	none
fuzz/seed_corpus/fuzz_agent_binding/1ebf613a7340e7a55b60cabd0b45a4a016d50ba8	yes	yes (per PR description)	libFuzzer build of every target, 60 s depth run per target, seed-corpus and dictionary loading, registration and reachability gates	V-gate*x61	PR394_FUZZ_DEPTH.tsv,PR394_FUZZ_DEPTH_O2G.tsv	no	0	none	none
fuzz/seed_corpus/fuzz_agent_binding/1f80421d3d647f9155d9f7be31fc5fb88ac45463	yes	yes (per PR description)	libFuzzer build of every target, 60 s depth run per target, seed-corpus and dictionary loading, registration and reachability gates	V-gate*x61	PR394_FUZZ_DEPTH.tsv,PR394_FUZZ_DEPTH_O2G.tsv	no	0	none	none
fuzz/seed_corpus/fuzz_agent_binding/2b3a8d2adb39393de1de314df81b76a54e618c1d	yes	yes (per PR description)	libFuzzer build of every target, 60 s depth run per target, seed-corpus and dictionary loading, registration and reachability gates	V-gate*x61	PR394_FUZZ_DEPTH.tsv,PR394_FUZZ_DEPTH_O2G.tsv	no	0	none	none
fuzz/seed_corpus/fuzz_agent_binding/2d4b105b408f391e7d0413e807b29660f6b3f971	yes	yes (per PR description)	libFuzzer build of every target, 60 s depth run per target, seed-corpus and dictionary loading, registration and reachability gates	V-gate*x61	PR394_FUZZ_DEPTH.tsv,PR394_FUZZ_DEPTH_O2G.tsv	no	0	none	none
fuzz/seed_corpus/fuzz_agent_binding/2d7c6b1f59ff6d0eb8836f54a2c0c62801ea7b9f	yes	yes (per PR description)	libFuzzer build of every target, 60 s depth run per target, seed-corpus and dictionary loading, registration and reachability gates	V-gate*x61	PR394_FUZZ_DEPTH.tsv,PR394_FUZZ_DEPTH_O2G.tsv	no	0	none	none
fuzz/seed_corpus/fuzz_agent_binding/2dda9bbdcd9d4df715826bb776c829264988460d	yes	yes (per PR description)	libFuzzer build of every target, 60 s depth run per target, seed-corpus and dictionary loading, registration and reachability gates	V-gate*x61	PR394_FUZZ_DEPTH.tsv,PR394_FUZZ_DEPTH_O2G.tsv	no	0	none	none
fuzz/seed_corpus/fuzz_agent_binding/2f920eb1fcfb7d9de77433d091aa43cdf936df45	yes	yes (per PR description)	libFuzzer build of every target, 60 s depth run per target, seed-corpus and dictionary loading, registration and reachability gates	V-gate*x61	PR394_FUZZ_DEPTH.tsv,PR394_FUZZ_DEPTH_O2G.tsv	no	0	none	none
fuzz/seed_corpus/fuzz_agent_binding/3027a74146a2b53fdf233e060c84f9b352f51bdc	yes	yes (per PR description)	libFuzzer build of every target, 60 s depth run per target, seed-corpus and dictionary loading, registration and reachability gates	V-gate*x61	PR394_FUZZ_DEPTH.tsv,PR394_FUZZ_DEPTH_O2G.tsv	no	0	none	none
fuzz/seed_corpus/fuzz_agent_binding/30e078d1b6019e4559798752bd6d6d4fb7f56dc3	yes	yes (per PR description)	libFuzzer build of every target, 60 s depth run per target, seed-corpus and dictionary loading, registration and reachability gates	V-gate*x61	PR394_FUZZ_DEPTH.tsv,PR394_FUZZ_DEPTH_O2G.tsv	no	0	none	none
fuzz/seed_corpus/fuzz_agent_binding/316bd503f51c1352c1a10ee02219f0b207af01d7	yes	yes (per PR description)	libFuzzer build of every target, 60 s depth run per target, seed-corpus and dictionary loading, registration and reachability gates	V-gate*x61	PR394_FUZZ_DEPTH.tsv,PR394_FUZZ_DEPTH_O2G.tsv	no	0	none	none
fuzz/seed_corpus/fuzz_agent_binding/389492406e1ce3b0eb6d3945e7749d177c95e95c	yes	yes (per PR description)	libFuzzer build of every target, 60 s depth run per target, seed-corpus and dictionary loading, registration and reachability gates	V-gate*x61	PR394_FUZZ_DEPTH.tsv,PR394_FUZZ_DEPTH_O2G.tsv	no	0	none	none
fuzz/seed_corpus/fuzz_agent_binding/415fdca25e3a536578eab7f97f4daf34c184e62b	yes	yes (per PR description)	libFuzzer build of every target, 60 s depth run per target, seed-corpus and dictionary loading, registration and reachability gates	V-gate*x61	PR394_FUZZ_DEPTH.tsv,PR394_FUZZ_DEPTH_O2G.tsv	no	0	none	none
fuzz/seed_corpus/fuzz_agent_binding/4602cb6752f911156ed34291f5d9d205f0a46b6e	yes	yes (per PR description)	libFuzzer build of every target, 60 s depth run per target, seed-corpus and dictionary loading, registration and reachability gates	V-gate*x61	PR394_FUZZ_DEPTH.tsv,PR394_FUZZ_DEPTH_O2G.tsv	no	0	none	none
fuzz/seed_corpus/fuzz_agent_binding/4d71de87852503f5232688a68b2ac2bacb68eb68	yes	yes (per PR description)	libFuzzer build of every target, 60 s depth run per target, seed-corpus and dictionary loading, registration and reachability gates	V-gate*x61	PR394_FUZZ_DEPTH.tsv,PR394_FUZZ_DEPTH_O2G.tsv	no	0	none	none
fuzz/seed_corpus/fuzz_agent_binding/516b9783fca517eecbd1d064da2d165310b19759	yes	yes (per PR description)	libFuzzer build of every target, 60 s depth run per target, seed-corpus and dictionary loading, registration and reachability gates	V-gate*x61	PR394_FUZZ_DEPTH.tsv,PR394_FUZZ_DEPTH_O2G.tsv	no	0	none	none
fuzz/seed_corpus/fuzz_agent_binding/518cc98c03c6054903d183135c300a02054cbc9d	yes	yes (per PR description)	libFuzzer build of every target, 60 s depth run per target, seed-corpus and dictionary loading, registration and reachability gates	V-gate*x61	PR394_FUZZ_DEPTH.tsv,PR394_FUZZ_DEPTH_O2G.tsv	no	0	none	none
fuzz/seed_corpus/fuzz_agent_binding/5541b8a678fa0be6b67d725096ef497e50514e38	yes	yes (per PR description)	libFuzzer build of every target, 60 s depth run per target, seed-corpus and dictionary loading, registration and reachability gates	V-gate*x61	PR394_FUZZ_DEPTH.tsv,PR394_FUZZ_DEPTH_O2G.tsv	no	0	none	none
fuzz/seed_corpus/fuzz_agent_binding/584b371105663dcd11e382031d2a3bda393536a7	yes	yes (per PR description)	libFuzzer build of every target, 60 s depth run per target, seed-corpus and dictionary loading, registration and reachability gates	V-gate*x61	PR394_FUZZ_DEPTH.tsv,PR394_FUZZ_DEPTH_O2G.tsv	no	0	none	none
fuzz/seed_corpus/fuzz_agent_binding/6172fddb300a02a12ae4b2a26a71171539e9e04b	yes	yes (per PR description)	libFuzzer build of every target, 60 s depth run per target, seed-corpus and dictionary loading, registration and reachability gates	V-gate*x61	PR394_FUZZ_DEPTH.tsv,PR394_FUZZ_DEPTH_O2G.tsv	no	0	none	none
fuzz/seed_corpus/fuzz_agent_binding/789ccacfabddcf9c1cacddc89d3b7a5301fb4122	yes	yes (per PR description)	libFuzzer build of every target, 60 s depth run per target, seed-corpus and dictionary loading, registration and reachability gates	V-gate*x61	PR394_FUZZ_DEPTH.tsv,PR394_FUZZ_DEPTH_O2G.tsv	no	0	none	none
fuzz/seed_corpus/fuzz_agent_binding/8d29cb3451659056fb8c8f67b8e54d331b2b26e9	yes	yes (per PR description)	libFuzzer build of every target, 60 s depth run per target, seed-corpus and dictionary loading, registration and reachability gates	V-gate*x61	PR394_FUZZ_DEPTH.tsv,PR394_FUZZ_DEPTH_O2G.tsv	no	0	none	none
fuzz/seed_corpus/fuzz_agent_binding/8e82cef625f1db8030fc4dd9c28bbf8efb098a77	yes	yes (per PR description)	libFuzzer build of every target, 60 s depth run per target, seed-corpus and dictionary loading, registration and reachability gates	V-gate*x61	PR394_FUZZ_DEPTH.tsv,PR394_FUZZ_DEPTH_O2G.tsv	no	0	none	none
fuzz/seed_corpus/fuzz_agent_binding/a3dd0de678f2873dcba0dcb10d513db9380c539e	yes	yes (per PR description)	libFuzzer build of every target, 60 s depth run per target, seed-corpus and dictionary loading, registration and reachability gates	V-gate*x61	PR394_FUZZ_DEPTH.tsv,PR394_FUZZ_DEPTH_O2G.tsv	no	0	none	none
fuzz/seed_corpus/fuzz_agent_binding/all_zero	no	n/a (not in the PR diff)	libFuzzer build of every target, 60 s depth run per target, seed-corpus and dictionary loading, registration and reachability gates	V-gate*x61	PR394_FUZZ_DEPTH.tsv,PR394_FUZZ_DEPTH_O2G.tsv	no	0	none	none
fuzz/seed_corpus/fuzz_agent_binding/b185abfecbb46ac792b66dab571efe7a7e34550d	yes	yes (per PR description)	libFuzzer build of every target, 60 s depth run per target, seed-corpus and dictionary loading, registration and reachability gates	V-gate*x61	PR394_FUZZ_DEPTH.tsv,PR394_FUZZ_DEPTH_O2G.tsv	no	0	none	none
fuzz/seed_corpus/fuzz_agent_binding/b853f8967018fbc4f302cd633585ab29bf9f5e9e	yes	yes (per PR description)	libFuzzer build of every target, 60 s depth run per target, seed-corpus and dictionary loading, registration and reachability gates	V-gate*x61	PR394_FUZZ_DEPTH.tsv,PR394_FUZZ_DEPTH_O2G.tsv	no	0	none	none
fuzz/seed_corpus/fuzz_agent_binding/c9c9385cd37bb8d2498ea82c1360e03bbcac6ac1	yes	yes (per PR description)	libFuzzer build of every target, 60 s depth run per target, seed-corpus and dictionary loading, registration and reachability gates	V-gate*x61	PR394_FUZZ_DEPTH.tsv,PR394_FUZZ_DEPTH_O2G.tsv	no	0	none	none
fuzz/seed_corpus/fuzz_agent_binding/ephemeral_datasign	no	n/a (not in the PR diff)	libFuzzer build of every target, 60 s depth run per target, seed-corpus and dictionary loading, registration and reachability gates	V-gate*x61	PR394_FUZZ_DEPTH.tsv,PR394_FUZZ_DEPTH_O2G.tsv	no	0	none	none
fuzz/seed_corpus/fuzz_agent_binding/fc92d6498151fa7529f2a5b7923e60de58de0181	yes	yes (per PR description)	libFuzzer build of every target, 60 s depth run per target, seed-corpus and dictionary loading, registration and reachability gates	V-gate*x61	PR394_FUZZ_DEPTH.tsv,PR394_FUZZ_DEPTH_O2G.tsv	no	0	none	none
fuzz/seed_corpus/fuzz_agent_binding/info_crosses_stack_split	no	n/a (not in the PR diff)	libFuzzer build of every target, 60 s depth run per target, seed-corpus and dictionary loading, registration and reachability gates	V-gate*x61	PR394_FUZZ_DEPTH.tsv,PR394_FUZZ_DEPTH_O2G.tsv	no	0	none	none
fuzz/seed_corpus/fuzz_agent_binding/malformed_record	no	n/a (not in the PR diff)	libFuzzer build of every target, 60 s depth run per target, seed-corpus and dictionary loading, registration and reachability gates	V-gate*x61	PR394_FUZZ_DEPTH.tsv,PR394_FUZZ_DEPTH_O2G.tsv	no	0	none	none
fuzz/seed_corpus/fuzz_agent_binding/persistent_restricted	no	n/a (not in the PR diff)	libFuzzer build of every target, 60 s depth run per target, seed-corpus and dictionary loading, registration and reachability gates	V-gate*x61	PR394_FUZZ_DEPTH.tsv,PR394_FUZZ_DEPTH_O2G.tsv	no	0	none	none
fuzz/seed_corpus/fuzz_agent_binding/selfreplicate_noprofile	no	n/a (not in the PR diff)	libFuzzer build of every target, 60 s depth run per target, seed-corpus and dictionary loading, registration and reachability gates	V-gate*x61	PR394_FUZZ_DEPTH.tsv,PR394_FUZZ_DEPTH_O2G.tsv	no	0	none	none
fuzz/seed_corpus/fuzz_argon2/08f0e46e3f6c979bfcacb7da88698c4be365cc69	yes	yes (per PR description)	libFuzzer build of every target, 60 s depth run per target, seed-corpus and dictionary loading, registration and reachability gates	V-gate*x61	PR394_FUZZ_DEPTH.tsv,PR394_FUZZ_DEPTH_O2G.tsv	no	0	none	none
fuzz/seed_corpus/fuzz_argon2/1fbd8f0ac091df50f0d026613d06870648664e4c	yes	yes (per PR description)	libFuzzer build of every target, 60 s depth run per target, seed-corpus and dictionary loading, registration and reachability gates	V-gate*x61	PR394_FUZZ_DEPTH.tsv,PR394_FUZZ_DEPTH_O2G.tsv	no	0	none	none
fuzz/seed_corpus/fuzz_argon2/236c7aca7f470dc15a269859fce61e1533f0b91b	yes	yes (per PR description)	libFuzzer build of every target, 60 s depth run per target, seed-corpus and dictionary loading, registration and reachability gates	V-gate*x61	PR394_FUZZ_DEPTH.tsv,PR394_FUZZ_DEPTH_O2G.tsv	no	0	none	none
fuzz/seed_corpus/fuzz_argon2/4b72b59cd84b96f6d46843bafb5cc5318ee43098	yes	yes (per PR description)	libFuzzer build of every target, 60 s depth run per target, seed-corpus and dictionary loading, registration and reachability gates	V-gate*x61	PR394_FUZZ_DEPTH.tsv,PR394_FUZZ_DEPTH_O2G.tsv	no	0	none	none
fuzz/seed_corpus/fuzz_argon2/97a4ba59025272efd57af91f29c8ce064230344c	yes	yes (per PR description)	libFuzzer build of every target, 60 s depth run per target, seed-corpus and dictionary loading, registration and reachability gates	V-gate*x61	PR394_FUZZ_DEPTH.tsv,PR394_FUZZ_DEPTH_O2G.tsv	no	0	none	none
fuzz/seed_corpus/fuzz_argon2/a42c6cf1de3abfdea9b95f34687cbbe92b9a7383	yes	yes (per PR description)	libFuzzer build of every target, 60 s depth run per target, seed-corpus and dictionary loading, registration and reachability gates	V-gate*x61	PR394_FUZZ_DEPTH.tsv,PR394_FUZZ_DEPTH_O2G.tsv	no	0	none	none
fuzz/seed_corpus/fuzz_argon2/b5b82e8b8d1c5706996f682fd78096ae9abc615c	yes	yes (per PR description)	libFuzzer build of every target, 60 s depth run per target, seed-corpus and dictionary loading, registration and reachability gates	V-gate*x61	PR394_FUZZ_DEPTH.tsv,PR394_FUZZ_DEPTH_O2G.tsv	no	0	none	none
fuzz/seed_corpus/fuzz_argon2/c73e09d36ac264dee0afbae6122d449506f47175	yes	yes (per PR description)	libFuzzer build of every target, 60 s depth run per target, seed-corpus and dictionary loading, registration and reachability gates	V-gate*x61	PR394_FUZZ_DEPTH.tsv,PR394_FUZZ_DEPTH_O2G.tsv	no	0	none	none
fuzz/seed_corpus/fuzz_argon2/d5809801154881d051e422de66bb2241c5009238	yes	yes (per PR description)	libFuzzer build of every target, 60 s depth run per target, seed-corpus and dictionary loading, registration and reachability gates	V-gate*x61	PR394_FUZZ_DEPTH.tsv,PR394_FUZZ_DEPTH_O2G.tsv	no	0	none	none
fuzz/seed_corpus/fuzz_argon2/e372d8516105ceae7c91a8cc9bce86cf42e045c0	yes	yes (per PR description)	libFuzzer build of every target, 60 s depth run per target, seed-corpus and dictionary loading, registration and reachability gates	V-gate*x61	PR394_FUZZ_DEPTH.tsv,PR394_FUZZ_DEPTH_O2G.tsv	no	0	none	none
fuzz/seed_corpus/fuzz_argon2/eab9ecfd1153bf14cf037d9b907ca25a9fa1b3bc	yes	yes (per PR description)	libFuzzer build of every target, 60 s depth run per target, seed-corpus and dictionary loading, registration and reachability gates	V-gate*x61	PR394_FUZZ_DEPTH.tsv,PR394_FUZZ_DEPTH_O2G.tsv	no	0	none	none
fuzz/seed_corpus/fuzz_argon2/ec07015882d4ac1c279e1d67965579470599ee01	yes	yes (per PR description)	libFuzzer build of every target, 60 s depth run per target, seed-corpus and dictionary loading, registration and reachability gates	V-gate*x61	PR394_FUZZ_DEPTH.tsv,PR394_FUZZ_DEPTH_O2G.tsv	no	0	none	none
fuzz/seed_corpus/fuzz_argon2/f45b09c766fe7b39678041ee203c599d9021b7b6	yes	yes (per PR description)	libFuzzer build of every target, 60 s depth run per target, seed-corpus and dictionary loading, registration and reachability gates	V-gate*x61	PR394_FUZZ_DEPTH.tsv,PR394_FUZZ_DEPTH_O2G.tsv	no	0	none	none
fuzz/seed_corpus/fuzz_argon2/simple	no	n/a (not in the PR diff)	libFuzzer build of every target, 60 s depth run per target, seed-corpus and dictionary loading, registration and reachability gates	V-gate*x61	PR394_FUZZ_DEPTH.tsv,PR394_FUZZ_DEPTH_O2G.tsv	no	0	none	none
fuzz/seed_corpus/fuzz_ascon/aead-rate-all-ad.bin	yes	yes (per PR description)	libFuzzer build of every target, 60 s depth run per target, seed-corpus and dictionary loading, registration and reachability gates	V-gate*x61	PR394_FUZZ_DEPTH.tsv,PR394_FUZZ_DEPTH_O2G.tsv	no	0	none	none
fuzz/seed_corpus/fuzz_ascon/aead-rate-all-pt.bin	yes	yes (per PR description)	libFuzzer build of every target, 60 s depth run per target, seed-corpus and dictionary loading, registration and reachability gates	V-gate*x61	PR394_FUZZ_DEPTH.tsv,PR394_FUZZ_DEPTH_O2G.tsv	no	0	none	none
fuzz/seed_corpus/fuzz_ascon/aead-rate-mid-split.bin	yes	yes (per PR description)	libFuzzer build of every target, 60 s depth run per target, seed-corpus and dictionary loading, registration and reachability gates	V-gate*x61	PR394_FUZZ_DEPTH.tsv,PR394_FUZZ_DEPTH_O2G.tsv	no	0	none	none
fuzz/seed_corpus/fuzz_ascon/aead-rate-minus-1-all-ad.bin	yes	yes (per PR description)	libFuzzer build of every target, 60 s depth run per target, seed-corpus and dictionary loading, registration and reachability gates	V-gate*x61	PR394_FUZZ_DEPTH.tsv,PR394_FUZZ_DEPTH_O2G.tsv	no	0	none	none
fuzz/seed_corpus/fuzz_ascon/aead-rate-minus-1-all-pt.bin	yes	yes (per PR description)	libFuzzer build of every target, 60 s depth run per target, seed-corpus and dictionary loading, registration and reachability gates	V-gate*x61	PR394_FUZZ_DEPTH.tsv,PR394_FUZZ_DEPTH_O2G.tsv	no	0	none	none
fuzz/seed_corpus/fuzz_ascon/aead-rate-plus-1-all-ad.bin	yes	yes (per PR description)	libFuzzer build of every target, 60 s depth run per target, seed-corpus and dictionary loading, registration and reachability gates	V-gate*x61	PR394_FUZZ_DEPTH.tsv,PR394_FUZZ_DEPTH_O2G.tsv	no	0	none	none
fuzz/seed_corpus/fuzz_ascon/aead-rate-plus-1-all-pt.bin	yes	yes (per PR description)	libFuzzer build of every target, 60 s depth run per target, seed-corpus and dictionary loading, registration and reachability gates	V-gate*x61	PR394_FUZZ_DEPTH.tsv,PR394_FUZZ_DEPTH_O2G.tsv	no	0	none	none
fuzz/seed_corpus/fuzz_ascon/empty-body.bin	yes	yes (per PR description)	libFuzzer build of every target, 60 s depth run per target, seed-corpus and dictionary loading, registration and reachability gates	V-gate*x61	PR394_FUZZ_DEPTH.tsv,PR394_FUZZ_DEPTH_O2G.tsv	no	0	none	none
fuzz/seed_corpus/fuzz_ascon/hash-rate-all-pt.bin	yes	yes (per PR description)	libFuzzer build of every target, 60 s depth run per target, seed-corpus and dictionary loading, registration and reachability gates	V-gate*x61	PR394_FUZZ_DEPTH.tsv,PR394_FUZZ_DEPTH_O2G.tsv	no	0	none	none
fuzz/seed_corpus/fuzz_ascon/hash-rate-minus-1-all-pt.bin	yes	yes (per PR description)	libFuzzer build of every target, 60 s depth run per target, seed-corpus and dictionary loading, registration and reachability gates	V-gate*x61	PR394_FUZZ_DEPTH.tsv,PR394_FUZZ_DEPTH_O2G.tsv	no	0	none	none
fuzz/seed_corpus/fuzz_ascon/hash-rate-plus-1-all-pt.bin	yes	yes (per PR description)	libFuzzer build of every target, 60 s depth run per target, seed-corpus and dictionary loading, registration and reachability gates	V-gate*x61	PR394_FUZZ_DEPTH.tsv,PR394_FUZZ_DEPTH_O2G.tsv	no	0	none	none
fuzz/seed_corpus/fuzz_ascon/many-blocks-mid-split.bin	yes	yes (per PR description)	libFuzzer build of every target, 60 s depth run per target, seed-corpus and dictionary loading, registration and reachability gates	V-gate*x61	PR394_FUZZ_DEPTH.tsv,PR394_FUZZ_DEPTH_O2G.tsv	no	0	none	none
fuzz/seed_corpus/fuzz_ascon/one-byte-body-all-ad.bin	yes	yes (per PR description)	libFuzzer build of every target, 60 s depth run per target, seed-corpus and dictionary loading, registration and reachability gates	V-gate*x61	PR394_FUZZ_DEPTH.tsv,PR394_FUZZ_DEPTH_O2G.tsv	no	0	none	none
fuzz/seed_corpus/fuzz_ascon/one-byte-body-all-pt.bin	yes	yes (per PR description)	libFuzzer build of every target, 60 s depth run per target, seed-corpus and dictionary loading, registration and reachability gates	V-gate*x61	PR394_FUZZ_DEPTH.tsv,PR394_FUZZ_DEPTH_O2G.tsv	no	0	none	none
fuzz/seed_corpus/fuzz_ascon/two-blocks-all-ad.bin	yes	yes (per PR description)	libFuzzer build of every target, 60 s depth run per target, seed-corpus and dictionary loading, registration and reachability gates	V-gate*x61	PR394_FUZZ_DEPTH.tsv,PR394_FUZZ_DEPTH_O2G.tsv	no	0	none	none
fuzz/seed_corpus/fuzz_ascon/two-blocks-all-pt.bin	yes	yes (per PR description)	libFuzzer build of every target, 60 s depth run per target, seed-corpus and dictionary loading, registration and reachability gates	V-gate*x61	PR394_FUZZ_DEPTH.tsv,PR394_FUZZ_DEPTH_O2G.tsv	no	0	none	none
fuzz/seed_corpus/fuzz_ascon/two-blocks-mid-split.bin	yes	yes (per PR description)	libFuzzer build of every target, 60 s depth run per target, seed-corpus and dictionary loading, registration and reachability gates	V-gate*x61	PR394_FUZZ_DEPTH.tsv,PR394_FUZZ_DEPTH_O2G.tsv	no	0	none	none
fuzz/seed_corpus/fuzz_ascon/two-blocks-minus-1-mid-split.bin	yes	yes (per PR description)	libFuzzer build of every target, 60 s depth run per target, seed-corpus and dictionary loading, registration and reachability gates	V-gate*x61	PR394_FUZZ_DEPTH.tsv,PR394_FUZZ_DEPTH_O2G.tsv	no	0	none	none
fuzz/seed_corpus/fuzz_ascon/two-blocks-plus-1-mid-split.bin	yes	yes (per PR description)	libFuzzer build of every target, 60 s depth run per target, seed-corpus and dictionary loading, registration and reachability gates	V-gate*x61	PR394_FUZZ_DEPTH.tsv,PR394_FUZZ_DEPTH_O2G.tsv	no	0	none	none
fuzz/seed_corpus/fuzz_chacha20poly1305/002f8790fa281d6f25ff7aefea9539781b104581	yes	yes (per PR description)	libFuzzer build of every target, 60 s depth run per target, seed-corpus and dictionary loading, registration and reachability gates	V-gate*x61	PR394_FUZZ_DEPTH.tsv,PR394_FUZZ_DEPTH_O2G.tsv	no	0	none	none
fuzz/seed_corpus/fuzz_chacha20poly1305/0cf96bbe22150e66506869cb2b53eeb2e644cfcf	yes	yes (per PR description)	libFuzzer build of every target, 60 s depth run per target, seed-corpus and dictionary loading, registration and reachability gates	V-gate*x61	PR394_FUZZ_DEPTH.tsv,PR394_FUZZ_DEPTH_O2G.tsv	no	0	none	none
fuzz/seed_corpus/fuzz_chacha20poly1305/120957fa9392d607bbd0455b026f090d0580a11d	yes	yes (per PR description)	libFuzzer build of every target, 60 s depth run per target, seed-corpus and dictionary loading, registration and reachability gates	V-gate*x61	PR394_FUZZ_DEPTH.tsv,PR394_FUZZ_DEPTH_O2G.tsv	no	0	none	none
fuzz/seed_corpus/fuzz_chacha20poly1305/172e4af812392767353b349cebb07ca9e04a0792	yes	yes (per PR description)	libFuzzer build of every target, 60 s depth run per target, seed-corpus and dictionary loading, registration and reachability gates	V-gate*x61	PR394_FUZZ_DEPTH.tsv,PR394_FUZZ_DEPTH_O2G.tsv	no	0	none	none
fuzz/seed_corpus/fuzz_chacha20poly1305/1eee7791f771357f9fdbf35b7a3bf3c07faf37fc	yes	yes (per PR description)	libFuzzer build of every target, 60 s depth run per target, seed-corpus and dictionary loading, registration and reachability gates	V-gate*x61	PR394_FUZZ_DEPTH.tsv,PR394_FUZZ_DEPTH_O2G.tsv	no	0	none	none
fuzz/seed_corpus/fuzz_chacha20poly1305/22ab6bf4868483cd5ca272bfb93145b6ea9feff9	yes	yes (per PR description)	libFuzzer build of every target, 60 s depth run per target, seed-corpus and dictionary loading, registration and reachability gates	V-gate*x61	PR394_FUZZ_DEPTH.tsv,PR394_FUZZ_DEPTH_O2G.tsv	no	0	none	none
fuzz/seed_corpus/fuzz_chacha20poly1305/3d0388834c9b029499907e78c68ee71d766ccfe5	yes	yes (per PR description)	libFuzzer build of every target, 60 s depth run per target, seed-corpus and dictionary loading, registration and reachability gates	V-gate*x61	PR394_FUZZ_DEPTH.tsv,PR394_FUZZ_DEPTH_O2G.tsv	no	0	none	none
fuzz/seed_corpus/fuzz_chacha20poly1305/3e913c9d96e7a14d4f1b252d36a6a5088231caf2	yes	yes (per PR description)	libFuzzer build of every target, 60 s depth run per target, seed-corpus and dictionary loading, registration and reachability gates	V-gate*x61	PR394_FUZZ_DEPTH.tsv,PR394_FUZZ_DEPTH_O2G.tsv	no	0	none	none
fuzz/seed_corpus/fuzz_chacha20poly1305/4206fe3904aa165084b3b0964ba74a18ef242d6e	yes	yes (per PR description)	libFuzzer build of every target, 60 s depth run per target, seed-corpus and dictionary loading, registration and reachability gates	V-gate*x61	PR394_FUZZ_DEPTH.tsv,PR394_FUZZ_DEPTH_O2G.tsv	no	0	none	none
fuzz/seed_corpus/fuzz_chacha20poly1305/56230e0571c34832617bcd76f10738f14edfa1b0	yes	yes (per PR description)	libFuzzer build of every target, 60 s depth run per target, seed-corpus and dictionary loading, registration and reachability gates	V-gate*x61	PR394_FUZZ_DEPTH.tsv,PR394_FUZZ_DEPTH_O2G.tsv	no	0	none	none
fuzz/seed_corpus/fuzz_chacha20poly1305/6da1fd198f107fb60053057ba5b8643692e93e48	yes	yes (per PR description)	libFuzzer build of every target, 60 s depth run per target, seed-corpus and dictionary loading, registration and reachability gates	V-gate*x61	PR394_FUZZ_DEPTH.tsv,PR394_FUZZ_DEPTH_O2G.tsv	no	0	none	none
fuzz/seed_corpus/fuzz_chacha20poly1305/76f2a4f6e7f9f8b296602b854e0f520709352542	yes	yes (per PR description)	libFuzzer build of every target, 60 s depth run per target, seed-corpus and dictionary loading, registration and reachability gates	V-gate*x61	PR394_FUZZ_DEPTH.tsv,PR394_FUZZ_DEPTH_O2G.tsv	no	0	none	none
fuzz/seed_corpus/fuzz_chacha20poly1305/771a70b615272f84400dc89df2d0fd6c4bede97b	yes	yes (per PR description)	libFuzzer build of every target, 60 s depth run per target, seed-corpus and dictionary loading, registration and reachability gates	V-gate*x61	PR394_FUZZ_DEPTH.tsv,PR394_FUZZ_DEPTH_O2G.tsv	no	0	none	none
fuzz/seed_corpus/fuzz_chacha20poly1305/78e7525e52b1da8c4599dbbf6188a2bade078d4a	yes	yes (per PR description)	libFuzzer build of every target, 60 s depth run per target, seed-corpus and dictionary loading, registration and reachability gates	V-gate*x61	PR394_FUZZ_DEPTH.tsv,PR394_FUZZ_DEPTH_O2G.tsv	no	0	none	none
fuzz/seed_corpus/fuzz_chacha20poly1305/7a6b62724953b958fb9294e97a9dcf3d821a1ea8	yes	yes (per PR description)	libFuzzer build of every target, 60 s depth run per target, seed-corpus and dictionary loading, registration and reachability gates	V-gate*x61	PR394_FUZZ_DEPTH.tsv,PR394_FUZZ_DEPTH_O2G.tsv	no	0	none	none
fuzz/seed_corpus/fuzz_chacha20poly1305/7bb5e52b2d2cf33abac2e465efa22fa4cf9b52a3	yes	yes (per PR description)	libFuzzer build of every target, 60 s depth run per target, seed-corpus and dictionary loading, registration and reachability gates	V-gate*x61	PR394_FUZZ_DEPTH.tsv,PR394_FUZZ_DEPTH_O2G.tsv	no	0	none	none
fuzz/seed_corpus/fuzz_chacha20poly1305/7dd8d22b1d7901cd9a8c5ed7e3554e113929d1ab	yes	yes (per PR description)	libFuzzer build of every target, 60 s depth run per target, seed-corpus and dictionary loading, registration and reachability gates	V-gate*x61	PR394_FUZZ_DEPTH.tsv,PR394_FUZZ_DEPTH_O2G.tsv	no	0	none	none
fuzz/seed_corpus/fuzz_chacha20poly1305/85308112b4db928010b7056e4b32d90ef6267639	yes	yes (per PR description)	libFuzzer build of every target, 60 s depth run per target, seed-corpus and dictionary loading, registration and reachability gates	V-gate*x61	PR394_FUZZ_DEPTH.tsv,PR394_FUZZ_DEPTH_O2G.tsv	no	0	none	none
fuzz/seed_corpus/fuzz_chacha20poly1305/8eb56c86f4b0dd7a914d3df2e0fe279356910deb	yes	yes (per PR description)	libFuzzer build of every target, 60 s depth run per target, seed-corpus and dictionary loading, registration and reachability gates	V-gate*x61	PR394_FUZZ_DEPTH.tsv,PR394_FUZZ_DEPTH_O2G.tsv	no	0	none	none
fuzz/seed_corpus/fuzz_chacha20poly1305/8f2ca602eb4efa7c2c3b528a4aa38f9f0e88b0b4	yes	yes (per PR description)	libFuzzer build of every target, 60 s depth run per target, seed-corpus and dictionary loading, registration and reachability gates	V-gate*x61	PR394_FUZZ_DEPTH.tsv,PR394_FUZZ_DEPTH_O2G.tsv	no	0	none	none
fuzz/seed_corpus/fuzz_chacha20poly1305/92804fdd8efdc07838819ac1ce9c6b9cd906876e	yes	yes (per PR description)	libFuzzer build of every target, 60 s depth run per target, seed-corpus and dictionary loading, registration and reachability gates	V-gate*x61	PR394_FUZZ_DEPTH.tsv,PR394_FUZZ_DEPTH_O2G.tsv	no	0	none	none
fuzz/seed_corpus/fuzz_chacha20poly1305/936493b15293ac305985c237e2c2581573dab166	yes	yes (per PR description)	libFuzzer build of every target, 60 s depth run per target, seed-corpus and dictionary loading, registration and reachability gates	V-gate*x61	PR394_FUZZ_DEPTH.tsv,PR394_FUZZ_DEPTH_O2G.tsv	no	0	none	none
fuzz/seed_corpus/fuzz_chacha20poly1305/9cc98854463040688f79d804aef1ca6f3ed73cf5	yes	yes (per PR description)	libFuzzer build of every target, 60 s depth run per target, seed-corpus and dictionary loading, registration and reachability gates	V-gate*x61	PR394_FUZZ_DEPTH.tsv,PR394_FUZZ_DEPTH_O2G.tsv	no	0	none	none
fuzz/seed_corpus/fuzz_chacha20poly1305/aa280f855f4c8e1eb40371732624167a0343936d	yes	yes (per PR description)	libFuzzer build of every target, 60 s depth run per target, seed-corpus and dictionary loading, registration and reachability gates	V-gate*x61	PR394_FUZZ_DEPTH.tsv,PR394_FUZZ_DEPTH_O2G.tsv	no	0	none	none
fuzz/seed_corpus/fuzz_chacha20poly1305/b4866dc39ac8613302a91499cc9510c52062227b	yes	yes (per PR description)	libFuzzer build of every target, 60 s depth run per target, seed-corpus and dictionary loading, registration and reachability gates	V-gate*x61	PR394_FUZZ_DEPTH.tsv,PR394_FUZZ_DEPTH_O2G.tsv	no	0	none	none
fuzz/seed_corpus/fuzz_chacha20poly1305/c15b165b720d5f542c99f2ab7a906c6b15449b8d	yes	yes (per PR description)	libFuzzer build of every target, 60 s depth run per target, seed-corpus and dictionary loading, registration and reachability gates	V-gate*x61	PR394_FUZZ_DEPTH.tsv,PR394_FUZZ_DEPTH_O2G.tsv	no	0	none	none
fuzz/seed_corpus/fuzz_chacha20poly1305/e7064f0b80f61dbc65915311032d27baa569ae2a	yes	yes (per PR description)	libFuzzer build of every target, 60 s depth run per target, seed-corpus and dictionary loading, registration and reachability gates	V-gate*x61	PR394_FUZZ_DEPTH.tsv,PR394_FUZZ_DEPTH_O2G.tsv	no	0	none	none
fuzz/seed_corpus/fuzz_chacha20poly1305/ea51cb267ac7217c82c82090abded5e1bf104c2f	yes	yes (per PR description)	libFuzzer build of every target, 60 s depth run per target, seed-corpus and dictionary loading, registration and reachability gates	V-gate*x61	PR394_FUZZ_DEPTH.tsv,PR394_FUZZ_DEPTH_O2G.tsv	no	0	none	none
fuzz/seed_corpus/fuzz_chacha20poly1305/fb5bae0f3b5e4dcfe6d6ea90737d2fcc4a9e063b	yes	yes (per PR description)	libFuzzer build of every target, 60 s depth run per target, seed-corpus and dictionary loading, registration and reachability gates	V-gate*x61	PR394_FUZZ_DEPTH.tsv,PR394_FUZZ_DEPTH_O2G.tsv	no	0	none	none
fuzz/seed_corpus/fuzz_chacha20poly1305/fc87dd389a58c5b0ff1d478085f55ec5d5ba8b50	yes	yes (per PR description)	libFuzzer build of every target, 60 s depth run per target, seed-corpus and dictionary loading, registration and reachability gates	V-gate*x61	PR394_FUZZ_DEPTH.tsv,PR394_FUZZ_DEPTH_O2G.tsv	no	0	none	none
fuzz/seed_corpus/fuzz_chacha20poly1305/minimal	no	n/a (not in the PR diff)	libFuzzer build of every target, 60 s depth run per target, seed-corpus and dictionary loading, registration and reachability gates	V-gate*x61	PR394_FUZZ_DEPTH.tsv,PR394_FUZZ_DEPTH_O2G.tsv	no	0	none	none
fuzz/seed_corpus/fuzz_consttime/01a65672e1d5d66c581ad8742086aa9bb567bb29	yes	yes (per PR description)	libFuzzer build of every target, 60 s depth run per target, seed-corpus and dictionary loading, registration and reachability gates	V-gate*x61	PR394_FUZZ_DEPTH.tsv,PR394_FUZZ_DEPTH_O2G.tsv	no	0	none	none
fuzz/seed_corpus/fuzz_consttime/0285962e85eb133a2ec5b50fcde3300e554e9b0f	yes	yes (per PR description)	libFuzzer build of every target, 60 s depth run per target, seed-corpus and dictionary loading, registration and reachability gates	V-gate*x61	PR394_FUZZ_DEPTH.tsv,PR394_FUZZ_DEPTH_O2G.tsv	no	0	none	none
fuzz/seed_corpus/fuzz_consttime/0585834604cb6f6abbfd7a8359494c3db4903253	yes	yes (per PR description)	libFuzzer build of every target, 60 s depth run per target, seed-corpus and dictionary loading, registration and reachability gates	V-gate*x61	PR394_FUZZ_DEPTH.tsv,PR394_FUZZ_DEPTH_O2G.tsv	no	0	none	none
fuzz/seed_corpus/fuzz_consttime/095feb44f72b77135c944fc2d4bb4594e0fd9d31	yes	yes (per PR description)	libFuzzer build of every target, 60 s depth run per target, seed-corpus and dictionary loading, registration and reachability gates	V-gate*x61	PR394_FUZZ_DEPTH.tsv,PR394_FUZZ_DEPTH_O2G.tsv	no	0	none	none
fuzz/seed_corpus/fuzz_consttime/0c072f024327d014ef95b9dc1a19e1e3f609036c	yes	yes (per PR description)	libFuzzer build of every target, 60 s depth run per target, seed-corpus and dictionary loading, registration and reachability gates	V-gate*x61	PR394_FUZZ_DEPTH.tsv,PR394_FUZZ_DEPTH_O2G.tsv	no	0	none	none
fuzz/seed_corpus/fuzz_consttime/11026161805eef968b8bb4a97d441cf40ebacd20	yes	yes (per PR description)	libFuzzer build of every target, 60 s depth run per target, seed-corpus and dictionary loading, registration and reachability gates	V-gate*x61	PR394_FUZZ_DEPTH.tsv,PR394_FUZZ_DEPTH_O2G.tsv	no	0	none	none
fuzz/seed_corpus/fuzz_consttime/125219f423b8082a7763b661c774e97255d2955e	yes	yes (per PR description)	libFuzzer build of every target, 60 s depth run per target, seed-corpus and dictionary loading, registration and reachability gates	V-gate*x61	PR394_FUZZ_DEPTH.tsv,PR394_FUZZ_DEPTH_O2G.tsv	no	0	none	none
fuzz/seed_corpus/fuzz_consttime/156710cd160bf2fc6f848aced26d8425d8e04240	yes	yes (per PR description)	libFuzzer build of every target, 60 s depth run per target, seed-corpus and dictionary loading, registration and reachability gates	V-gate*x61	PR394_FUZZ_DEPTH.tsv,PR394_FUZZ_DEPTH_O2G.tsv	no	0	none	none
fuzz/seed_corpus/fuzz_consttime/176f79735dc9fbe9a4db522b572de1f82f522b0b	yes	yes (per PR description)	libFuzzer build of every target, 60 s depth run per target, seed-corpus and dictionary loading, registration and reachability gates	V-gate*x61	PR394_FUZZ_DEPTH.tsv,PR394_FUZZ_DEPTH_O2G.tsv	no	0	none	none
fuzz/seed_corpus/fuzz_consttime/182d0afa4b4916212f3673f55a5d9ca6cc823357	yes	yes (per PR description)	libFuzzer build of every target, 60 s depth run per target, seed-corpus and dictionary loading, registration and reachability gates	V-gate*x61	PR394_FUZZ_DEPTH.tsv,PR394_FUZZ_DEPTH_O2G.tsv	no	0	none	none
fuzz/seed_corpus/fuzz_consttime/1b391c09697483a00818bc18e2401179e3340787	yes	yes (per PR description)	libFuzzer build of every target, 60 s depth run per target, seed-corpus and dictionary loading, registration and reachability gates	V-gate*x61	PR394_FUZZ_DEPTH.tsv,PR394_FUZZ_DEPTH_O2G.tsv	no	0	none	none
fuzz/seed_corpus/fuzz_consttime/1bd31efe17e669846ee5e891dc599298f7adaa92	yes	yes (per PR description)	libFuzzer build of every target, 60 s depth run per target, seed-corpus and dictionary loading, registration and reachability gates	V-gate*x61	PR394_FUZZ_DEPTH.tsv,PR394_FUZZ_DEPTH_O2G.tsv	no	0	none	none
fuzz/seed_corpus/fuzz_consttime/1fbceb8e6924c9a2dd1cbb20cca9cd22a28d7c38	yes	yes (per PR description)	libFuzzer build of every target, 60 s depth run per target, seed-corpus and dictionary loading, registration and reachability gates	V-gate*x61	PR394_FUZZ_DEPTH.tsv,PR394_FUZZ_DEPTH_O2G.tsv	no	0	none	none
fuzz/seed_corpus/fuzz_consttime/21837e1c37ddc4a62eb86112090634e7e4b8fc4d	yes	yes (per PR description)	libFuzzer build of every target, 60 s depth run per target, seed-corpus and dictionary loading, registration and reachability gates	V-gate*x61	PR394_FUZZ_DEPTH.tsv,PR394_FUZZ_DEPTH_O2G.tsv	no	0	none	none
fuzz/seed_corpus/fuzz_consttime/302f3a004341155ca6018f1cecb5b9d23416acd5	yes	yes (per PR description)	libFuzzer build of every target, 60 s depth run per target, seed-corpus and dictionary loading, registration and reachability gates	V-gate*x61	PR394_FUZZ_DEPTH.tsv,PR394_FUZZ_DEPTH_O2G.tsv	no	0	none	none
fuzz/seed_corpus/fuzz_consttime/33e03e7a222806eb7337ef5cc4f21068858f463b	yes	yes (per PR description)	libFuzzer build of every target, 60 s depth run per target, seed-corpus and dictionary loading, registration and reachability gates	V-gate*x61	PR394_FUZZ_DEPTH.tsv,PR394_FUZZ_DEPTH_O2G.tsv	no	0	none	none
fuzz/seed_corpus/fuzz_consttime/3585b733d28931e59f875b5c798e425a0cba68cd	yes	yes (per PR description)	libFuzzer build of every target, 60 s depth run per target, seed-corpus and dictionary loading, registration and reachability gates	V-gate*x61	PR394_FUZZ_DEPTH.tsv,PR394_FUZZ_DEPTH_O2G.tsv	no	0	none	none
fuzz/seed_corpus/fuzz_consttime/36c7b08eb543dfde9a16e9c328d7d918f391cdcc	yes	yes (per PR description)	libFuzzer build of every target, 60 s depth run per target, seed-corpus and dictionary loading, registration and reachability gates	V-gate*x61	PR394_FUZZ_DEPTH.tsv,PR394_FUZZ_DEPTH_O2G.tsv	no	0	none	none
fuzz/seed_corpus/fuzz_consttime/3c906fcf09651414d0d4766a200c1f571630066f	yes	yes (per PR description)	libFuzzer build of every target, 60 s depth run per target, seed-corpus and dictionary loading, registration and reachability gates	V-gate*x61	PR394_FUZZ_DEPTH.tsv,PR394_FUZZ_DEPTH_O2G.tsv	no	0	none	none
fuzz/seed_corpus/fuzz_consttime/439a80e61542b835389d5c4ff71cbe7a9d876683	yes	yes (per PR description)	libFuzzer build of every target, 60 s depth run per target, seed-corpus and dictionary loading, registration and reachability gates	V-gate*x61	PR394_FUZZ_DEPTH.tsv,PR394_FUZZ_DEPTH_O2G.tsv	no	0	none	none
fuzz/seed_corpus/fuzz_consttime/44bcd4020530eaa758cab0aaaa8ead5a5c4977f8	yes	yes (per PR description)	libFuzzer build of every target, 60 s depth run per target, seed-corpus and dictionary loading, registration and reachability gates	V-gate*x61	PR394_FUZZ_DEPTH.tsv,PR394_FUZZ_DEPTH_O2G.tsv	no	0	none	none
fuzz/seed_corpus/fuzz_consttime/487f1d7538803dfe97f872c8e8739bc05063ab59	yes	yes (per PR description)	libFuzzer build of every target, 60 s depth run per target, seed-corpus and dictionary loading, registration and reachability gates	V-gate*x61	PR394_FUZZ_DEPTH.tsv,PR394_FUZZ_DEPTH_O2G.tsv	no	0	none	none
fuzz/seed_corpus/fuzz_consttime/48cd47d818bc9bc1a3f2621bffbbde5ddbd2a6a9	yes	yes (per PR description)	libFuzzer build of every target, 60 s depth run per target, seed-corpus and dictionary loading, registration and reachability gates	V-gate*x61	PR394_FUZZ_DEPTH.tsv,PR394_FUZZ_DEPTH_O2G.tsv	no	0	none	none
fuzz/seed_corpus/fuzz_consttime/4b69c36837a93b6bd2bd5ae5dd9cac6ceb75902f	yes	yes (per PR description)	libFuzzer build of every target, 60 s depth run per target, seed-corpus and dictionary loading, registration and reachability gates	V-gate*x61	PR394_FUZZ_DEPTH.tsv,PR394_FUZZ_DEPTH_O2G.tsv	no	0	none	none
fuzz/seed_corpus/fuzz_consttime/4d064df0fe147c902b580a939b6896373f8f223b	yes	yes (per PR description)	libFuzzer build of every target, 60 s depth run per target, seed-corpus and dictionary loading, registration and reachability gates	V-gate*x61	PR394_FUZZ_DEPTH.tsv,PR394_FUZZ_DEPTH_O2G.tsv	no	0	none	none
fuzz/seed_corpus/fuzz_consttime/4e1359d9dff9e04d43256898d9ac3c89c64a85d1	yes	yes (per PR description)	libFuzzer build of every target, 60 s depth run per target, seed-corpus and dictionary loading, registration and reachability gates	V-gate*x61	PR394_FUZZ_DEPTH.tsv,PR394_FUZZ_DEPTH_O2G.tsv	no	0	none	none
fuzz/seed_corpus/fuzz_consttime/5bde3f5db4d5dbd34db7fe20a3f3a1129ddedf16	yes	yes (per PR description)	libFuzzer build of every target, 60 s depth run per target, seed-corpus and dictionary loading, registration and reachability gates	V-gate*x61	PR394_FUZZ_DEPTH.tsv,PR394_FUZZ_DEPTH_O2G.tsv	no	0	none	none
fuzz/seed_corpus/fuzz_consttime/6231b41ce9ee5d181a4a9b55948ecbd3aebc3052	yes	yes (per PR description)	libFuzzer build of every target, 60 s depth run per target, seed-corpus and dictionary loading, registration and reachability gates	V-gate*x61	PR394_FUZZ_DEPTH.tsv,PR394_FUZZ_DEPTH_O2G.tsv	no	0	none	none
fuzz/seed_corpus/fuzz_consttime/63360ae86b69f46259e2b6c66179485c117657b4	yes	yes (per PR description)	libFuzzer build of every target, 60 s depth run per target, seed-corpus and dictionary loading, registration and reachability gates	V-gate*x61	PR394_FUZZ_DEPTH.tsv,PR394_FUZZ_DEPTH_O2G.tsv	no	0	none	none
fuzz/seed_corpus/fuzz_consttime/688270fa684886a1ce20e1e9ce64559bf417b600	yes	yes (per PR description)	libFuzzer build of every target, 60 s depth run per target, seed-corpus and dictionary loading, registration and reachability gates	V-gate*x61	PR394_FUZZ_DEPTH.tsv,PR394_FUZZ_DEPTH_O2G.tsv	no	0	none	none
fuzz/seed_corpus/fuzz_consttime/6cbb1e60abd0577a0e76ae031dfca15e8d7c277f	yes	yes (per PR description)	libFuzzer build of every target, 60 s depth run per target, seed-corpus and dictionary loading, registration and reachability gates	V-gate*x61	PR394_FUZZ_DEPTH.tsv,PR394_FUZZ_DEPTH_O2G.tsv	no	0	none	none
fuzz/seed_corpus/fuzz_consttime/751ba4566f6ca2dd887b309548b6410fda989221	yes	yes (per PR description)	libFuzzer build of every target, 60 s depth run per target, seed-corpus and dictionary loading, registration and reachability gates	V-gate*x61	PR394_FUZZ_DEPTH.tsv,PR394_FUZZ_DEPTH_O2G.tsv	no	0	none	none
fuzz/seed_corpus/fuzz_consttime/776f481d55aaa64d37349e47ce6dd8f5ea285cff	yes	yes (per PR description)	libFuzzer build of every target, 60 s depth run per target, seed-corpus and dictionary loading, registration and reachability gates	V-gate*x61	PR394_FUZZ_DEPTH.tsv,PR394_FUZZ_DEPTH_O2G.tsv	no	0	none	none
fuzz/seed_corpus/fuzz_consttime/7c767cced96fbd988e40aac03f403700a40d334e	yes	yes (per PR description)	libFuzzer build of every target, 60 s depth run per target, seed-corpus and dictionary loading, registration and reachability gates	V-gate*x61	PR394_FUZZ_DEPTH.tsv,PR394_FUZZ_DEPTH_O2G.tsv	no	0	none	none
fuzz/seed_corpus/fuzz_consttime/82d0502df5058ebabb5c54201eee615994a545cf	yes	yes (per PR description)	libFuzzer build of every target, 60 s depth run per target, seed-corpus and dictionary loading, registration and reachability gates	V-gate*x61	PR394_FUZZ_DEPTH.tsv,PR394_FUZZ_DEPTH_O2G.tsv	no	0	none	none
fuzz/seed_corpus/fuzz_consttime/8fa0835bc259d52f30fc274ef4f6c78e52231600	yes	yes (per PR description)	libFuzzer build of every target, 60 s depth run per target, seed-corpus and dictionary loading, registration and reachability gates	V-gate*x61	PR394_FUZZ_DEPTH.tsv,PR394_FUZZ_DEPTH_O2G.tsv	no	0	none	none
fuzz/seed_corpus/fuzz_consttime/919147030f5db9e3943d3f5c5cf3b9b458ebadd2	yes	yes (per PR description)	libFuzzer build of every target, 60 s depth run per target, seed-corpus and dictionary loading, registration and reachability gates	V-gate*x61	PR394_FUZZ_DEPTH.tsv,PR394_FUZZ_DEPTH_O2G.tsv	no	0	none	none
fuzz/seed_corpus/fuzz_consttime/96973d99952e346f149d6e5025509fbd7c6eabe3	yes	yes (per PR description)	libFuzzer build of every target, 60 s depth run per target, seed-corpus and dictionary loading, registration and reachability gates	V-gate*x61	PR394_FUZZ_DEPTH.tsv,PR394_FUZZ_DEPTH_O2G.tsv	no	0	none	none
fuzz/seed_corpus/fuzz_consttime/a0fadfeebf6145b04ae8c9a82ba60a6d1265889c	yes	yes (per PR description)	libFuzzer build of every target, 60 s depth run per target, seed-corpus and dictionary loading, registration and reachability gates	V-gate*x61	PR394_FUZZ_DEPTH.tsv,PR394_FUZZ_DEPTH_O2G.tsv	no	0	none	none
fuzz/seed_corpus/fuzz_consttime/a5792e198e3a9202e02b49e5b8a3d847beddd97c	yes	yes (per PR description)	libFuzzer build of every target, 60 s depth run per target, seed-corpus and dictionary loading, registration and reachability gates	V-gate*x61	PR394_FUZZ_DEPTH.tsv,PR394_FUZZ_DEPTH_O2G.tsv	no	0	none	none
fuzz/seed_corpus/fuzz_consttime/ab0f2a8817aefbc8621cf82ea7a3beaceaebba5f	yes	yes (per PR description)	libFuzzer build of every target, 60 s depth run per target, seed-corpus and dictionary loading, registration and reachability gates	V-gate*x61	PR394_FUZZ_DEPTH.tsv,PR394_FUZZ_DEPTH_O2G.tsv	no	0	none	none
fuzz/seed_corpus/fuzz_consttime/ace20caedc15a78261f7acdb56739596da769585	yes	yes (per PR description)	libFuzzer build of every target, 60 s depth run per target, seed-corpus and dictionary loading, registration and reachability gates	V-gate*x61	PR394_FUZZ_DEPTH.tsv,PR394_FUZZ_DEPTH_O2G.tsv	no	0	none	none
fuzz/seed_corpus/fuzz_consttime/b1cf96abadc5e3cc7095100c4a4fe9f563c18bd8	yes	yes (per PR description)	libFuzzer build of every target, 60 s depth run per target, seed-corpus and dictionary loading, registration and reachability gates	V-gate*x61	PR394_FUZZ_DEPTH.tsv,PR394_FUZZ_DEPTH_O2G.tsv	no	0	none	none
fuzz/seed_corpus/fuzz_consttime/b4868263e4e7443983ebb22a6ca5b99048439591	yes	yes (per PR description)	libFuzzer build of every target, 60 s depth run per target, seed-corpus and dictionary loading, registration and reachability gates	V-gate*x61	PR394_FUZZ_DEPTH.tsv,PR394_FUZZ_DEPTH_O2G.tsv	no	0	none	none
fuzz/seed_corpus/fuzz_consttime/b7d699d931b7ca5141499501dc8fff21e0127984	yes	yes (per PR description)	libFuzzer build of every target, 60 s depth run per target, seed-corpus and dictionary loading, registration and reachability gates	V-gate*x61	PR394_FUZZ_DEPTH.tsv,PR394_FUZZ_DEPTH_O2G.tsv	no	0	none	none
fuzz/seed_corpus/fuzz_consttime/c07e48eb2a75b56485af03099fd2007830810726	yes	yes (per PR description)	libFuzzer build of every target, 60 s depth run per target, seed-corpus and dictionary loading, registration and reachability gates	V-gate*x61	PR394_FUZZ_DEPTH.tsv,PR394_FUZZ_DEPTH_O2G.tsv	no	0	none	none
fuzz/seed_corpus/fuzz_consttime/c16036f50e9fc369b82c3972d4d0f45785cdcb8f	yes	yes (per PR description)	libFuzzer build of every target, 60 s depth run per target, seed-corpus and dictionary loading, registration and reachability gates	V-gate*x61	PR394_FUZZ_DEPTH.tsv,PR394_FUZZ_DEPTH_O2G.tsv	no	0	none	none
fuzz/seed_corpus/fuzz_consttime/c986ca62ad09e2e05ec9d7fbab92013315a381fc	yes	yes (per PR description)	libFuzzer build of every target, 60 s depth run per target, seed-corpus and dictionary loading, registration and reachability gates	V-gate*x61	PR394_FUZZ_DEPTH.tsv,PR394_FUZZ_DEPTH_O2G.tsv	no	0	none	none
fuzz/seed_corpus/fuzz_consttime/cbe6061e4a3fae159347cbbe4189e77d48882a78	yes	yes (per PR description)	libFuzzer build of every target, 60 s depth run per target, seed-corpus and dictionary loading, registration and reachability gates	V-gate*x61	PR394_FUZZ_DEPTH.tsv,PR394_FUZZ_DEPTH_O2G.tsv	no	0	none	none
fuzz/seed_corpus/fuzz_consttime/cee9144f8c8612b410d3bf7068109c7db30467e1	yes	yes (per PR description)	libFuzzer build of every target, 60 s depth run per target, seed-corpus and dictionary loading, registration and reachability gates	V-gate*x61	PR394_FUZZ_DEPTH.tsv,PR394_FUZZ_DEPTH_O2G.tsv	no	0	none	none
fuzz/seed_corpus/fuzz_consttime/d16aee9caa04954ff19113b8710accfcee3c94a9	yes	yes (per PR description)	libFuzzer build of every target, 60 s depth run per target, seed-corpus and dictionary loading, registration and reachability gates	V-gate*x61	PR394_FUZZ_DEPTH.tsv,PR394_FUZZ_DEPTH_O2G.tsv	no	0	none	none
fuzz/seed_corpus/fuzz_consttime/d27d5e90ed161a387a9dac53b2b4a8496bfecf8a	yes	yes (per PR description)	libFuzzer build of every target, 60 s depth run per target, seed-corpus and dictionary loading, registration and reachability gates	V-gate*x61	PR394_FUZZ_DEPTH.tsv,PR394_FUZZ_DEPTH_O2G.tsv	no	0	none	none
fuzz/seed_corpus/fuzz_consttime/d8a3bc3675f62c974d181d0f8c86226787256a91	yes	yes (per PR description)	libFuzzer build of every target, 60 s depth run per target, seed-corpus and dictionary loading, registration and reachability gates	V-gate*x61	PR394_FUZZ_DEPTH.tsv,PR394_FUZZ_DEPTH_O2G.tsv	no	0	none	none
fuzz/seed_corpus/fuzz_consttime/da4b9237bacccdf19c0760cab7aec4a8359010b0	yes	yes (per PR description)	libFuzzer build of every target, 60 s depth run per target, seed-corpus and dictionary loading, registration and reachability gates	V-gate*x61	PR394_FUZZ_DEPTH.tsv,PR394_FUZZ_DEPTH_O2G.tsv	no	0	none	none
fuzz/seed_corpus/fuzz_consttime/db1a240b3bd4591f5dac680852d1112986f83c64	yes	yes (per PR description)	libFuzzer build of every target, 60 s depth run per target, seed-corpus and dictionary loading, registration and reachability gates	V-gate*x61	PR394_FUZZ_DEPTH.tsv,PR394_FUZZ_DEPTH_O2G.tsv	no	0	none	none
fuzz/seed_corpus/fuzz_consttime/db72a2587aa62e5327e43f5d44d1e2ea7fc638ea	yes	yes (per PR description)	libFuzzer build of every target, 60 s depth run per target, seed-corpus and dictionary loading, registration and reachability gates	V-gate*x61	PR394_FUZZ_DEPTH.tsv,PR394_FUZZ_DEPTH_O2G.tsv	no	0	none	none
fuzz/seed_corpus/fuzz_consttime/dcf454b823e79ba97301e79f7c5251b4b0ba28c0	yes	yes (per PR description)	libFuzzer build of every target, 60 s depth run per target, seed-corpus and dictionary loading, registration and reachability gates	V-gate*x61	PR394_FUZZ_DEPTH.tsv,PR394_FUZZ_DEPTH_O2G.tsv	no	0	none	none
fuzz/seed_corpus/fuzz_consttime/diff_buffers	no	n/a (not in the PR diff)	libFuzzer build of every target, 60 s depth run per target, seed-corpus and dictionary loading, registration and reachability gates	V-gate*x61	PR394_FUZZ_DEPTH.tsv,PR394_FUZZ_DEPTH_O2G.tsv	no	0	none	none
fuzz/seed_corpus/fuzz_consttime/e196f7494ddfd73ece39a87a1ee0297c5425c1ab	yes	yes (per PR description)	libFuzzer build of every target, 60 s depth run per target, seed-corpus and dictionary loading, registration and reachability gates	V-gate*x61	PR394_FUZZ_DEPTH.tsv,PR394_FUZZ_DEPTH_O2G.tsv	no	0	none	none
fuzz/seed_corpus/fuzz_consttime/e1df030f5b7227301119b01b2487c05b23a353f8	yes	yes (per PR description)	libFuzzer build of every target, 60 s depth run per target, seed-corpus and dictionary loading, registration and reachability gates	V-gate*x61	PR394_FUZZ_DEPTH.tsv,PR394_FUZZ_DEPTH_O2G.tsv	no	0	none	none
fuzz/seed_corpus/fuzz_consttime/e2296c3796609bda5506084ab59c0679d2350303	yes	yes (per PR description)	libFuzzer build of every target, 60 s depth run per target, seed-corpus and dictionary loading, registration and reachability gates	V-gate*x61	PR394_FUZZ_DEPTH.tsv,PR394_FUZZ_DEPTH_O2G.tsv	no	0	none	none
fuzz/seed_corpus/fuzz_consttime/e2dba29631fa891c2ebde628b315554eb212231a	yes	yes (per PR description)	libFuzzer build of every target, 60 s depth run per target, seed-corpus and dictionary loading, registration and reachability gates	V-gate*x61	PR394_FUZZ_DEPTH.tsv,PR394_FUZZ_DEPTH_O2G.tsv	no	0	none	none
fuzz/seed_corpus/fuzz_consttime/e880064c7e580102db865f3f245cc1a5f5c10536	yes	yes (per PR description)	libFuzzer build of every target, 60 s depth run per target, seed-corpus and dictionary loading, registration and reachability gates	V-gate*x61	PR394_FUZZ_DEPTH.tsv,PR394_FUZZ_DEPTH_O2G.tsv	no	0	none	none
fuzz/seed_corpus/fuzz_consttime/e96a00a543f2d822720f437cc137b2b7107f1883	yes	yes (per PR description)	libFuzzer build of every target, 60 s depth run per target, seed-corpus and dictionary loading, registration and reachability gates	V-gate*x61	PR394_FUZZ_DEPTH.tsv,PR394_FUZZ_DEPTH_O2G.tsv	no	0	none	none
fuzz/seed_corpus/fuzz_consttime/eb63281aeb0c5abb0bef453b91df541ad967d315	yes	yes (per PR description)	libFuzzer build of every target, 60 s depth run per target, seed-corpus and dictionary loading, registration and reachability gates	V-gate*x61	PR394_FUZZ_DEPTH.tsv,PR394_FUZZ_DEPTH_O2G.tsv	no	0	none	none
fuzz/seed_corpus/fuzz_consttime/equal_buffers	no	n/a (not in the PR diff)	libFuzzer build of every target, 60 s depth run per target, seed-corpus and dictionary loading, registration and reachability gates	V-gate*x61	PR394_FUZZ_DEPTH.tsv,PR394_FUZZ_DEPTH_O2G.tsv	no	0	none	none
fuzz/seed_corpus/fuzz_consttime/f116a72702285b6c9a55f3a1d08506c3a5a0b3fa	yes	yes (per PR description)	libFuzzer build of every target, 60 s depth run per target, seed-corpus and dictionary loading, registration and reachability gates	V-gate*x61	PR394_FUZZ_DEPTH.tsv,PR394_FUZZ_DEPTH_O2G.tsv	no	0	none	none
fuzz/seed_corpus/fuzz_consttime/f3ffd498ae1eaf9f3eb528710e7229f869712121	yes	yes (per PR description)	libFuzzer build of every target, 60 s depth run per target, seed-corpus and dictionary loading, registration and reachability gates	V-gate*x61	PR394_FUZZ_DEPTH.tsv,PR394_FUZZ_DEPTH_O2G.tsv	no	0	none	none
fuzz/seed_corpus/fuzz_consttime/f40d30a94e8e05160a9436a53c19be9142bafb83	yes	yes (per PR description)	libFuzzer build of every target, 60 s depth run per target, seed-corpus and dictionary loading, registration and reachability gates	V-gate*x61	PR394_FUZZ_DEPTH.tsv,PR394_FUZZ_DEPTH_O2G.tsv	no	0	none	none
fuzz/seed_corpus/fuzz_consttime/f49198ffed284e86b9bdcc6477fe461ae749275b	yes	yes (per PR description)	libFuzzer build of every target, 60 s depth run per target, seed-corpus and dictionary loading, registration and reachability gates	V-gate*x61	PR394_FUZZ_DEPTH.tsv,PR394_FUZZ_DEPTH_O2G.tsv	no	0	none	none
fuzz/seed_corpus/fuzz_consttime/f5b7fdb86970fc8883474a1a7ceffe30feea6dcb	yes	yes (per PR description)	libFuzzer build of every target, 60 s depth run per target, seed-corpus and dictionary loading, registration and reachability gates	V-gate*x61	PR394_FUZZ_DEPTH.tsv,PR394_FUZZ_DEPTH_O2G.tsv	no	0	none	none
fuzz/seed_corpus/fuzz_consttime/f9efd42a7677d310340c30a61b60f21c1d10a1c9	yes	yes (per PR description)	libFuzzer build of every target, 60 s depth run per target, seed-corpus and dictionary loading, registration and reachability gates	V-gate*x61	PR394_FUZZ_DEPTH.tsv,PR394_FUZZ_DEPTH_O2G.tsv	no	0	none	none
fuzz/seed_corpus/fuzz_dilithium/042dc4512fa3d391c5170cf3aa61e6a638f84342	yes	yes (per PR description)	libFuzzer build of every target, 60 s depth run per target, seed-corpus and dictionary loading, registration and reachability gates	V-gate*x61	PR394_FUZZ_DEPTH.tsv,PR394_FUZZ_DEPTH_O2G.tsv	no	0	none	none
fuzz/seed_corpus/fuzz_dilithium/0458d57cc233a1fd54c2064457f15c4b62f80790	yes	yes (per PR description)	libFuzzer build of every target, 60 s depth run per target, seed-corpus and dictionary loading, registration and reachability gates	V-gate*x61	PR394_FUZZ_DEPTH.tsv,PR394_FUZZ_DEPTH_O2G.tsv	no	0	none	none
fuzz/seed_corpus/fuzz_dilithium/0bdeb6d2d38cba211617692c0da53abc6faf07d7	yes	yes (per PR description)	libFuzzer build of every target, 60 s depth run per target, seed-corpus and dictionary loading, registration and reachability gates	V-gate*x61	PR394_FUZZ_DEPTH.tsv,PR394_FUZZ_DEPTH_O2G.tsv	no	0	none	none
fuzz/seed_corpus/fuzz_dilithium/1489f923c4dca729178b3e3233458550d8dddf29	yes	yes (per PR description)	libFuzzer build of every target, 60 s depth run per target, seed-corpus and dictionary loading, registration and reachability gates	V-gate*x61	PR394_FUZZ_DEPTH.tsv,PR394_FUZZ_DEPTH_O2G.tsv	no	0	none	none
fuzz/seed_corpus/fuzz_dilithium/1a27af7e946533b3e3859d91f914084ada30ab13	yes	yes (per PR description)	libFuzzer build of every target, 60 s depth run per target, seed-corpus and dictionary loading, registration and reachability gates	V-gate*x61	PR394_FUZZ_DEPTH.tsv,PR394_FUZZ_DEPTH_O2G.tsv	no	0	none	none
fuzz/seed_corpus/fuzz_dilithium/1c3324d1f61ca0a11fa6701782e57207711664c3	yes	yes (per PR description)	libFuzzer build of every target, 60 s depth run per target, seed-corpus and dictionary loading, registration and reachability gates	V-gate*x61	PR394_FUZZ_DEPTH.tsv,PR394_FUZZ_DEPTH_O2G.tsv	no	0	none	none
fuzz/seed_corpus/fuzz_dilithium/206afd05eb6fc32ff9886cf4d60e7131c1e03426	yes	yes (per PR description)	libFuzzer build of every target, 60 s depth run per target, seed-corpus and dictionary loading, registration and reachability gates	V-gate*x61	PR394_FUZZ_DEPTH.tsv,PR394_FUZZ_DEPTH_O2G.tsv	no	0	none	none
fuzz/seed_corpus/fuzz_dilithium/24c5fd9298e9a698d9fc449c04f7b8101b291cdc	yes	yes (per PR description)	libFuzzer build of every target, 60 s depth run per target, seed-corpus and dictionary loading, registration and reachability gates	V-gate*x61	PR394_FUZZ_DEPTH.tsv,PR394_FUZZ_DEPTH_O2G.tsv	no	0	none	none
fuzz/seed_corpus/fuzz_dilithium/2548e34d6caf778771e60549b6c3c3e896ec1851	yes	yes (per PR description)	libFuzzer build of every target, 60 s depth run per target, seed-corpus and dictionary loading, registration and reachability gates	V-gate*x61	PR394_FUZZ_DEPTH.tsv,PR394_FUZZ_DEPTH_O2G.tsv	no	0	none	none
fuzz/seed_corpus/fuzz_dilithium/29b95b8a4f6875e95c51537bc0e111826b57b949	yes	yes (per PR description)	libFuzzer build of every target, 60 s depth run per target, seed-corpus and dictionary loading, registration and reachability gates	V-gate*x61	PR394_FUZZ_DEPTH.tsv,PR394_FUZZ_DEPTH_O2G.tsv	no	0	none	none
fuzz/seed_corpus/fuzz_dilithium/32db50268bc72fe723b930793fe52c6a83d7a958	yes	yes (per PR description)	libFuzzer build of every target, 60 s depth run per target, seed-corpus and dictionary loading, registration and reachability gates	V-gate*x61	PR394_FUZZ_DEPTH.tsv,PR394_FUZZ_DEPTH_O2G.tsv	no	0	none	none
fuzz/seed_corpus/fuzz_dilithium/36ca9bd2eef5d071631ce2b354da7fc9e38486b4	yes	yes (per PR description)	libFuzzer build of every target, 60 s depth run per target, seed-corpus and dictionary loading, registration and reachability gates	V-gate*x61	PR394_FUZZ_DEPTH.tsv,PR394_FUZZ_DEPTH_O2G.tsv	no	0	none	none
fuzz/seed_corpus/fuzz_dilithium/39a33f15083ab348fe9ed1b571418a8814b11cc9	yes	yes (per PR description)	libFuzzer build of every target, 60 s depth run per target, seed-corpus and dictionary loading, registration and reachability gates	V-gate*x61	PR394_FUZZ_DEPTH.tsv,PR394_FUZZ_DEPTH_O2G.tsv	no	0	none	none
fuzz/seed_corpus/fuzz_dilithium/3be888a054274576e79fb349b163e107f8420e48	yes	yes (per PR description)	libFuzzer build of every target, 60 s depth run per target, seed-corpus and dictionary loading, registration and reachability gates	V-gate*x61	PR394_FUZZ_DEPTH.tsv,PR394_FUZZ_DEPTH_O2G.tsv	no	0	none	none
fuzz/seed_corpus/fuzz_dilithium/3d02deffccddee2b355ebc87a651742a545ee0a2	yes	yes (per PR description)	libFuzzer build of every target, 60 s depth run per target, seed-corpus and dictionary loading, registration and reachability gates	V-gate*x61	PR394_FUZZ_DEPTH.tsv,PR394_FUZZ_DEPTH_O2G.tsv	no	0	none	none
fuzz/seed_corpus/fuzz_dilithium/4cad450f05df239ca5323feeae73331a44c963c8	yes	yes (per PR description)	libFuzzer build of every target, 60 s depth run per target, seed-corpus and dictionary loading, registration and reachability gates	V-gate*x61	PR394_FUZZ_DEPTH.tsv,PR394_FUZZ_DEPTH_O2G.tsv	no	0	none	none
fuzz/seed_corpus/fuzz_dilithium/502bd017f9f238d175c86aeb6a09ffe75ae035fe	yes	yes (per PR description)	libFuzzer build of every target, 60 s depth run per target, seed-corpus and dictionary loading, registration and reachability gates	V-gate*x61	PR394_FUZZ_DEPTH.tsv,PR394_FUZZ_DEPTH_O2G.tsv	no	0	none	none
fuzz/seed_corpus/fuzz_dilithium/52cda6e3257a85d481eb612ffadf98d16d8c9cec	yes	yes (per PR description)	libFuzzer build of every target, 60 s depth run per target, seed-corpus and dictionary loading, registration and reachability gates	V-gate*x61	PR394_FUZZ_DEPTH.tsv,PR394_FUZZ_DEPTH_O2G.tsv	no	0	none	none
fuzz/seed_corpus/fuzz_dilithium/58d548d112c5fa972469d09db983e814293d0ab4	yes	yes (per PR description)	libFuzzer build of every target, 60 s depth run per target, seed-corpus and dictionary loading, registration and reachability gates	V-gate*x61	PR394_FUZZ_DEPTH.tsv,PR394_FUZZ_DEPTH_O2G.tsv	no	0	none	none
fuzz/seed_corpus/fuzz_dilithium/5cea5a51764110bef3082c7d478f389bfaea74f6	yes	yes (per PR description)	libFuzzer build of every target, 60 s depth run per target, seed-corpus and dictionary loading, registration and reachability gates	V-gate*x61	PR394_FUZZ_DEPTH.tsv,PR394_FUZZ_DEPTH_O2G.tsv	no	0	none	none
fuzz/seed_corpus/fuzz_dilithium/63b222a5fbb95703634f7b4d6c110c17644c64dd	yes	yes (per PR description)	libFuzzer build of every target, 60 s depth run per target, seed-corpus and dictionary loading, registration and reachability gates	V-gate*x61	PR394_FUZZ_DEPTH.tsv,PR394_FUZZ_DEPTH_O2G.tsv	no	0	none	none
fuzz/seed_corpus/fuzz_dilithium/66c524f44df6cd9d3a5124346a6a870d789835a9	yes	yes (per PR description)	libFuzzer build of every target, 60 s depth run per target, seed-corpus and dictionary loading, registration and reachability gates	V-gate*x61	PR394_FUZZ_DEPTH.tsv,PR394_FUZZ_DEPTH_O2G.tsv	no	0	none	none
fuzz/seed_corpus/fuzz_dilithium/67a7c46dbc8fa86abcc7227025060672d36537a1	yes	yes (per PR description)	libFuzzer build of every target, 60 s depth run per target, seed-corpus and dictionary loading, registration and reachability gates	V-gate*x61	PR394_FUZZ_DEPTH.tsv,PR394_FUZZ_DEPTH_O2G.tsv	no	0	none	none
fuzz/seed_corpus/fuzz_dilithium/680b73bf202ac8e09cc775dead9d04cd1026dc85	yes	yes (per PR description)	libFuzzer build of every target, 60 s depth run per target, seed-corpus and dictionary loading, registration and reachability gates	V-gate*x61	PR394_FUZZ_DEPTH.tsv,PR394_FUZZ_DEPTH_O2G.tsv	no	0	none	none
fuzz/seed_corpus/fuzz_dilithium/6acea12ae93edf595827c7b7b41ba23ce7e06dae	yes	yes (per PR description)	libFuzzer build of every target, 60 s depth run per target, seed-corpus and dictionary loading, registration and reachability gates	V-gate*x61	PR394_FUZZ_DEPTH.tsv,PR394_FUZZ_DEPTH_O2G.tsv	no	0	none	none
fuzz/seed_corpus/fuzz_dilithium/6c1cefc627ce768058fc0af78087a48f7e700bd7	yes	yes (per PR description)	libFuzzer build of every target, 60 s depth run per target, seed-corpus and dictionary loading, registration and reachability gates	V-gate*x61	PR394_FUZZ_DEPTH.tsv,PR394_FUZZ_DEPTH_O2G.tsv	no	0	none	none
fuzz/seed_corpus/fuzz_dilithium/6ea7044fcde6e1aff873a00fe3afaf0d8ea34567	yes	yes (per PR description)	libFuzzer build of every target, 60 s depth run per target, seed-corpus and dictionary loading, registration and reachability gates	V-gate*x61	PR394_FUZZ_DEPTH.tsv,PR394_FUZZ_DEPTH_O2G.tsv	no	0	none	none
fuzz/seed_corpus/fuzz_dilithium/75e523eb58f7df13d603fb29c696b2646221d19c	yes	yes (per PR description)	libFuzzer build of every target, 60 s depth run per target, seed-corpus and dictionary loading, registration and reachability gates	V-gate*x61	PR394_FUZZ_DEPTH.tsv,PR394_FUZZ_DEPTH_O2G.tsv	no	0	none	none
fuzz/seed_corpus/fuzz_dilithium/7924f796734e46762add3e671ef64864f6bdf4a1	yes	yes (per PR description)	libFuzzer build of every target, 60 s depth run per target, seed-corpus and dictionary loading, registration and reachability gates	V-gate*x61	PR394_FUZZ_DEPTH.tsv,PR394_FUZZ_DEPTH_O2G.tsv	no	0	none	none
fuzz/seed_corpus/fuzz_dilithium/7ad2936993b304971caefc2ff340f7088929c175	yes	yes (per PR description)	libFuzzer build of every target, 60 s depth run per target, seed-corpus and dictionary loading, registration and reachability gates	V-gate*x61	PR394_FUZZ_DEPTH.tsv,PR394_FUZZ_DEPTH_O2G.tsv	no	0	none	none
fuzz/seed_corpus/fuzz_dilithium/826d1e9258f045f876834979f29eade5ba2ecd8c	yes	yes (per PR description)	libFuzzer build of every target, 60 s depth run per target, seed-corpus and dictionary loading, registration and reachability gates	V-gate*x61	PR394_FUZZ_DEPTH.tsv,PR394_FUZZ_DEPTH_O2G.tsv	no	0	none	none
fuzz/seed_corpus/fuzz_dilithium/874c7ceef94d87233ffc2f41363d1b617a9e3ea9	yes	yes (per PR description)	libFuzzer build of every target, 60 s depth run per target, seed-corpus and dictionary loading, registration and reachability gates	V-gate*x61	PR394_FUZZ_DEPTH.tsv,PR394_FUZZ_DEPTH_O2G.tsv	no	0	none	none
fuzz/seed_corpus/fuzz_dilithium/9a0d2bc0ab1d8d06d15931cbc7f9caffa7af30c1	yes	yes (per PR description)	libFuzzer build of every target, 60 s depth run per target, seed-corpus and dictionary loading, registration and reachability gates	V-gate*x61	PR394_FUZZ_DEPTH.tsv,PR394_FUZZ_DEPTH_O2G.tsv	no	0	none	none
fuzz/seed_corpus/fuzz_dilithium/9adc9b138284b1e06cdc47abfb0d6aa831eb38e6	yes	yes (per PR description)	libFuzzer build of every target, 60 s depth run per target, seed-corpus and dictionary loading, registration and reachability gates	V-gate*x61	PR394_FUZZ_DEPTH.tsv,PR394_FUZZ_DEPTH_O2G.tsv	no	0	none	none
fuzz/seed_corpus/fuzz_dilithium/a281f2f3fca3d318b4d52b34fe2c8e99900dfee6	yes	yes (per PR description)	libFuzzer build of every target, 60 s depth run per target, seed-corpus and dictionary loading, registration and reachability gates	V-gate*x61	PR394_FUZZ_DEPTH.tsv,PR394_FUZZ_DEPTH_O2G.tsv	no	0	none	none
fuzz/seed_corpus/fuzz_dilithium/a3d14da00ec6a1fb87097ed747ce7cc221e87645	yes	yes (per PR description)	libFuzzer build of every target, 60 s depth run per target, seed-corpus and dictionary loading, registration and reachability gates	V-gate*x61	PR394_FUZZ_DEPTH.tsv,PR394_FUZZ_DEPTH_O2G.tsv	no	0	none	none
fuzz/seed_corpus/fuzz_dilithium/a8110b4c0533392036b66089a0dfc1bdde931ad0	yes	yes (per PR description)	libFuzzer build of every target, 60 s depth run per target, seed-corpus and dictionary loading, registration and reachability gates	V-gate*x61	PR394_FUZZ_DEPTH.tsv,PR394_FUZZ_DEPTH_O2G.tsv	no	0	none	none
fuzz/seed_corpus/fuzz_dilithium/af258ac0aed45fc3afee00fd4a2b034c264335b7	yes	yes (per PR description)	libFuzzer build of every target, 60 s depth run per target, seed-corpus and dictionary loading, registration and reachability gates	V-gate*x61	PR394_FUZZ_DEPTH.tsv,PR394_FUZZ_DEPTH_O2G.tsv	no	0	none	none
fuzz/seed_corpus/fuzz_dilithium/afe3b20c644afc1f8704c877520071b62ccdf0fc	yes	yes (per PR description)	libFuzzer build of every target, 60 s depth run per target, seed-corpus and dictionary loading, registration and reachability gates	V-gate*x61	PR394_FUZZ_DEPTH.tsv,PR394_FUZZ_DEPTH_O2G.tsv	no	0	none	none
fuzz/seed_corpus/fuzz_dilithium/c02b43e363e5062ffbb8c4a714b0c7aa20a6a8d2	yes	yes (per PR description)	libFuzzer build of every target, 60 s depth run per target, seed-corpus and dictionary loading, registration and reachability gates	V-gate*x61	PR394_FUZZ_DEPTH.tsv,PR394_FUZZ_DEPTH_O2G.tsv	no	0	none	none
fuzz/seed_corpus/fuzz_dilithium/c228e3ff54a04ac68829da96742efea81d914695	yes	yes (per PR description)	libFuzzer build of every target, 60 s depth run per target, seed-corpus and dictionary loading, registration and reachability gates	V-gate*x61	PR394_FUZZ_DEPTH.tsv,PR394_FUZZ_DEPTH_O2G.tsv	no	0	none	none
fuzz/seed_corpus/fuzz_dilithium/c65e9d4c7c905f55c94a69875150821c6880aa60	yes	yes (per PR description)	libFuzzer build of every target, 60 s depth run per target, seed-corpus and dictionary loading, registration and reachability gates	V-gate*x61	PR394_FUZZ_DEPTH.tsv,PR394_FUZZ_DEPTH_O2G.tsv	no	0	none	none
fuzz/seed_corpus/fuzz_dilithium/c88383ed3b29a105a5568e44efd20a47e89197ff	yes	yes (per PR description)	libFuzzer build of every target, 60 s depth run per target, seed-corpus and dictionary loading, registration and reachability gates	V-gate*x61	PR394_FUZZ_DEPTH.tsv,PR394_FUZZ_DEPTH_O2G.tsv	no	0	none	none
fuzz/seed_corpus/fuzz_dilithium/cd3c76b84c562fe3056446e357fca8e37e4e239a	yes	yes (per PR description)	libFuzzer build of every target, 60 s depth run per target, seed-corpus and dictionary loading, registration and reachability gates	V-gate*x61	PR394_FUZZ_DEPTH.tsv,PR394_FUZZ_DEPTH_O2G.tsv	no	0	none	none
fuzz/seed_corpus/fuzz_dilithium/cf6f8c66ce9f65b02b023820b6627c02f8a5d417	yes	yes (per PR description)	libFuzzer build of every target, 60 s depth run per target, seed-corpus and dictionary loading, registration and reachability gates	V-gate*x61	PR394_FUZZ_DEPTH.tsv,PR394_FUZZ_DEPTH_O2G.tsv	no	0	none	none
fuzz/seed_corpus/fuzz_dilithium/d17d56344273d138ee581956fb21fe4a0173ce0f	yes	yes (per PR description)	libFuzzer build of every target, 60 s depth run per target, seed-corpus and dictionary loading, registration and reachability gates	V-gate*x61	PR394_FUZZ_DEPTH.tsv,PR394_FUZZ_DEPTH_O2G.tsv	no	0	none	none
fuzz/seed_corpus/fuzz_dilithium/da734b308282bcaa355aad95c6b5808c421f9040	yes	yes (per PR description)	libFuzzer build of every target, 60 s depth run per target, seed-corpus and dictionary loading, registration and reachability gates	V-gate*x61	PR394_FUZZ_DEPTH.tsv,PR394_FUZZ_DEPTH_O2G.tsv	no	0	none	none
fuzz/seed_corpus/fuzz_dilithium/dc9e44dc2a9a9048f77095c80cecebb18bac9898	yes	yes (per PR description)	libFuzzer build of every target, 60 s depth run per target, seed-corpus and dictionary loading, registration and reachability gates	V-gate*x61	PR394_FUZZ_DEPTH.tsv,PR394_FUZZ_DEPTH_O2G.tsv	no	0	none	none
fuzz/seed_corpus/fuzz_dilithium/df211ccdd94a63e0bcb9e6ae427a249484a49d60	yes	yes (per PR description)	libFuzzer build of every target, 60 s depth run per target, seed-corpus and dictionary loading, registration and reachability gates	V-gate*x61	PR394_FUZZ_DEPTH.tsv,PR394_FUZZ_DEPTH_O2G.tsv	no	0	none	none
fuzz/seed_corpus/fuzz_dilithium/df9995252669b9ee3cfba00b39d436c58511f6ac	yes	yes (per PR description)	libFuzzer build of every target, 60 s depth run per target, seed-corpus and dictionary loading, registration and reachability gates	V-gate*x61	PR394_FUZZ_DEPTH.tsv,PR394_FUZZ_DEPTH_O2G.tsv	no	0	none	none
fuzz/seed_corpus/fuzz_dilithium/e1b4aa8c7f7863a12061c607b30c038f58c68879	yes	yes (per PR description)	libFuzzer build of every target, 60 s depth run per target, seed-corpus and dictionary loading, registration and reachability gates	V-gate*x61	PR394_FUZZ_DEPTH.tsv,PR394_FUZZ_DEPTH_O2G.tsv	no	0	none	none
fuzz/seed_corpus/fuzz_dilithium/e1f866aa4df9180f15417a73b81bfaf973b25f44	yes	yes (per PR description)	libFuzzer build of every target, 60 s depth run per target, seed-corpus and dictionary loading, registration and reachability gates	V-gate*x61	PR394_FUZZ_DEPTH.tsv,PR394_FUZZ_DEPTH_O2G.tsv	no	0	none	none
fuzz/seed_corpus/fuzz_dilithium/e70db57ee05216a65d4d0e2dc9340e87ff9e9795	yes	yes (per PR description)	libFuzzer build of every target, 60 s depth run per target, seed-corpus and dictionary loading, registration and reachability gates	V-gate*x61	PR394_FUZZ_DEPTH.tsv,PR394_FUZZ_DEPTH_O2G.tsv	no	0	none	none
fuzz/seed_corpus/fuzz_dilithium/f013567c9ee5684e1b08827d046de446684845af	yes	yes (per PR description)	libFuzzer build of every target, 60 s depth run per target, seed-corpus and dictionary loading, registration and reachability gates	V-gate*x61	PR394_FUZZ_DEPTH.tsv,PR394_FUZZ_DEPTH_O2G.tsv	no	0	none	none
fuzz/seed_corpus/fuzz_dilithium/f0c957104bb1b80c9d125d9c8cbb3f06fbf2ab1a	yes	yes (per PR description)	libFuzzer build of every target, 60 s depth run per target, seed-corpus and dictionary loading, registration and reachability gates	V-gate*x61	PR394_FUZZ_DEPTH.tsv,PR394_FUZZ_DEPTH_O2G.tsv	no	0	none	none
fuzz/seed_corpus/fuzz_dilithium/f0ffad42cd393eb80421b423fd8f45bb6bbe5874	yes	yes (per PR description)	libFuzzer build of every target, 60 s depth run per target, seed-corpus and dictionary loading, registration and reachability gates	V-gate*x61	PR394_FUZZ_DEPTH.tsv,PR394_FUZZ_DEPTH_O2G.tsv	no	0	none	none
fuzz/seed_corpus/fuzz_dilithium/f6ca6b2e2ab614cb4e6d16e184879c70a57912f2	yes	yes (per PR description)	libFuzzer build of every target, 60 s depth run per target, seed-corpus and dictionary loading, registration and reachability gates	V-gate*x61	PR394_FUZZ_DEPTH.tsv,PR394_FUZZ_DEPTH_O2G.tsv	no	0	none	none
fuzz/seed_corpus/fuzz_dilithium/seed_and_msg	no	n/a (not in the PR diff)	libFuzzer build of every target, 60 s depth run per target, seed-corpus and dictionary loading, registration and reachability gates	V-gate*x61	PR394_FUZZ_DEPTH.tsv,PR394_FUZZ_DEPTH_O2G.tsv	no	0	none	none
fuzz/seed_corpus/fuzz_dilithium/verify-exact-ff.bin	yes	yes (per PR description)	libFuzzer build of every target, 60 s depth run per target, seed-corpus and dictionary loading, registration and reachability gates	V-gate*x61	PR394_FUZZ_DEPTH.tsv,PR394_FUZZ_DEPTH_O2G.tsv	no	0	none	none
fuzz/seed_corpus/fuzz_dilithium/verify-exact-prng.bin	yes	yes (per PR description)	libFuzzer build of every target, 60 s depth run per target, seed-corpus and dictionary loading, registration and reachability gates	V-gate*x61	PR394_FUZZ_DEPTH.tsv,PR394_FUZZ_DEPTH_O2G.tsv	no	0	none	none
fuzz/seed_corpus/fuzz_dilithium/verify-exact-zero.bin	yes	yes (per PR description)	libFuzzer build of every target, 60 s depth run per target, seed-corpus and dictionary loading, registration and reachability gates	V-gate*x61	PR394_FUZZ_DEPTH.tsv,PR394_FUZZ_DEPTH_O2G.tsv	no	0	none	none
fuzz/seed_corpus/fuzz_dilithium/verify-one-short.bin	yes	yes (per PR description)	libFuzzer build of every target, 60 s depth run per target, seed-corpus and dictionary loading, registration and reachability gates	V-gate*x61	PR394_FUZZ_DEPTH.tsv,PR394_FUZZ_DEPTH_O2G.tsv	no	0	none	none
fuzz/seed_corpus/fuzz_ed25519/069db7d8a3f992a672c35c21dddfd6a304e6167c	yes	yes (per PR description)	libFuzzer build of every target, 60 s depth run per target, seed-corpus and dictionary loading, registration and reachability gates	V-gate*x61	PR394_FUZZ_DEPTH.tsv,PR394_FUZZ_DEPTH_O2G.tsv	no	0	none	none
fuzz/seed_corpus/fuzz_ed25519/08dbbf42caba6501b69b1cea7a9b84e358e66ddb	yes	yes (per PR description)	libFuzzer build of every target, 60 s depth run per target, seed-corpus and dictionary loading, registration and reachability gates	V-gate*x61	PR394_FUZZ_DEPTH.tsv,PR394_FUZZ_DEPTH_O2G.tsv	no	0	none	none
fuzz/seed_corpus/fuzz_ed25519/0a077a1e224cfe203b6c5208707bda63063ffb49	yes	yes (per PR description)	libFuzzer build of every target, 60 s depth run per target, seed-corpus and dictionary loading, registration and reachability gates	V-gate*x61	PR394_FUZZ_DEPTH.tsv,PR394_FUZZ_DEPTH_O2G.tsv	no	0	none	none
fuzz/seed_corpus/fuzz_ed25519/0a3204b1be5b872e0db34eaf070be60ab975ad36	yes	yes (per PR description)	libFuzzer build of every target, 60 s depth run per target, seed-corpus and dictionary loading, registration and reachability gates	V-gate*x61	PR394_FUZZ_DEPTH.tsv,PR394_FUZZ_DEPTH_O2G.tsv	no	0	none	none
fuzz/seed_corpus/fuzz_ed25519/0a446b5ce983584d898f6b749ca41def34d70a54	yes	yes (per PR description)	libFuzzer build of every target, 60 s depth run per target, seed-corpus and dictionary loading, registration and reachability gates	V-gate*x61	PR394_FUZZ_DEPTH.tsv,PR394_FUZZ_DEPTH_O2G.tsv	no	0	none	none
fuzz/seed_corpus/fuzz_ed25519/12a84477a0060c445561a929a226c5daffbe5519	yes	yes (per PR description)	libFuzzer build of every target, 60 s depth run per target, seed-corpus and dictionary loading, registration and reachability gates	V-gate*x61	PR394_FUZZ_DEPTH.tsv,PR394_FUZZ_DEPTH_O2G.tsv	no	0	none	none
fuzz/seed_corpus/fuzz_ed25519/1b219144832ff6e28890a23ad3fb6ba0b36a9d58	yes	yes (per PR description)	libFuzzer build of every target, 60 s depth run per target, seed-corpus and dictionary loading, registration and reachability gates	V-gate*x61	PR394_FUZZ_DEPTH.tsv,PR394_FUZZ_DEPTH_O2G.tsv	no	0	none	none
fuzz/seed_corpus/fuzz_ed25519/1da8fcd010c75c78332db1ccc31eb54da8ece817	yes	yes (per PR description)	libFuzzer build of every target, 60 s depth run per target, seed-corpus and dictionary loading, registration and reachability gates	V-gate*x61	PR394_FUZZ_DEPTH.tsv,PR394_FUZZ_DEPTH_O2G.tsv	no	0	none	none
fuzz/seed_corpus/fuzz_ed25519/1ebf5e45f8fc64eb67bd0a0497377388fa6cfaa0	yes	yes (per PR description)	libFuzzer build of every target, 60 s depth run per target, seed-corpus and dictionary loading, registration and reachability gates	V-gate*x61	PR394_FUZZ_DEPTH.tsv,PR394_FUZZ_DEPTH_O2G.tsv	no	0	none	none
fuzz/seed_corpus/fuzz_ed25519/24e0565d8dfe7b9267afa5d4905da744c04de100	yes	yes (per PR description)	libFuzzer build of every target, 60 s depth run per target, seed-corpus and dictionary loading, registration and reachability gates	V-gate*x61	PR394_FUZZ_DEPTH.tsv,PR394_FUZZ_DEPTH_O2G.tsv	no	0	none	none
fuzz/seed_corpus/fuzz_ed25519/2b7136da2604d0b5cd2d1144bf699febf7b8d28b	yes	yes (per PR description)	libFuzzer build of every target, 60 s depth run per target, seed-corpus and dictionary loading, registration and reachability gates	V-gate*x61	PR394_FUZZ_DEPTH.tsv,PR394_FUZZ_DEPTH_O2G.tsv	no	0	none	none
fuzz/seed_corpus/fuzz_ed25519/2e576070ed7fbcf6b3e921c5b8c4607a87cc76d9	yes	yes (per PR description)	libFuzzer build of every target, 60 s depth run per target, seed-corpus and dictionary loading, registration and reachability gates	V-gate*x61	PR394_FUZZ_DEPTH.tsv,PR394_FUZZ_DEPTH_O2G.tsv	no	0	none	none
fuzz/seed_corpus/fuzz_ed25519/3358f08da6ec2165df00a71aa9bdada70e49084e	yes	yes (per PR description)	libFuzzer build of every target, 60 s depth run per target, seed-corpus and dictionary loading, registration and reachability gates	V-gate*x61	PR394_FUZZ_DEPTH.tsv,PR394_FUZZ_DEPTH_O2G.tsv	no	0	none	none
fuzz/seed_corpus/fuzz_ed25519/3627374762919e829d785760372681962814249a	yes	yes (per PR description)	libFuzzer build of every target, 60 s depth run per target, seed-corpus and dictionary loading, registration and reachability gates	V-gate*x61	PR394_FUZZ_DEPTH.tsv,PR394_FUZZ_DEPTH_O2G.tsv	no	0	none	none
fuzz/seed_corpus/fuzz_ed25519/39aca344610613ed28ee3b0675b77e18a8a39c61	yes	yes (per PR description)	libFuzzer build of every target, 60 s depth run per target, seed-corpus and dictionary loading, registration and reachability gates	V-gate*x61	PR394_FUZZ_DEPTH.tsv,PR394_FUZZ_DEPTH_O2G.tsv	no	0	none	none
fuzz/seed_corpus/fuzz_ed25519/3db500521775d42d2d5a88fada7ff57b1d014303	yes	yes (per PR description)	libFuzzer build of every target, 60 s depth run per target, seed-corpus and dictionary loading, registration and reachability gates	V-gate*x61	PR394_FUZZ_DEPTH.tsv,PR394_FUZZ_DEPTH_O2G.tsv	no	0	none	none
fuzz/seed_corpus/fuzz_ed25519/4b48a8a44c03244331aa81acefbae4c08a39a3ec	yes	yes (per PR description)	libFuzzer build of every target, 60 s depth run per target, seed-corpus and dictionary loading, registration and reachability gates	V-gate*x61	PR394_FUZZ_DEPTH.tsv,PR394_FUZZ_DEPTH_O2G.tsv	no	0	none	none
fuzz/seed_corpus/fuzz_ed25519/5023161d6fc8a6cd17d199990eef7ff5ab79fd5f	yes	yes (per PR description)	libFuzzer build of every target, 60 s depth run per target, seed-corpus and dictionary loading, registration and reachability gates	V-gate*x61	PR394_FUZZ_DEPTH.tsv,PR394_FUZZ_DEPTH_O2G.tsv	no	0	none	none
fuzz/seed_corpus/fuzz_ed25519/5a87428747e6bdbfb200a8074e9a42274496e0bb	yes	yes (per PR description)	libFuzzer build of every target, 60 s depth run per target, seed-corpus and dictionary loading, registration and reachability gates	V-gate*x61	PR394_FUZZ_DEPTH.tsv,PR394_FUZZ_DEPTH_O2G.tsv	no	0	none	none
fuzz/seed_corpus/fuzz_ed25519/61a5c5a2d83f4eb6387e140a6c8ebd276d36523c	yes	yes (per PR description)	libFuzzer build of every target, 60 s depth run per target, seed-corpus and dictionary loading, registration and reachability gates	V-gate*x61	PR394_FUZZ_DEPTH.tsv,PR394_FUZZ_DEPTH_O2G.tsv	no	0	none	none
fuzz/seed_corpus/fuzz_ed25519/63cad35864604125e17fd7cf25d86f79f0babc89	yes	yes (per PR description)	libFuzzer build of every target, 60 s depth run per target, seed-corpus and dictionary loading, registration and reachability gates	V-gate*x61	PR394_FUZZ_DEPTH.tsv,PR394_FUZZ_DEPTH_O2G.tsv	no	0	none	none
fuzz/seed_corpus/fuzz_ed25519/68828b29929f104fdd39886cb75f2e9889bf9f33	yes	yes (per PR description)	libFuzzer build of every target, 60 s depth run per target, seed-corpus and dictionary loading, registration and reachability gates	V-gate*x61	PR394_FUZZ_DEPTH.tsv,PR394_FUZZ_DEPTH_O2G.tsv	no	0	none	none
fuzz/seed_corpus/fuzz_ed25519/688705823e5017dbaeb29cd6ea578517d904db7e	yes	yes (per PR description)	libFuzzer build of every target, 60 s depth run per target, seed-corpus and dictionary loading, registration and reachability gates	V-gate*x61	PR394_FUZZ_DEPTH.tsv,PR394_FUZZ_DEPTH_O2G.tsv	no	0	none	none
fuzz/seed_corpus/fuzz_ed25519/6fe9009c05eaa344ebfbe3b6d802bcef3352f477	yes	yes (per PR description)	libFuzzer build of every target, 60 s depth run per target, seed-corpus and dictionary loading, registration and reachability gates	V-gate*x61	PR394_FUZZ_DEPTH.tsv,PR394_FUZZ_DEPTH_O2G.tsv	no	0	none	none
fuzz/seed_corpus/fuzz_ed25519/70a3c5b5fd803fe1a5eefb10143af2841f7633d5	yes	yes (per PR description)	libFuzzer build of every target, 60 s depth run per target, seed-corpus and dictionary loading, registration and reachability gates	V-gate*x61	PR394_FUZZ_DEPTH.tsv,PR394_FUZZ_DEPTH_O2G.tsv	no	0	none	none
fuzz/seed_corpus/fuzz_ed25519/72df1222e3ee40772fa6d46e9655cc6d24014e56	yes	yes (per PR description)	libFuzzer build of every target, 60 s depth run per target, seed-corpus and dictionary loading, registration and reachability gates	V-gate*x61	PR394_FUZZ_DEPTH.tsv,PR394_FUZZ_DEPTH_O2G.tsv	no	0	none	none
fuzz/seed_corpus/fuzz_ed25519/745bd653455ccb81ff8922a167ac8ebdb31a0631	yes	yes (per PR description)	libFuzzer build of every target, 60 s depth run per target, seed-corpus and dictionary loading, registration and reachability gates	V-gate*x61	PR394_FUZZ_DEPTH.tsv,PR394_FUZZ_DEPTH_O2G.tsv	no	0	none	none
fuzz/seed_corpus/fuzz_ed25519/79ee4c2017cb33f8748baa608943fc5ca8b58682	yes	yes (per PR description)	libFuzzer build of every target, 60 s depth run per target, seed-corpus and dictionary loading, registration and reachability gates	V-gate*x61	PR394_FUZZ_DEPTH.tsv,PR394_FUZZ_DEPTH_O2G.tsv	no	0	none	none
fuzz/seed_corpus/fuzz_ed25519/7cea696a68120a76a2c9ee247460d8f7a2b86af9	yes	yes (per PR description)	libFuzzer build of every target, 60 s depth run per target, seed-corpus and dictionary loading, registration and reachability gates	V-gate*x61	PR394_FUZZ_DEPTH.tsv,PR394_FUZZ_DEPTH_O2G.tsv	no	0	none	none
fuzz/seed_corpus/fuzz_ed25519/7e686ea4593d955a174896ead932e33388ad980c	yes	yes (per PR description)	libFuzzer build of every target, 60 s depth run per target, seed-corpus and dictionary loading, registration and reachability gates	V-gate*x61	PR394_FUZZ_DEPTH.tsv,PR394_FUZZ_DEPTH_O2G.tsv	no	0	none	none
fuzz/seed_corpus/fuzz_ed25519/7ee0481d8d37469bd6c9750a3d106e1ac9366196	yes	yes (per PR description)	libFuzzer build of every target, 60 s depth run per target, seed-corpus and dictionary loading, registration and reachability gates	V-gate*x61	PR394_FUZZ_DEPTH.tsv,PR394_FUZZ_DEPTH_O2G.tsv	no	0	none	none
fuzz/seed_corpus/fuzz_ed25519/8bad01a113175d63a809c843a3506a23d8b5f8a7	yes	yes (per PR description)	libFuzzer build of every target, 60 s depth run per target, seed-corpus and dictionary loading, registration and reachability gates	V-gate*x61	PR394_FUZZ_DEPTH.tsv,PR394_FUZZ_DEPTH_O2G.tsv	no	0	none	none
fuzz/seed_corpus/fuzz_ed25519/8eb6e1b105d778b8a0f7979ce677e648cdb49320	yes	yes (per PR description)	libFuzzer build of every target, 60 s depth run per target, seed-corpus and dictionary loading, registration and reachability gates	V-gate*x61	PR394_FUZZ_DEPTH.tsv,PR394_FUZZ_DEPTH_O2G.tsv	no	0	none	none
fuzz/seed_corpus/fuzz_ed25519/9365ce004d1a0eed28a835f640a21676d14430a5	yes	yes (per PR description)	libFuzzer build of every target, 60 s depth run per target, seed-corpus and dictionary loading, registration and reachability gates	V-gate*x61	PR394_FUZZ_DEPTH.tsv,PR394_FUZZ_DEPTH_O2G.tsv	no	0	none	none
fuzz/seed_corpus/fuzz_ed25519/992622c36e4e677bf7db308e5ae8763e491ee476	yes	yes (per PR description)	libFuzzer build of every target, 60 s depth run per target, seed-corpus and dictionary loading, registration and reachability gates	V-gate*x61	PR394_FUZZ_DEPTH.tsv,PR394_FUZZ_DEPTH_O2G.tsv	no	0	none	none
fuzz/seed_corpus/fuzz_ed25519/9a596b812394a3febdb89afa0a83e4ae50698a35	yes	yes (per PR description)	libFuzzer build of every target, 60 s depth run per target, seed-corpus and dictionary loading, registration and reachability gates	V-gate*x61	PR394_FUZZ_DEPTH.tsv,PR394_FUZZ_DEPTH_O2G.tsv	no	0	none	none
fuzz/seed_corpus/fuzz_ed25519/a99a3a0ce00f18abd70291c42e6b843c7a1d2dcc	yes	yes (per PR description)	libFuzzer build of every target, 60 s depth run per target, seed-corpus and dictionary loading, registration and reachability gates	V-gate*x61	PR394_FUZZ_DEPTH.tsv,PR394_FUZZ_DEPTH_O2G.tsv	no	0	none	none
fuzz/seed_corpus/fuzz_ed25519/abd3a619ff8ccb08da17588bd014ef466d117888	yes	yes (per PR description)	libFuzzer build of every target, 60 s depth run per target, seed-corpus and dictionary loading, registration and reachability gates	V-gate*x61	PR394_FUZZ_DEPTH.tsv,PR394_FUZZ_DEPTH_O2G.tsv	no	0	none	none
fuzz/seed_corpus/fuzz_ed25519/b14317f60537b1934bf82d0c74b01fc5e4dcc3c9	yes	yes (per PR description)	libFuzzer build of every target, 60 s depth run per target, seed-corpus and dictionary loading, registration and reachability gates	V-gate*x61	PR394_FUZZ_DEPTH.tsv,PR394_FUZZ_DEPTH_O2G.tsv	no	0	none	none
fuzz/seed_corpus/fuzz_ed25519/b2c9c90d0bbd3f4b75e2498ceae5467c3085e7cb	yes	yes (per PR description)	libFuzzer build of every target, 60 s depth run per target, seed-corpus and dictionary loading, registration and reachability gates	V-gate*x61	PR394_FUZZ_DEPTH.tsv,PR394_FUZZ_DEPTH_O2G.tsv	no	0	none	none
fuzz/seed_corpus/fuzz_ed25519/b2ca6a7d6130b432acbc1330c4b98fbfd889cdab	yes	yes (per PR description)	libFuzzer build of every target, 60 s depth run per target, seed-corpus and dictionary loading, registration and reachability gates	V-gate*x61	PR394_FUZZ_DEPTH.tsv,PR394_FUZZ_DEPTH_O2G.tsv	no	0	none	none
fuzz/seed_corpus/fuzz_ed25519/b53396164fc54a81291769a94e2f3883b97837d2	yes	yes (per PR description)	libFuzzer build of every target, 60 s depth run per target, seed-corpus and dictionary loading, registration and reachability gates	V-gate*x61	PR394_FUZZ_DEPTH.tsv,PR394_FUZZ_DEPTH_O2G.tsv	no	0	none	none
fuzz/seed_corpus/fuzz_ed25519/b63b98d1e62f9da926d9928e0bb4f8fd7328d642	yes	yes (per PR description)	libFuzzer build of every target, 60 s depth run per target, seed-corpus and dictionary loading, registration and reachability gates	V-gate*x61	PR394_FUZZ_DEPTH.tsv,PR394_FUZZ_DEPTH_O2G.tsv	no	0	none	none
fuzz/seed_corpus/fuzz_ed25519/be368cb9c4c1dfb297c0cb5187590faff18acd62	yes	yes (per PR description)	libFuzzer build of every target, 60 s depth run per target, seed-corpus and dictionary loading, registration and reachability gates	V-gate*x61	PR394_FUZZ_DEPTH.tsv,PR394_FUZZ_DEPTH_O2G.tsv	no	0	none	none
fuzz/seed_corpus/fuzz_ed25519/c0a7f1aa3453d5738ec1f3d1f87521db59db23ab	yes	yes (per PR description)	libFuzzer build of every target, 60 s depth run per target, seed-corpus and dictionary loading, registration and reachability gates	V-gate*x61	PR394_FUZZ_DEPTH.tsv,PR394_FUZZ_DEPTH_O2G.tsv	no	0	none	none
fuzz/seed_corpus/fuzz_ed25519/c3f0c8ef923a2ed71a05d4b1a94c0495eb205b9e	yes	yes (per PR description)	libFuzzer build of every target, 60 s depth run per target, seed-corpus and dictionary loading, registration and reachability gates	V-gate*x61	PR394_FUZZ_DEPTH.tsv,PR394_FUZZ_DEPTH_O2G.tsv	no	0	none	none
fuzz/seed_corpus/fuzz_ed25519/c74ac96647d60bc2757dd8396ca3416a2d4f01a9	yes	yes (per PR description)	libFuzzer build of every target, 60 s depth run per target, seed-corpus and dictionary loading, registration and reachability gates	V-gate*x61	PR394_FUZZ_DEPTH.tsv,PR394_FUZZ_DEPTH_O2G.tsv	no	0	none	none
fuzz/seed_corpus/fuzz_ed25519/cd5f6bfa504a04f9d666d3e718c2219a260c2c26	yes	yes (per PR description)	libFuzzer build of every target, 60 s depth run per target, seed-corpus and dictionary loading, registration and reachability gates	V-gate*x61	PR394_FUZZ_DEPTH.tsv,PR394_FUZZ_DEPTH_O2G.tsv	no	0	none	none
fuzz/seed_corpus/fuzz_ed25519/d4275098dbfec98db064890de7cd4876e630d0a5	yes	yes (per PR description)	libFuzzer build of every target, 60 s depth run per target, seed-corpus and dictionary loading, registration and reachability gates	V-gate*x61	PR394_FUZZ_DEPTH.tsv,PR394_FUZZ_DEPTH_O2G.tsv	no	0	none	none
fuzz/seed_corpus/fuzz_ed25519/da2b5e08416bd780bcb83d2278c707570c28eae6	yes	yes (per PR description)	libFuzzer build of every target, 60 s depth run per target, seed-corpus and dictionary loading, registration and reachability gates	V-gate*x61	PR394_FUZZ_DEPTH.tsv,PR394_FUZZ_DEPTH_O2G.tsv	no	0	none	none
fuzz/seed_corpus/fuzz_ed25519/dbe56b80f7627d4b10d000f3823d58d715fb5189	yes	yes (per PR description)	libFuzzer build of every target, 60 s depth run per target, seed-corpus and dictionary loading, registration and reachability gates	V-gate*x61	PR394_FUZZ_DEPTH.tsv,PR394_FUZZ_DEPTH_O2G.tsv	no	0	none	none
fuzz/seed_corpus/fuzz_ed25519/e08af613e4079690b89c74a92b5a18131dc14a1a	yes	yes (per PR description)	libFuzzer build of every target, 60 s depth run per target, seed-corpus and dictionary loading, registration and reachability gates	V-gate*x61	PR394_FUZZ_DEPTH.tsv,PR394_FUZZ_DEPTH_O2G.tsv	no	0	none	none
fuzz/seed_corpus/fuzz_ed25519/ed1d1b04339a2ccfcb83a981f7e5edc99aed136b	yes	yes (per PR description)	libFuzzer build of every target, 60 s depth run per target, seed-corpus and dictionary loading, registration and reachability gates	V-gate*x61	PR394_FUZZ_DEPTH.tsv,PR394_FUZZ_DEPTH_O2G.tsv	no	0	none	none
fuzz/seed_corpus/fuzz_ed25519/ed29e7a3d13970e2ebe8e502e3726c1ccc6dc825	yes	yes (per PR description)	libFuzzer build of every target, 60 s depth run per target, seed-corpus and dictionary loading, registration and reachability gates	V-gate*x61	PR394_FUZZ_DEPTH.tsv,PR394_FUZZ_DEPTH_O2G.tsv	no	0	none	none
fuzz/seed_corpus/fuzz_ed25519/ed86aed5ba83ce938b710564f7ac6ae8bc5d4331	yes	yes (per PR description)	libFuzzer build of every target, 60 s depth run per target, seed-corpus and dictionary loading, registration and reachability gates	V-gate*x61	PR394_FUZZ_DEPTH.tsv,PR394_FUZZ_DEPTH_O2G.tsv	no	0	none	none
fuzz/seed_corpus/fuzz_ed25519/f384bd7f725e1a3844bd972644fd0083b563f060	yes	yes (per PR description)	libFuzzer build of every target, 60 s depth run per target, seed-corpus and dictionary loading, registration and reachability gates	V-gate*x61	PR394_FUZZ_DEPTH.tsv,PR394_FUZZ_DEPTH_O2G.tsv	no	0	none	none
fuzz/seed_corpus/fuzz_ed25519/f773ba36790b3255593144878e1cb0fbad46462e	yes	yes (per PR description)	libFuzzer build of every target, 60 s depth run per target, seed-corpus and dictionary loading, registration and reachability gates	V-gate*x61	PR394_FUZZ_DEPTH.tsv,PR394_FUZZ_DEPTH_O2G.tsv	no	0	none	none
fuzz/seed_corpus/fuzz_ed25519/f78f761d1f811ecdc60721decc3565eff7a2f1fe	yes	yes (per PR description)	libFuzzer build of every target, 60 s depth run per target, seed-corpus and dictionary loading, registration and reachability gates	V-gate*x61	PR394_FUZZ_DEPTH.tsv,PR394_FUZZ_DEPTH_O2G.tsv	no	0	none	none
fuzz/seed_corpus/fuzz_ed25519/f8163702da1c3d029619c5764d1cbcdbf2c80901	yes	yes (per PR description)	libFuzzer build of every target, 60 s depth run per target, seed-corpus and dictionary loading, registration and reachability gates	V-gate*x61	PR394_FUZZ_DEPTH.tsv,PR394_FUZZ_DEPTH_O2G.tsv	no	0	none	none
fuzz/seed_corpus/fuzz_ed25519/fdd3ced175eb8f7224721dd70c2ccfc94424a0f5	yes	yes (per PR description)	libFuzzer build of every target, 60 s depth run per target, seed-corpus and dictionary loading, registration and reachability gates	V-gate*x61	PR394_FUZZ_DEPTH.tsv,PR394_FUZZ_DEPTH_O2G.tsv	no	0	none	none
fuzz/seed_corpus/fuzz_ed25519/fe034f287c88539d84808410aaaa5277bce3eb36	yes	yes (per PR description)	libFuzzer build of every target, 60 s depth run per target, seed-corpus and dictionary loading, registration and reachability gates	V-gate*x61	PR394_FUZZ_DEPTH.tsv,PR394_FUZZ_DEPTH_O2G.tsv	no	0	none	none
fuzz/seed_corpus/fuzz_ed25519/fe14eb6e60da52d3301188767791e622fb12138e	yes	yes (per PR description)	libFuzzer build of every target, 60 s depth run per target, seed-corpus and dictionary loading, registration and reachability gates	V-gate*x61	PR394_FUZZ_DEPTH.tsv,PR394_FUZZ_DEPTH_O2G.tsv	no	0	none	none
fuzz/seed_corpus/fuzz_ed25519/ffdb09622826e5fb84d8865ba5b3928de4c58496	yes	yes (per PR description)	libFuzzer build of every target, 60 s depth run per target, seed-corpus and dictionary loading, registration and reachability gates	V-gate*x61	PR394_FUZZ_DEPTH.tsv,PR394_FUZZ_DEPTH_O2G.tsv	no	0	none	none
fuzz/seed_corpus/fuzz_ed25519/selector1_verify	yes	yes (per PR description)	libFuzzer build of every target, 60 s depth run per target, seed-corpus and dictionary loading, registration and reachability gates	V-gate*x61	PR394_FUZZ_DEPTH.tsv,PR394_FUZZ_DEPTH_O2G.tsv	no	0	none	none
fuzz/seed_corpus/fuzz_ed25519/selector2_batch	yes	yes (per PR description)	libFuzzer build of every target, 60 s depth run per target, seed-corpus and dictionary loading, registration and reachability gates	V-gate*x61	PR394_FUZZ_DEPTH.tsv,PR394_FUZZ_DEPTH_O2G.tsv	no	0	none	none
fuzz/seed_corpus/fuzz_ed25519/sequential_32	yes	no (PR description: not reviewed)	libFuzzer build of every target, 60 s depth run per target, seed-corpus and dictionary loading, registration and reachability gates	V-gate*x61	PR394_FUZZ_DEPTH.tsv,PR394_FUZZ_DEPTH_O2G.tsv	no	0	none	none
fuzz/seed_corpus/fuzz_ed25519/zero_seed	yes	no (PR description: not reviewed)	libFuzzer build of every target, 60 s depth run per target, seed-corpus and dictionary loading, registration and reachability gates	V-gate*x61	PR394_FUZZ_DEPTH.tsv,PR394_FUZZ_DEPTH_O2G.tsv	no	0	none	none
fuzz/seed_corpus/fuzz_frost/0207a21a057961e26a936deba6646eb62f66b0cf	yes	yes (per PR description)	libFuzzer build of every target, 60 s depth run per target, seed-corpus and dictionary loading, registration and reachability gates	V-gate*x61	PR394_FUZZ_DEPTH.tsv,PR394_FUZZ_DEPTH_O2G.tsv	no	0	none	none
fuzz/seed_corpus/fuzz_frost/035d51c2998dfce95981913f64d2fcbca16a9c5f	yes	yes (per PR description)	libFuzzer build of every target, 60 s depth run per target, seed-corpus and dictionary loading, registration and reachability gates	V-gate*x61	PR394_FUZZ_DEPTH.tsv,PR394_FUZZ_DEPTH_O2G.tsv	no	0	none	none
fuzz/seed_corpus/fuzz_frost/06f82ff92e47abbd6dc5294b3393c5979d3ceb7c	yes	yes (per PR description)	libFuzzer build of every target, 60 s depth run per target, seed-corpus and dictionary loading, registration and reachability gates	V-gate*x61	PR394_FUZZ_DEPTH.tsv,PR394_FUZZ_DEPTH_O2G.tsv	no	0	none	none
fuzz/seed_corpus/fuzz_frost/1083aba994cf5e11b8e6d6c8ec2e3a506179ee46	yes	yes (per PR description)	libFuzzer build of every target, 60 s depth run per target, seed-corpus and dictionary loading, registration and reachability gates	V-gate*x61	PR394_FUZZ_DEPTH.tsv,PR394_FUZZ_DEPTH_O2G.tsv	no	0	none	none
fuzz/seed_corpus/fuzz_frost/111440b87622647d79be22949254da503d1b7a46	yes	yes (per PR description)	libFuzzer build of every target, 60 s depth run per target, seed-corpus and dictionary loading, registration and reachability gates	V-gate*x61	PR394_FUZZ_DEPTH.tsv,PR394_FUZZ_DEPTH_O2G.tsv	no	0	none	none
fuzz/seed_corpus/fuzz_frost/12ff942c3b0f28bd90e7ad9b3439511da2157c0f	yes	yes (per PR description)	libFuzzer build of every target, 60 s depth run per target, seed-corpus and dictionary loading, registration and reachability gates	V-gate*x61	PR394_FUZZ_DEPTH.tsv,PR394_FUZZ_DEPTH_O2G.tsv	no	0	none	none
fuzz/seed_corpus/fuzz_frost/161bc0d7483316929e49df37146cb3dd4df1f33a	yes	yes (per PR description)	libFuzzer build of every target, 60 s depth run per target, seed-corpus and dictionary loading, registration and reachability gates	V-gate*x61	PR394_FUZZ_DEPTH.tsv,PR394_FUZZ_DEPTH_O2G.tsv	no	0	none	none
fuzz/seed_corpus/fuzz_frost/17663881c4d28122bcd740d4bd8f268d63af2952	yes	yes (per PR description)	libFuzzer build of every target, 60 s depth run per target, seed-corpus and dictionary loading, registration and reachability gates	V-gate*x61	PR394_FUZZ_DEPTH.tsv,PR394_FUZZ_DEPTH_O2G.tsv	no	0	none	none
fuzz/seed_corpus/fuzz_frost/18299cd28fce376cefcf5d39d3015cc5472376d7	yes	yes (per PR description)	libFuzzer build of every target, 60 s depth run per target, seed-corpus and dictionary loading, registration and reachability gates	V-gate*x61	PR394_FUZZ_DEPTH.tsv,PR394_FUZZ_DEPTH_O2G.tsv	no	0	none	none
fuzz/seed_corpus/fuzz_frost/1898b7196336138eca65b37e2fcc0f76f3988f71	yes	yes (per PR description)	libFuzzer build of every target, 60 s depth run per target, seed-corpus and dictionary loading, registration and reachability gates	V-gate*x61	PR394_FUZZ_DEPTH.tsv,PR394_FUZZ_DEPTH_O2G.tsv	no	0	none	none
fuzz/seed_corpus/fuzz_frost/1c261f751f04a047311b5c791a271cddefa23b2d	yes	yes (per PR description)	libFuzzer build of every target, 60 s depth run per target, seed-corpus and dictionary loading, registration and reachability gates	V-gate*x61	PR394_FUZZ_DEPTH.tsv,PR394_FUZZ_DEPTH_O2G.tsv	no	0	none	none
fuzz/seed_corpus/fuzz_frost/1d60ce8ca0ca7691ad22fa42ef9d478228bec7a0	yes	yes (per PR description)	libFuzzer build of every target, 60 s depth run per target, seed-corpus and dictionary loading, registration and reachability gates	V-gate*x61	PR394_FUZZ_DEPTH.tsv,PR394_FUZZ_DEPTH_O2G.tsv	no	0	none	none
fuzz/seed_corpus/fuzz_frost/28ef83b5368876440cebb3af680f3db04c58b001	yes	yes (per PR description)	libFuzzer build of every target, 60 s depth run per target, seed-corpus and dictionary loading, registration and reachability gates	V-gate*x61	PR394_FUZZ_DEPTH.tsv,PR394_FUZZ_DEPTH_O2G.tsv	no	0	none	none
fuzz/seed_corpus/fuzz_frost/348be2d5387a8ad8b91b6fc410c85c40ab8e92ad	yes	yes (per PR description)	libFuzzer build of every target, 60 s depth run per target, seed-corpus and dictionary loading, registration and reachability gates	V-gate*x61	PR394_FUZZ_DEPTH.tsv,PR394_FUZZ_DEPTH_O2G.tsv	no	0	none	none
fuzz/seed_corpus/fuzz_frost/38d06ba299e8b783a5fee4b4da9d835483d27907	yes	yes (per PR description)	libFuzzer build of every target, 60 s depth run per target, seed-corpus and dictionary loading, registration and reachability gates	V-gate*x61	PR394_FUZZ_DEPTH.tsv,PR394_FUZZ_DEPTH_O2G.tsv	no	0	none	none
fuzz/seed_corpus/fuzz_frost/390daa1b65adb8e676dc49cb9aeaf74477b14ea8	yes	yes (per PR description)	libFuzzer build of every target, 60 s depth run per target, seed-corpus and dictionary loading, registration and reachability gates	V-gate*x61	PR394_FUZZ_DEPTH.tsv,PR394_FUZZ_DEPTH_O2G.tsv	no	0	none	none
fuzz/seed_corpus/fuzz_frost/39388f1491e4f34fc150be692019d3bc80b17c44	yes	yes (per PR description)	libFuzzer build of every target, 60 s depth run per target, seed-corpus and dictionary loading, registration and reachability gates	V-gate*x61	PR394_FUZZ_DEPTH.tsv,PR394_FUZZ_DEPTH_O2G.tsv	no	0	none	none
fuzz/seed_corpus/fuzz_frost/3a45f8cec03c4b3c051b4e35ddb3ee3cbdc292a4	yes	yes (per PR description)	libFuzzer build of every target, 60 s depth run per target, seed-corpus and dictionary loading, registration and reachability gates	V-gate*x61	PR394_FUZZ_DEPTH.tsv,PR394_FUZZ_DEPTH_O2G.tsv	no	0	none	none
fuzz/seed_corpus/fuzz_frost/3ca9d38e80f78b0a81b3ffee74fefcdabf7aae60	yes	yes (per PR description)	libFuzzer build of every target, 60 s depth run per target, seed-corpus and dictionary loading, registration and reachability gates	V-gate*x61	PR394_FUZZ_DEPTH.tsv,PR394_FUZZ_DEPTH_O2G.tsv	no	0	none	none
fuzz/seed_corpus/fuzz_frost/3cdd1d219aed363958ad80a4ad437bd83924263d	yes	yes (per PR description)	libFuzzer build of every target, 60 s depth run per target, seed-corpus and dictionary loading, registration and reachability gates	V-gate*x61	PR394_FUZZ_DEPTH.tsv,PR394_FUZZ_DEPTH_O2G.tsv	no	0	none	none
fuzz/seed_corpus/fuzz_frost/3f690b4ba2b10926844450bc79ac9e9882638133	yes	yes (per PR description)	libFuzzer build of every target, 60 s depth run per target, seed-corpus and dictionary loading, registration and reachability gates	V-gate*x61	PR394_FUZZ_DEPTH.tsv,PR394_FUZZ_DEPTH_O2G.tsv	no	0	none	none
fuzz/seed_corpus/fuzz_frost/4c2ed6b2bafa04e6ab9a827af965329cdbbcecb3	yes	yes (per PR description)	libFuzzer build of every target, 60 s depth run per target, seed-corpus and dictionary loading, registration and reachability gates	V-gate*x61	PR394_FUZZ_DEPTH.tsv,PR394_FUZZ_DEPTH_O2G.tsv	no	0	none	none
fuzz/seed_corpus/fuzz_frost/4f37cdee127dfaf52cb96b73dd8b6d2dec7ded64	yes	yes (per PR description)	libFuzzer build of every target, 60 s depth run per target, seed-corpus and dictionary loading, registration and reachability gates	V-gate*x61	PR394_FUZZ_DEPTH.tsv,PR394_FUZZ_DEPTH_O2G.tsv	no	0	none	none
fuzz/seed_corpus/fuzz_frost/5448571c87ddb66839dc2d03c947aef4f22ca512	yes	yes (per PR description)	libFuzzer build of every target, 60 s depth run per target, seed-corpus and dictionary loading, registration and reachability gates	V-gate*x61	PR394_FUZZ_DEPTH.tsv,PR394_FUZZ_DEPTH_O2G.tsv	no	0	none	none
fuzz/seed_corpus/fuzz_frost/59b229dad3e52acb307b0ce8840e3b4bcf350338	yes	yes (per PR description)	libFuzzer build of every target, 60 s depth run per target, seed-corpus and dictionary loading, registration and reachability gates	V-gate*x61	PR394_FUZZ_DEPTH.tsv,PR394_FUZZ_DEPTH_O2G.tsv	no	0	none	none
fuzz/seed_corpus/fuzz_frost/5d94a2947825aceb7292ca242c3c5d72d3c70b38	yes	yes (per PR description)	libFuzzer build of every target, 60 s depth run per target, seed-corpus and dictionary loading, registration and reachability gates	V-gate*x61	PR394_FUZZ_DEPTH.tsv,PR394_FUZZ_DEPTH_O2G.tsv	no	0	none	none
fuzz/seed_corpus/fuzz_frost/611e26eceb3c8f073b1bf0ebab96535e22b77602	yes	yes (per PR description)	libFuzzer build of every target, 60 s depth run per target, seed-corpus and dictionary loading, registration and reachability gates	V-gate*x61	PR394_FUZZ_DEPTH.tsv,PR394_FUZZ_DEPTH_O2G.tsv	no	0	none	none
fuzz/seed_corpus/fuzz_frost/63b6cd8cbc273bddd7685625179d66063a467d25	yes	yes (per PR description)	libFuzzer build of every target, 60 s depth run per target, seed-corpus and dictionary loading, registration and reachability gates	V-gate*x61	PR394_FUZZ_DEPTH.tsv,PR394_FUZZ_DEPTH_O2G.tsv	no	0	none	none
fuzz/seed_corpus/fuzz_frost/6a14d6f4b653d2a29baa58422b4ffe707cff1057	yes	yes (per PR description)	libFuzzer build of every target, 60 s depth run per target, seed-corpus and dictionary loading, registration and reachability gates	V-gate*x61	PR394_FUZZ_DEPTH.tsv,PR394_FUZZ_DEPTH_O2G.tsv	no	0	none	none
fuzz/seed_corpus/fuzz_frost/6a8484c70f47f6dc61f8dde6b7508e233f088836	yes	yes (per PR description)	libFuzzer build of every target, 60 s depth run per target, seed-corpus and dictionary loading, registration and reachability gates	V-gate*x61	PR394_FUZZ_DEPTH.tsv,PR394_FUZZ_DEPTH_O2G.tsv	no	0	none	none
fuzz/seed_corpus/fuzz_frost/6cfa0c403fa6cc5f743937a7862cf7e574399d84	yes	yes (per PR description)	libFuzzer build of every target, 60 s depth run per target, seed-corpus and dictionary loading, registration and reachability gates	V-gate*x61	PR394_FUZZ_DEPTH.tsv,PR394_FUZZ_DEPTH_O2G.tsv	no	0	none	none
fuzz/seed_corpus/fuzz_frost/6e6a1e3cc82dc86ac280763aff9cc600dec039bb	yes	yes (per PR description)	libFuzzer build of every target, 60 s depth run per target, seed-corpus and dictionary loading, registration and reachability gates	V-gate*x61	PR394_FUZZ_DEPTH.tsv,PR394_FUZZ_DEPTH_O2G.tsv	no	0	none	none
fuzz/seed_corpus/fuzz_frost/742526e5ce47f8bef8344c224b208635ff063d58	yes	yes (per PR description)	libFuzzer build of every target, 60 s depth run per target, seed-corpus and dictionary loading, registration and reachability gates	V-gate*x61	PR394_FUZZ_DEPTH.tsv,PR394_FUZZ_DEPTH_O2G.tsv	no	0	none	none
fuzz/seed_corpus/fuzz_frost/76a1ca5a4da914ea54120a728c3f7a1f7bd251fb	yes	yes (per PR description)	libFuzzer build of every target, 60 s depth run per target, seed-corpus and dictionary loading, registration and reachability gates	V-gate*x61	PR394_FUZZ_DEPTH.tsv,PR394_FUZZ_DEPTH_O2G.tsv	no	0	none	none
fuzz/seed_corpus/fuzz_frost/76cda7705a48b15c7e03ddd135ccd1cfbdb3d299	yes	yes (per PR description)	libFuzzer build of every target, 60 s depth run per target, seed-corpus and dictionary loading, registration and reachability gates	V-gate*x61	PR394_FUZZ_DEPTH.tsv,PR394_FUZZ_DEPTH_O2G.tsv	no	0	none	none
fuzz/seed_corpus/fuzz_frost/77d314222b1ae7733a7c71ebec5612e4837b1b29	yes	yes (per PR description)	libFuzzer build of every target, 60 s depth run per target, seed-corpus and dictionary loading, registration and reachability gates	V-gate*x61	PR394_FUZZ_DEPTH.tsv,PR394_FUZZ_DEPTH_O2G.tsv	no	0	none	none
fuzz/seed_corpus/fuzz_frost/7995680201fbcfd8c321e58f9b401a04a99aa09c	yes	yes (per PR description)	libFuzzer build of every target, 60 s depth run per target, seed-corpus and dictionary loading, registration and reachability gates	V-gate*x61	PR394_FUZZ_DEPTH.tsv,PR394_FUZZ_DEPTH_O2G.tsv	no	0	none	none
fuzz/seed_corpus/fuzz_frost/7e35012ebc73f49f5ffb988fbcc280beb83f6c37	yes	yes (per PR description)	libFuzzer build of every target, 60 s depth run per target, seed-corpus and dictionary loading, registration and reachability gates	V-gate*x61	PR394_FUZZ_DEPTH.tsv,PR394_FUZZ_DEPTH_O2G.tsv	no	0	none	none
fuzz/seed_corpus/fuzz_frost/8531638440c09312bf93a931ada56735a2341f26	yes	yes (per PR description)	libFuzzer build of every target, 60 s depth run per target, seed-corpus and dictionary loading, registration and reachability gates	V-gate*x61	PR394_FUZZ_DEPTH.tsv,PR394_FUZZ_DEPTH_O2G.tsv	no	0	none	none
fuzz/seed_corpus/fuzz_frost/86c8764586daad99a0c6a6686405de705a48c7dd	yes	yes (per PR description)	libFuzzer build of every target, 60 s depth run per target, seed-corpus and dictionary loading, registration and reachability gates	V-gate*x61	PR394_FUZZ_DEPTH.tsv,PR394_FUZZ_DEPTH_O2G.tsv	no	0	none	none
fuzz/seed_corpus/fuzz_frost/88345f06515b09467c89e38456633973df299fd4	yes	yes (per PR description)	libFuzzer build of every target, 60 s depth run per target, seed-corpus and dictionary loading, registration and reachability gates	V-gate*x61	PR394_FUZZ_DEPTH.tsv,PR394_FUZZ_DEPTH_O2G.tsv	no	0	none	none
fuzz/seed_corpus/fuzz_frost/8aca40a82d41d1e65c726cd0e5616a337d638428	yes	yes (per PR description)	libFuzzer build of every target, 60 s depth run per target, seed-corpus and dictionary loading, registration and reachability gates	V-gate*x61	PR394_FUZZ_DEPTH.tsv,PR394_FUZZ_DEPTH_O2G.tsv	no	0	none	none
fuzz/seed_corpus/fuzz_frost/954d6ec1ea21300c567d14129695b53ad9379c4a	yes	yes (per PR description)	libFuzzer build of every target, 60 s depth run per target, seed-corpus and dictionary loading, registration and reachability gates	V-gate*x61	PR394_FUZZ_DEPTH.tsv,PR394_FUZZ_DEPTH_O2G.tsv	no	0	none	none
fuzz/seed_corpus/fuzz_frost/9a3eb10bb83e84924aeec59ee6d4f71730b8fe2b	yes	yes (per PR description)	libFuzzer build of every target, 60 s depth run per target, seed-corpus and dictionary loading, registration and reachability gates	V-gate*x61	PR394_FUZZ_DEPTH.tsv,PR394_FUZZ_DEPTH_O2G.tsv	no	0	none	none
fuzz/seed_corpus/fuzz_frost/9d19a8357951ce77324a89cde07633e8d945aa63	yes	yes (per PR description)	libFuzzer build of every target, 60 s depth run per target, seed-corpus and dictionary loading, registration and reachability gates	V-gate*x61	PR394_FUZZ_DEPTH.tsv,PR394_FUZZ_DEPTH_O2G.tsv	no	0	none	none
fuzz/seed_corpus/fuzz_frost/9de744906fb02c7c091a01c4ce8c610173adbcac	yes	yes (per PR description)	libFuzzer build of every target, 60 s depth run per target, seed-corpus and dictionary loading, registration and reachability gates	V-gate*x61	PR394_FUZZ_DEPTH.tsv,PR394_FUZZ_DEPTH_O2G.tsv	no	0	none	none
fuzz/seed_corpus/fuzz_frost/a0b3d401c55370556c1e7c8623d0e38a2197a118	yes	yes (per PR description)	libFuzzer build of every target, 60 s depth run per target, seed-corpus and dictionary loading, registration and reachability gates	V-gate*x61	PR394_FUZZ_DEPTH.tsv,PR394_FUZZ_DEPTH_O2G.tsv	no	0	none	none
fuzz/seed_corpus/fuzz_frost/a2d3295aae0e517e7ab6932579e4907ad1bc5cc2	yes	yes (per PR description)	libFuzzer build of every target, 60 s depth run per target, seed-corpus and dictionary loading, registration and reachability gates	V-gate*x61	PR394_FUZZ_DEPTH.tsv,PR394_FUZZ_DEPTH_O2G.tsv	no	0	none	none
fuzz/seed_corpus/fuzz_frost/aa29bd4f1bf1487b98384920c814786dabd8584d	yes	yes (per PR description)	libFuzzer build of every target, 60 s depth run per target, seed-corpus and dictionary loading, registration and reachability gates	V-gate*x61	PR394_FUZZ_DEPTH.tsv,PR394_FUZZ_DEPTH_O2G.tsv	no	0	none	none
fuzz/seed_corpus/fuzz_frost/ae9b7c1adef03c3a7a57dae5316be2675563ee7a	yes	yes (per PR description)	libFuzzer build of every target, 60 s depth run per target, seed-corpus and dictionary loading, registration and reachability gates	V-gate*x61	PR394_FUZZ_DEPTH.tsv,PR394_FUZZ_DEPTH_O2G.tsv	no	0	none	none
fuzz/seed_corpus/fuzz_frost/af4dbce64c4deb9358c230901d4019632739e3fa	yes	yes (per PR description)	libFuzzer build of every target, 60 s depth run per target, seed-corpus and dictionary loading, registration and reachability gates	V-gate*x61	PR394_FUZZ_DEPTH.tsv,PR394_FUZZ_DEPTH_O2G.tsv	no	0	none	none
fuzz/seed_corpus/fuzz_frost/b1b2fec852615d3b3c9270f0bf286ed33a0170f7	yes	yes (per PR description)	libFuzzer build of every target, 60 s depth run per target, seed-corpus and dictionary loading, registration and reachability gates	V-gate*x61	PR394_FUZZ_DEPTH.tsv,PR394_FUZZ_DEPTH_O2G.tsv	no	0	none	none
fuzz/seed_corpus/fuzz_frost/bc2ebb3bc4de11cf7427c147beb2e64cf507601b	yes	yes (per PR description)	libFuzzer build of every target, 60 s depth run per target, seed-corpus and dictionary loading, registration and reachability gates	V-gate*x61	PR394_FUZZ_DEPTH.tsv,PR394_FUZZ_DEPTH_O2G.tsv	no	0	none	none
fuzz/seed_corpus/fuzz_frost/bf8b4530d8d246dd74ac53a13471bba17941dff7	yes	yes (per PR description)	libFuzzer build of every target, 60 s depth run per target, seed-corpus and dictionary loading, registration and reachability gates	V-gate*x61	PR394_FUZZ_DEPTH.tsv,PR394_FUZZ_DEPTH_O2G.tsv	no	0	none	none
fuzz/seed_corpus/fuzz_frost/c0fc04b747c852b3152a7420e88728d7c5a64cdb	yes	yes (per PR description)	libFuzzer build of every target, 60 s depth run per target, seed-corpus and dictionary loading, registration and reachability gates	V-gate*x61	PR394_FUZZ_DEPTH.tsv,PR394_FUZZ_DEPTH_O2G.tsv	no	0	none	none
fuzz/seed_corpus/fuzz_frost/c1b827c96143d9493d9be3fc2649ec310751eb32	yes	yes (per PR description)	libFuzzer build of every target, 60 s depth run per target, seed-corpus and dictionary loading, registration and reachability gates	V-gate*x61	PR394_FUZZ_DEPTH.tsv,PR394_FUZZ_DEPTH_O2G.tsv	no	0	none	none
fuzz/seed_corpus/fuzz_frost/c3d0e783141c4c8b832fbe3ceff4d790fd9583b5	yes	yes (per PR description)	libFuzzer build of every target, 60 s depth run per target, seed-corpus and dictionary loading, registration and reachability gates	V-gate*x61	PR394_FUZZ_DEPTH.tsv,PR394_FUZZ_DEPTH_O2G.tsv	no	0	none	none
fuzz/seed_corpus/fuzz_frost/c830e83f955620e3ed445cab324f930d6af365d3	yes	yes (per PR description)	libFuzzer build of every target, 60 s depth run per target, seed-corpus and dictionary loading, registration and reachability gates	V-gate*x61	PR394_FUZZ_DEPTH.tsv,PR394_FUZZ_DEPTH_O2G.tsv	no	0	none	none
fuzz/seed_corpus/fuzz_frost/cb3888300ebc3896c297e2cc32dbd5bc7a0be78d	yes	yes (per PR description)	libFuzzer build of every target, 60 s depth run per target, seed-corpus and dictionary loading, registration and reachability gates	V-gate*x61	PR394_FUZZ_DEPTH.tsv,PR394_FUZZ_DEPTH_O2G.tsv	no	0	none	none
fuzz/seed_corpus/fuzz_frost/cb62096904e1462be9140a9d14ef535846f296b6	yes	yes (per PR description)	libFuzzer build of every target, 60 s depth run per target, seed-corpus and dictionary loading, registration and reachability gates	V-gate*x61	PR394_FUZZ_DEPTH.tsv,PR394_FUZZ_DEPTH_O2G.tsv	no	0	none	none
fuzz/seed_corpus/fuzz_frost/ccccd94c24351f20f8360368cb7b93ffc238e84b	yes	yes (per PR description)	libFuzzer build of every target, 60 s depth run per target, seed-corpus and dictionary loading, registration and reachability gates	V-gate*x61	PR394_FUZZ_DEPTH.tsv,PR394_FUZZ_DEPTH_O2G.tsv	no	0	none	none
fuzz/seed_corpus/fuzz_frost/cd8af37d900d21918b3543e3f25be69a73ee68c4	yes	yes (per PR description)	libFuzzer build of every target, 60 s depth run per target, seed-corpus and dictionary loading, registration and reachability gates	V-gate*x61	PR394_FUZZ_DEPTH.tsv,PR394_FUZZ_DEPTH_O2G.tsv	no	0	none	none
fuzz/seed_corpus/fuzz_frost/d1e50004f5b5e344c4a5f65a3430bb5b71608b15	yes	yes (per PR description)	libFuzzer build of every target, 60 s depth run per target, seed-corpus and dictionary loading, registration and reachability gates	V-gate*x61	PR394_FUZZ_DEPTH.tsv,PR394_FUZZ_DEPTH_O2G.tsv	no	0	none	none
fuzz/seed_corpus/fuzz_frost/d25599282bbd06d80daedef88c31401e13b4dcf2	yes	yes (per PR description)	libFuzzer build of every target, 60 s depth run per target, seed-corpus and dictionary loading, registration and reachability gates	V-gate*x61	PR394_FUZZ_DEPTH.tsv,PR394_FUZZ_DEPTH_O2G.tsv	no	0	none	none
fuzz/seed_corpus/fuzz_frost/d8c8c8528198bf22e37eefddcb4d06f7cc91b7d3	yes	yes (per PR description)	libFuzzer build of every target, 60 s depth run per target, seed-corpus and dictionary loading, registration and reachability gates	V-gate*x61	PR394_FUZZ_DEPTH.tsv,PR394_FUZZ_DEPTH_O2G.tsv	no	0	none	none
fuzz/seed_corpus/fuzz_frost/da63012c82a8b9b1be242c9d45f59bbc0822dab1	yes	yes (per PR description)	libFuzzer build of every target, 60 s depth run per target, seed-corpus and dictionary loading, registration and reachability gates	V-gate*x61	PR394_FUZZ_DEPTH.tsv,PR394_FUZZ_DEPTH_O2G.tsv	no	0	none	none
fuzz/seed_corpus/fuzz_frost/e2bef764a5be95576788711e97eae0b1b59f7b35	yes	yes (per PR description)	libFuzzer build of every target, 60 s depth run per target, seed-corpus and dictionary loading, registration and reachability gates	V-gate*x61	PR394_FUZZ_DEPTH.tsv,PR394_FUZZ_DEPTH_O2G.tsv	no	0	none	none
fuzz/seed_corpus/fuzz_frost/e4c6eb5ef00ea77ea2959b7557e1a7d1e6ce7873	yes	yes (per PR description)	libFuzzer build of every target, 60 s depth run per target, seed-corpus and dictionary loading, registration and reachability gates	V-gate*x61	PR394_FUZZ_DEPTH.tsv,PR394_FUZZ_DEPTH_O2G.tsv	no	0	none	none
fuzz/seed_corpus/fuzz_frost/e7de5d90a8027511e415a151a6367184649c07e2	yes	yes (per PR description)	libFuzzer build of every target, 60 s depth run per target, seed-corpus and dictionary loading, registration and reachability gates	V-gate*x61	PR394_FUZZ_DEPTH.tsv,PR394_FUZZ_DEPTH_O2G.tsv	no	0	none	none
fuzz/seed_corpus/fuzz_frost/ea9a6bc54e0e8e4550a77767d4f67f341773355b	yes	yes (per PR description)	libFuzzer build of every target, 60 s depth run per target, seed-corpus and dictionary loading, registration and reachability gates	V-gate*x61	PR394_FUZZ_DEPTH.tsv,PR394_FUZZ_DEPTH_O2G.tsv	no	0	none	none
fuzz/seed_corpus/fuzz_frost/edb6c8127ba471932e3c09592f3fcf8e16d85c50	yes	yes (per PR description)	libFuzzer build of every target, 60 s depth run per target, seed-corpus and dictionary loading, registration and reachability gates	V-gate*x61	PR394_FUZZ_DEPTH.tsv,PR394_FUZZ_DEPTH_O2G.tsv	no	0	none	none
fuzz/seed_corpus/fuzz_frost/f57ddc0e7964fd14e94821a319ddae4e39a3ad62	yes	yes (per PR description)	libFuzzer build of every target, 60 s depth run per target, seed-corpus and dictionary loading, registration and reachability gates	V-gate*x61	PR394_FUZZ_DEPTH.tsv,PR394_FUZZ_DEPTH_O2G.tsv	no	0	none	none
fuzz/seed_corpus/fuzz_frost/seed_01.bin	no	n/a (not in the PR diff)	libFuzzer build of every target, 60 s depth run per target, seed-corpus and dictionary loading, registration and reachability gates	V-gate*x61	PR394_FUZZ_DEPTH.tsv,PR394_FUZZ_DEPTH_O2G.tsv	no	0	none	none
fuzz/seed_corpus/fuzz_hkdf/14b8ba9f47d062f7fc56fc5daba48ef15309dd2e	yes	yes (per PR description)	libFuzzer build of every target, 60 s depth run per target, seed-corpus and dictionary loading, registration and reachability gates	V-gate*x61	PR394_FUZZ_DEPTH.tsv,PR394_FUZZ_DEPTH_O2G.tsv	no	0	none	none
fuzz/seed_corpus/fuzz_hkdf/153499b1cdf0f2e75f660aea1fb0d8c49d6274fb	yes	yes (per PR description)	libFuzzer build of every target, 60 s depth run per target, seed-corpus and dictionary loading, registration and reachability gates	V-gate*x61	PR394_FUZZ_DEPTH.tsv,PR394_FUZZ_DEPTH_O2G.tsv	no	0	none	none
fuzz/seed_corpus/fuzz_hkdf/183f1e10110ae3f1f3565ea45f6ac892814bcd66	yes	yes (per PR description)	libFuzzer build of every target, 60 s depth run per target, seed-corpus and dictionary loading, registration and reachability gates	V-gate*x61	PR394_FUZZ_DEPTH.tsv,PR394_FUZZ_DEPTH_O2G.tsv	no	0	none	none
fuzz/seed_corpus/fuzz_hkdf/1ca6aac800bb9702b59c43f210f3f36828abe5d8	yes	yes (per PR description)	libFuzzer build of every target, 60 s depth run per target, seed-corpus and dictionary loading, registration and reachability gates	V-gate*x61	PR394_FUZZ_DEPTH.tsv,PR394_FUZZ_DEPTH_O2G.tsv	no	0	none	none
fuzz/seed_corpus/fuzz_hkdf/299836bfd67c33dbfa9950b0912ddd2ac34fa8f6	yes	yes (per PR description)	libFuzzer build of every target, 60 s depth run per target, seed-corpus and dictionary loading, registration and reachability gates	V-gate*x61	PR394_FUZZ_DEPTH.tsv,PR394_FUZZ_DEPTH_O2G.tsv	no	0	none	none
fuzz/seed_corpus/fuzz_hkdf/30befdd745466b707c89ded88e5c8c1b6e283f1f	yes	yes (per PR description)	libFuzzer build of every target, 60 s depth run per target, seed-corpus and dictionary loading, registration and reachability gates	V-gate*x61	PR394_FUZZ_DEPTH.tsv,PR394_FUZZ_DEPTH_O2G.tsv	no	0	none	none
fuzz/seed_corpus/fuzz_hkdf/360f3ca2291af0a72061b84e12530891fa7816d5	yes	yes (per PR description)	libFuzzer build of every target, 60 s depth run per target, seed-corpus and dictionary loading, registration and reachability gates	V-gate*x61	PR394_FUZZ_DEPTH.tsv,PR394_FUZZ_DEPTH_O2G.tsv	no	0	none	none
fuzz/seed_corpus/fuzz_hkdf/3d2f46540a91e5f329742a8f53ae8968a06bfb71	yes	yes (per PR description)	libFuzzer build of every target, 60 s depth run per target, seed-corpus and dictionary loading, registration and reachability gates	V-gate*x61	PR394_FUZZ_DEPTH.tsv,PR394_FUZZ_DEPTH_O2G.tsv	no	0	none	none
fuzz/seed_corpus/fuzz_hkdf/41d8424c3bcc19d348547b3bba85a16acce2732b	yes	yes (per PR description)	libFuzzer build of every target, 60 s depth run per target, seed-corpus and dictionary loading, registration and reachability gates	V-gate*x61	PR394_FUZZ_DEPTH.tsv,PR394_FUZZ_DEPTH_O2G.tsv	no	0	none	none
fuzz/seed_corpus/fuzz_hkdf/451f877115976c0670344dd6d8b2cabf8404d269	yes	yes (per PR description)	libFuzzer build of every target, 60 s depth run per target, seed-corpus and dictionary loading, registration and reachability gates	V-gate*x61	PR394_FUZZ_DEPTH.tsv,PR394_FUZZ_DEPTH_O2G.tsv	no	0	none	none
fuzz/seed_corpus/fuzz_hkdf/479850d9b999351dfb640577930eacbacdb41205	yes	yes (per PR description)	libFuzzer build of every target, 60 s depth run per target, seed-corpus and dictionary loading, registration and reachability gates	V-gate*x61	PR394_FUZZ_DEPTH.tsv,PR394_FUZZ_DEPTH_O2G.tsv	no	0	none	none
fuzz/seed_corpus/fuzz_hkdf/5d62752f2614c43798e70a04a8e2ea1499802e25	yes	yes (per PR description)	libFuzzer build of every target, 60 s depth run per target, seed-corpus and dictionary loading, registration and reachability gates	V-gate*x61	PR394_FUZZ_DEPTH.tsv,PR394_FUZZ_DEPTH_O2G.tsv	no	0	none	none
fuzz/seed_corpus/fuzz_hkdf/65b5defd1c99e0bc97f7d4fe6f17871ea2fe7835	yes	yes (per PR description)	libFuzzer build of every target, 60 s depth run per target, seed-corpus and dictionary loading, registration and reachability gates	V-gate*x61	PR394_FUZZ_DEPTH.tsv,PR394_FUZZ_DEPTH_O2G.tsv	no	0	none	none
fuzz/seed_corpus/fuzz_hkdf/6e20a8f5d07414c2df9cbc1894d9816935a5890a	yes	yes (per PR description)	libFuzzer build of every target, 60 s depth run per target, seed-corpus and dictionary loading, registration and reachability gates	V-gate*x61	PR394_FUZZ_DEPTH.tsv,PR394_FUZZ_DEPTH_O2G.tsv	no	0	none	none
fuzz/seed_corpus/fuzz_hkdf/7b8585df85b89c3c778bffee3fe3f0d6fc1d1757	yes	yes (per PR description)	libFuzzer build of every target, 60 s depth run per target, seed-corpus and dictionary loading, registration and reachability gates	V-gate*x61	PR394_FUZZ_DEPTH.tsv,PR394_FUZZ_DEPTH_O2G.tsv	no	0	none	none
fuzz/seed_corpus/fuzz_hkdf/7dfcde1329ae3e3dd5653644f2ef1deeba8665f2	yes	yes (per PR description)	libFuzzer build of every target, 60 s depth run per target, seed-corpus and dictionary loading, registration and reachability gates	V-gate*x61	PR394_FUZZ_DEPTH.tsv,PR394_FUZZ_DEPTH_O2G.tsv	no	0	none	none
fuzz/seed_corpus/fuzz_hkdf/8c1714cee807b7d81ff738f94159f9d79f32a9ec	yes	yes (per PR description)	libFuzzer build of every target, 60 s depth run per target, seed-corpus and dictionary loading, registration and reachability gates	V-gate*x61	PR394_FUZZ_DEPTH.tsv,PR394_FUZZ_DEPTH_O2G.tsv	no	0	none	none
fuzz/seed_corpus/fuzz_hkdf/90aebe5d411d68ee8dc7cab378c9a7122c215463	yes	yes (per PR description)	libFuzzer build of every target, 60 s depth run per target, seed-corpus and dictionary loading, registration and reachability gates	V-gate*x61	PR394_FUZZ_DEPTH.tsv,PR394_FUZZ_DEPTH_O2G.tsv	no	0	none	none
fuzz/seed_corpus/fuzz_hkdf/924fa35011f9f65d7c1eeebd85a51a4078fcb02f	yes	yes (per PR description)	libFuzzer build of every target, 60 s depth run per target, seed-corpus and dictionary loading, registration and reachability gates	V-gate*x61	PR394_FUZZ_DEPTH.tsv,PR394_FUZZ_DEPTH_O2G.tsv	no	0	none	none
fuzz/seed_corpus/fuzz_hkdf/a03f00d41f9310f43ad1bf35017fad9a34635b6b	yes	yes (per PR description)	libFuzzer build of every target, 60 s depth run per target, seed-corpus and dictionary loading, registration and reachability gates	V-gate*x61	PR394_FUZZ_DEPTH.tsv,PR394_FUZZ_DEPTH_O2G.tsv	no	0	none	none
fuzz/seed_corpus/fuzz_hkdf/a1d01ff10cb7e5d6bb7a439cdf20fba28d7be09a	yes	yes (per PR description)	libFuzzer build of every target, 60 s depth run per target, seed-corpus and dictionary loading, registration and reachability gates	V-gate*x61	PR394_FUZZ_DEPTH.tsv,PR394_FUZZ_DEPTH_O2G.tsv	no	0	none	none
fuzz/seed_corpus/fuzz_hkdf/a2b6e0b8ee8611b7d6807da89429685aaa089bd9	yes	yes (per PR description)	libFuzzer build of every target, 60 s depth run per target, seed-corpus and dictionary loading, registration and reachability gates	V-gate*x61	PR394_FUZZ_DEPTH.tsv,PR394_FUZZ_DEPTH_O2G.tsv	no	0	none	none
fuzz/seed_corpus/fuzz_hkdf/a2d30f9f5c150befcf09de282197f8493135723a	yes	yes (per PR description)	libFuzzer build of every target, 60 s depth run per target, seed-corpus and dictionary loading, registration and reachability gates	V-gate*x61	PR394_FUZZ_DEPTH.tsv,PR394_FUZZ_DEPTH_O2G.tsv	no	0	none	none
fuzz/seed_corpus/fuzz_hkdf/a3f0b555324080a3b56fd17d70f6115c77fdea73	yes	yes (per PR description)	libFuzzer build of every target, 60 s depth run per target, seed-corpus and dictionary loading, registration and reachability gates	V-gate*x61	PR394_FUZZ_DEPTH.tsv,PR394_FUZZ_DEPTH_O2G.tsv	no	0	none	none
fuzz/seed_corpus/fuzz_hkdf/aa8e161ed3912e403b66abdb3235ae284af9df3b	yes	yes (per PR description)	libFuzzer build of every target, 60 s depth run per target, seed-corpus and dictionary loading, registration and reachability gates	V-gate*x61	PR394_FUZZ_DEPTH.tsv,PR394_FUZZ_DEPTH_O2G.tsv	no	0	none	none
fuzz/seed_corpus/fuzz_hkdf/af011a31f5502c5b7bcf4e82b6d92ece227a74e7	yes	yes (per PR description)	libFuzzer build of every target, 60 s depth run per target, seed-corpus and dictionary loading, registration and reachability gates	V-gate*x61	PR394_FUZZ_DEPTH.tsv,PR394_FUZZ_DEPTH_O2G.tsv	no	0	none	none
fuzz/seed_corpus/fuzz_hkdf/bb94cf2f8d832c364ff215fdfd7d72f27385cebf	yes	yes (per PR description)	libFuzzer build of every target, 60 s depth run per target, seed-corpus and dictionary loading, registration and reachability gates	V-gate*x61	PR394_FUZZ_DEPTH.tsv,PR394_FUZZ_DEPTH_O2G.tsv	no	0	none	none
fuzz/seed_corpus/fuzz_hkdf/bf8b4530d8d246dd74ac53a13471bba17941dff7	yes	yes (per PR description)	libFuzzer build of every target, 60 s depth run per target, seed-corpus and dictionary loading, registration and reachability gates	V-gate*x61	PR394_FUZZ_DEPTH.tsv,PR394_FUZZ_DEPTH_O2G.tsv	no	0	none	none
fuzz/seed_corpus/fuzz_hkdf/c5ee80ec681289e410a343d22e7b43a7affa267a	yes	yes (per PR description)	libFuzzer build of every target, 60 s depth run per target, seed-corpus and dictionary loading, registration and reachability gates	V-gate*x61	PR394_FUZZ_DEPTH.tsv,PR394_FUZZ_DEPTH_O2G.tsv	no	0	none	none
fuzz/seed_corpus/fuzz_hkdf/cb18e924ca346e9a673d9a81c521c682fb5cf508	yes	yes (per PR description)	libFuzzer build of every target, 60 s depth run per target, seed-corpus and dictionary loading, registration and reachability gates	V-gate*x61	PR394_FUZZ_DEPTH.tsv,PR394_FUZZ_DEPTH_O2G.tsv	no	0	none	none
fuzz/seed_corpus/fuzz_hkdf/cf1a7d05c87b5dc01b4c941e19d7efec3551619b	yes	yes (per PR description)	libFuzzer build of every target, 60 s depth run per target, seed-corpus and dictionary loading, registration and reachability gates	V-gate*x61	PR394_FUZZ_DEPTH.tsv,PR394_FUZZ_DEPTH_O2G.tsv	no	0	none	none
fuzz/seed_corpus/fuzz_hkdf/cfb579e13b5268ea0904957b6c6d172ec81c6f58	yes	yes (per PR description)	libFuzzer build of every target, 60 s depth run per target, seed-corpus and dictionary loading, registration and reachability gates	V-gate*x61	PR394_FUZZ_DEPTH.tsv,PR394_FUZZ_DEPTH_O2G.tsv	no	0	none	none
fuzz/seed_corpus/fuzz_hkdf/cfcab6bcd59920d607b067900e148e4eb4467641	yes	yes (per PR description)	libFuzzer build of every target, 60 s depth run per target, seed-corpus and dictionary loading, registration and reachability gates	V-gate*x61	PR394_FUZZ_DEPTH.tsv,PR394_FUZZ_DEPTH_O2G.tsv	no	0	none	none
fuzz/seed_corpus/fuzz_hkdf/d230c1ce3b1600076ac1f0b1e100dd480c485799	yes	yes (per PR description)	libFuzzer build of every target, 60 s depth run per target, seed-corpus and dictionary loading, registration and reachability gates	V-gate*x61	PR394_FUZZ_DEPTH.tsv,PR394_FUZZ_DEPTH_O2G.tsv	no	0	none	none
fuzz/seed_corpus/fuzz_hkdf/da081f106abd21b0209b29a731fc3c6e75049013	yes	yes (per PR description)	libFuzzer build of every target, 60 s depth run per target, seed-corpus and dictionary loading, registration and reachability gates	V-gate*x61	PR394_FUZZ_DEPTH.tsv,PR394_FUZZ_DEPTH_O2G.tsv	no	0	none	none
fuzz/seed_corpus/fuzz_hkdf/de16a377faa3399df3f5d6c604611fe5e4a3765a	yes	yes (per PR description)	libFuzzer build of every target, 60 s depth run per target, seed-corpus and dictionary loading, registration and reachability gates	V-gate*x61	PR394_FUZZ_DEPTH.tsv,PR394_FUZZ_DEPTH_O2G.tsv	no	0	none	none
fuzz/seed_corpus/fuzz_hkdf/e4640f8f93fac2cb8ac1370c9519c74412c6c62a	yes	yes (per PR description)	libFuzzer build of every target, 60 s depth run per target, seed-corpus and dictionary loading, registration and reachability gates	V-gate*x61	PR394_FUZZ_DEPTH.tsv,PR394_FUZZ_DEPTH_O2G.tsv	no	0	none	none
fuzz/seed_corpus/fuzz_hkdf/e69c801dca368f3d7f98236c8b7592b1b4d4e391	yes	yes (per PR description)	libFuzzer build of every target, 60 s depth run per target, seed-corpus and dictionary loading, registration and reachability gates	V-gate*x61	PR394_FUZZ_DEPTH.tsv,PR394_FUZZ_DEPTH_O2G.tsv	no	0	none	none
fuzz/seed_corpus/fuzz_hkdf/ea8193372e13d725c11716872219de23fbe6da60	yes	yes (per PR description)	libFuzzer build of every target, 60 s depth run per target, seed-corpus and dictionary loading, registration and reachability gates	V-gate*x61	PR394_FUZZ_DEPTH.tsv,PR394_FUZZ_DEPTH_O2G.tsv	no	0	none	none
fuzz/seed_corpus/fuzz_hkdf/f053b5712b8295844d5c3bbb43bf8dc36dd5dca4	yes	yes (per PR description)	libFuzzer build of every target, 60 s depth run per target, seed-corpus and dictionary loading, registration and reachability gates	V-gate*x61	PR394_FUZZ_DEPTH.tsv,PR394_FUZZ_DEPTH_O2G.tsv	no	0	none	none
fuzz/seed_corpus/fuzz_hkdf/f99189066ddf3609ce43c870b0c2082e0fd4fec2	yes	yes (per PR description)	libFuzzer build of every target, 60 s depth run per target, seed-corpus and dictionary loading, registration and reachability gates	V-gate*x61	PR394_FUZZ_DEPTH.tsv,PR394_FUZZ_DEPTH_O2G.tsv	no	0	none	none
fuzz/seed_corpus/fuzz_hkdf/fd33b73d5ebb4e3cf007b52e15d3a8132d02e311	yes	yes (per PR description)	libFuzzer build of every target, 60 s depth run per target, seed-corpus and dictionary loading, registration and reachability gates	V-gate*x61	PR394_FUZZ_DEPTH.tsv,PR394_FUZZ_DEPTH_O2G.tsv	no	0	none	none
fuzz/seed_corpus/fuzz_hkdf/minimal	no	n/a (not in the PR diff)	libFuzzer build of every target, 60 s depth run per target, seed-corpus and dictionary loading, registration and reachability gates	V-gate*x61	PR394_FUZZ_DEPTH.tsv,PR394_FUZZ_DEPTH_O2G.tsv	no	0	none	none
fuzz/seed_corpus/fuzz_hkdf/standard	no	n/a (not in the PR diff)	libFuzzer build of every target, 60 s depth run per target, seed-corpus and dictionary loading, registration and reachability gates	V-gate*x61	PR394_FUZZ_DEPTH.tsv,PR394_FUZZ_DEPTH_O2G.tsv	no	0	none	none
fuzz/seed_corpus/fuzz_kyber/0ac876e85880b3212c57db92fda76d51c0451c67	yes	yes (per PR description)	libFuzzer build of every target, 60 s depth run per target, seed-corpus and dictionary loading, registration and reachability gates	V-gate*x61	PR394_FUZZ_DEPTH.tsv,PR394_FUZZ_DEPTH_O2G.tsv	no	0	none	none
fuzz/seed_corpus/fuzz_kyber/0b2b3f721ba7c63f47fcb43d34794695993acdc9	yes	yes (per PR description)	libFuzzer build of every target, 60 s depth run per target, seed-corpus and dictionary loading, registration and reachability gates	V-gate*x61	PR394_FUZZ_DEPTH.tsv,PR394_FUZZ_DEPTH_O2G.tsv	no	0	none	none
fuzz/seed_corpus/fuzz_kyber/0d08c150d40a7a7595e5300e92f58f1560bd8619	yes	yes (per PR description)	libFuzzer build of every target, 60 s depth run per target, seed-corpus and dictionary loading, registration and reachability gates	V-gate*x61	PR394_FUZZ_DEPTH.tsv,PR394_FUZZ_DEPTH_O2G.tsv	no	0	none	none
fuzz/seed_corpus/fuzz_kyber/15dc8ce04fb7e441b5d4191947bd6b20b5ad7b89	yes	yes (per PR description)	libFuzzer build of every target, 60 s depth run per target, seed-corpus and dictionary loading, registration and reachability gates	V-gate*x61	PR394_FUZZ_DEPTH.tsv,PR394_FUZZ_DEPTH_O2G.tsv	no	0	none	none
fuzz/seed_corpus/fuzz_kyber/1eb2f530b8cdc32aa97c439f720806d9064ad1a4	yes	yes (per PR description)	libFuzzer build of every target, 60 s depth run per target, seed-corpus and dictionary loading, registration and reachability gates	V-gate*x61	PR394_FUZZ_DEPTH.tsv,PR394_FUZZ_DEPTH_O2G.tsv	no	0	none	none
fuzz/seed_corpus/fuzz_kyber/20545657ff10fa0c20887bbd9bf7b0e91540a684	yes	yes (per PR description)	libFuzzer build of every target, 60 s depth run per target, seed-corpus and dictionary loading, registration and reachability gates	V-gate*x61	PR394_FUZZ_DEPTH.tsv,PR394_FUZZ_DEPTH_O2G.tsv	no	0	none	none
fuzz/seed_corpus/fuzz_kyber/20a492492677c71581f3a6baa425f1a7b85426b1	yes	yes (per PR description)	libFuzzer build of every target, 60 s depth run per target, seed-corpus and dictionary loading, registration and reachability gates	V-gate*x61	PR394_FUZZ_DEPTH.tsv,PR394_FUZZ_DEPTH_O2G.tsv	no	0	none	none
fuzz/seed_corpus/fuzz_kyber/24ebc9fc7816d5a638a33dad58b311e30dfb365f	yes	yes (per PR description)	libFuzzer build of every target, 60 s depth run per target, seed-corpus and dictionary loading, registration and reachability gates	V-gate*x61	PR394_FUZZ_DEPTH.tsv,PR394_FUZZ_DEPTH_O2G.tsv	no	0	none	none
fuzz/seed_corpus/fuzz_kyber/25f147c1d23509b677f5568d0161237d6c9dc9c9	yes	yes (per PR description)	libFuzzer build of every target, 60 s depth run per target, seed-corpus and dictionary loading, registration and reachability gates	V-gate*x61	PR394_FUZZ_DEPTH.tsv,PR394_FUZZ_DEPTH_O2G.tsv	no	0	none	none
fuzz/seed_corpus/fuzz_kyber/327703122ef8bb651609e4a3fb62fe1906278b09	yes	yes (per PR description)	libFuzzer build of every target, 60 s depth run per target, seed-corpus and dictionary loading, registration and reachability gates	V-gate*x61	PR394_FUZZ_DEPTH.tsv,PR394_FUZZ_DEPTH_O2G.tsv	no	0	none	none
fuzz/seed_corpus/fuzz_kyber/3a1536921677f9b31f6ae7ed4296eec993c3a7ba	yes	yes (per PR description)	libFuzzer build of every target, 60 s depth run per target, seed-corpus and dictionary loading, registration and reachability gates	V-gate*x61	PR394_FUZZ_DEPTH.tsv,PR394_FUZZ_DEPTH_O2G.tsv	no	0	none	none
fuzz/seed_corpus/fuzz_kyber/3bb54b8c254aae8bb9a25e6d427652f26b55f9a2	yes	yes (per PR description)	libFuzzer build of every target, 60 s depth run per target, seed-corpus and dictionary loading, registration and reachability gates	V-gate*x61	PR394_FUZZ_DEPTH.tsv,PR394_FUZZ_DEPTH_O2G.tsv	no	0	none	none
fuzz/seed_corpus/fuzz_kyber/43ac94a9079dbb07e4c664dc6a6b884b4125081e	yes	yes (per PR description)	libFuzzer build of every target, 60 s depth run per target, seed-corpus and dictionary loading, registration and reachability gates	V-gate*x61	PR394_FUZZ_DEPTH.tsv,PR394_FUZZ_DEPTH_O2G.tsv	no	0	none	none
fuzz/seed_corpus/fuzz_kyber/4410854c38d1d802ad36536286d5be8372573da9	yes	yes (per PR description)	libFuzzer build of every target, 60 s depth run per target, seed-corpus and dictionary loading, registration and reachability gates	V-gate*x61	PR394_FUZZ_DEPTH.tsv,PR394_FUZZ_DEPTH_O2G.tsv	no	0	none	none
fuzz/seed_corpus/fuzz_kyber/4606138fbddaf941f0939f8bf4fbb40052a2a53d	yes	yes (per PR description)	libFuzzer build of every target, 60 s depth run per target, seed-corpus and dictionary loading, registration and reachability gates	V-gate*x61	PR394_FUZZ_DEPTH.tsv,PR394_FUZZ_DEPTH_O2G.tsv	no	0	none	none
fuzz/seed_corpus/fuzz_kyber/4976a18cd0590387271d35d303359fd7f0e45f51	yes	yes (per PR description)	libFuzzer build of every target, 60 s depth run per target, seed-corpus and dictionary loading, registration and reachability gates	V-gate*x61	PR394_FUZZ_DEPTH.tsv,PR394_FUZZ_DEPTH_O2G.tsv	no	0	none	none
fuzz/seed_corpus/fuzz_kyber/51d2de88093dc70c25ff1cdefa4a4b1b3d832ec0	yes	yes (per PR description)	libFuzzer build of every target, 60 s depth run per target, seed-corpus and dictionary loading, registration and reachability gates	V-gate*x61	PR394_FUZZ_DEPTH.tsv,PR394_FUZZ_DEPTH_O2G.tsv	no	0	none	none
fuzz/seed_corpus/fuzz_kyber/5bc73388ff80bf06715824830b5b551abe09b643	yes	yes (per PR description)	libFuzzer build of every target, 60 s depth run per target, seed-corpus and dictionary loading, registration and reachability gates	V-gate*x61	PR394_FUZZ_DEPTH.tsv,PR394_FUZZ_DEPTH_O2G.tsv	no	0	none	none
fuzz/seed_corpus/fuzz_kyber/5c2a3e1fe5b4eed46361746db2ed939cd9cc4d32	yes	yes (per PR description)	libFuzzer build of every target, 60 s depth run per target, seed-corpus and dictionary loading, registration and reachability gates	V-gate*x61	PR394_FUZZ_DEPTH.tsv,PR394_FUZZ_DEPTH_O2G.tsv	no	0	none	none
fuzz/seed_corpus/fuzz_kyber/60425bf97018375a3338f803898789f3c6dc31a2	yes	yes (per PR description)	libFuzzer build of every target, 60 s depth run per target, seed-corpus and dictionary loading, registration and reachability gates	V-gate*x61	PR394_FUZZ_DEPTH.tsv,PR394_FUZZ_DEPTH_O2G.tsv	no	0	none	none
fuzz/seed_corpus/fuzz_kyber/705b21b0d0c699c19db312203fd713d75d804114	yes	yes (per PR description)	libFuzzer build of every target, 60 s depth run per target, seed-corpus and dictionary loading, registration and reachability gates	V-gate*x61	PR394_FUZZ_DEPTH.tsv,PR394_FUZZ_DEPTH_O2G.tsv	no	0	none	none
fuzz/seed_corpus/fuzz_kyber/7328db408a54179175e759722829a02dc82090f3	yes	yes (per PR description)	libFuzzer build of every target, 60 s depth run per target, seed-corpus and dictionary loading, registration and reachability gates	V-gate*x61	PR394_FUZZ_DEPTH.tsv,PR394_FUZZ_DEPTH_O2G.tsv	no	0	none	none
fuzz/seed_corpus/fuzz_kyber/77682dc627fd3f957de9705d74d6c4a15f965f81	yes	yes (per PR description)	libFuzzer build of every target, 60 s depth run per target, seed-corpus and dictionary loading, registration and reachability gates	V-gate*x61	PR394_FUZZ_DEPTH.tsv,PR394_FUZZ_DEPTH_O2G.tsv	no	0	none	none
fuzz/seed_corpus/fuzz_kyber/7e70af961a2f88adb9db7b9c3b5f25a532c1570a	yes	yes (per PR description)	libFuzzer build of every target, 60 s depth run per target, seed-corpus and dictionary loading, registration and reachability gates	V-gate*x61	PR394_FUZZ_DEPTH.tsv,PR394_FUZZ_DEPTH_O2G.tsv	no	0	none	none
fuzz/seed_corpus/fuzz_kyber/80d9ad0af4e9d34144a948abd7ffcdb4920a7b81	yes	yes (per PR description)	libFuzzer build of every target, 60 s depth run per target, seed-corpus and dictionary loading, registration and reachability gates	V-gate*x61	PR394_FUZZ_DEPTH.tsv,PR394_FUZZ_DEPTH_O2G.tsv	no	0	none	none
fuzz/seed_corpus/fuzz_kyber/80f4177db9b7dbee8f767560fd3e4f0007d45aa2	yes	yes (per PR description)	libFuzzer build of every target, 60 s depth run per target, seed-corpus and dictionary loading, registration and reachability gates	V-gate*x61	PR394_FUZZ_DEPTH.tsv,PR394_FUZZ_DEPTH_O2G.tsv	no	0	none	none
fuzz/seed_corpus/fuzz_kyber/9c3b7bb78e6c724ff1d25eb68607824bfffc7578	yes	yes (per PR description)	libFuzzer build of every target, 60 s depth run per target, seed-corpus and dictionary loading, registration and reachability gates	V-gate*x61	PR394_FUZZ_DEPTH.tsv,PR394_FUZZ_DEPTH_O2G.tsv	no	0	none	none
fuzz/seed_corpus/fuzz_kyber/9daa138e6be2dd0d6f3ca90238ffbf66699266b6	yes	yes (per PR description)	libFuzzer build of every target, 60 s depth run per target, seed-corpus and dictionary loading, registration and reachability gates	V-gate*x61	PR394_FUZZ_DEPTH.tsv,PR394_FUZZ_DEPTH_O2G.tsv	no	0	none	none
fuzz/seed_corpus/fuzz_kyber/a073898d9c5c40d8c098d661d0079cdc53223b81	yes	yes (per PR description)	libFuzzer build of every target, 60 s depth run per target, seed-corpus and dictionary loading, registration and reachability gates	V-gate*x61	PR394_FUZZ_DEPTH.tsv,PR394_FUZZ_DEPTH_O2G.tsv	no	0	none	none
fuzz/seed_corpus/fuzz_kyber/a0b4c6801a2b55436b999f3178cf86ba8ba5678d	yes	yes (per PR description)	libFuzzer build of every target, 60 s depth run per target, seed-corpus and dictionary loading, registration and reachability gates	V-gate*x61	PR394_FUZZ_DEPTH.tsv,PR394_FUZZ_DEPTH_O2G.tsv	no	0	none	none
fuzz/seed_corpus/fuzz_kyber/a19bd329636e15ebe9dd179597ab444c58207222	yes	yes (per PR description)	libFuzzer build of every target, 60 s depth run per target, seed-corpus and dictionary loading, registration and reachability gates	V-gate*x61	PR394_FUZZ_DEPTH.tsv,PR394_FUZZ_DEPTH_O2G.tsv	no	0	none	none
fuzz/seed_corpus/fuzz_kyber/c03ab6c2570006fad17603cfbe1888ac5a807949	yes	yes (per PR description)	libFuzzer build of every target, 60 s depth run per target, seed-corpus and dictionary loading, registration and reachability gates	V-gate*x61	PR394_FUZZ_DEPTH.tsv,PR394_FUZZ_DEPTH_O2G.tsv	no	0	none	none
fuzz/seed_corpus/fuzz_kyber/c5651461867a20e23065cfcc541cccaa0dddcd7d	yes	yes (per PR description)	libFuzzer build of every target, 60 s depth run per target, seed-corpus and dictionary loading, registration and reachability gates	V-gate*x61	PR394_FUZZ_DEPTH.tsv,PR394_FUZZ_DEPTH_O2G.tsv	no	0	none	none
fuzz/seed_corpus/fuzz_kyber/c8fa13486ffff77b5fa3571520f1864ff76a8483	yes	yes (per PR description)	libFuzzer build of every target, 60 s depth run per target, seed-corpus and dictionary loading, registration and reachability gates	V-gate*x61	PR394_FUZZ_DEPTH.tsv,PR394_FUZZ_DEPTH_O2G.tsv	no	0	none	none
fuzz/seed_corpus/fuzz_kyber/corrupt-default-mask.bin	yes	yes (per PR description)	libFuzzer build of every target, 60 s depth run per target, seed-corpus and dictionary loading, registration and reachability gates	V-gate*x61	PR394_FUZZ_DEPTH.tsv,PR394_FUZZ_DEPTH_O2G.tsv	no	0	none	none
fuzz/seed_corpus/fuzz_kyber/corrupt-first-byte.bin	yes	yes (per PR description)	libFuzzer build of every target, 60 s depth run per target, seed-corpus and dictionary loading, registration and reachability gates	V-gate*x61	PR394_FUZZ_DEPTH.tsv,PR394_FUZZ_DEPTH_O2G.tsv	no	0	none	none
fuzz/seed_corpus/fuzz_kyber/corrupt-first-v-byte.bin	yes	yes (per PR description)	libFuzzer build of every target, 60 s depth run per target, seed-corpus and dictionary loading, registration and reachability gates	V-gate*x61	PR394_FUZZ_DEPTH.tsv,PR394_FUZZ_DEPTH_O2G.tsv	no	0	none	none
fuzz/seed_corpus/fuzz_kyber/corrupt-last-byte.bin	yes	yes (per PR description)	libFuzzer build of every target, 60 s depth run per target, seed-corpus and dictionary loading, registration and reachability gates	V-gate*x61	PR394_FUZZ_DEPTH.tsv,PR394_FUZZ_DEPTH_O2G.tsv	no	0	none	none
fuzz/seed_corpus/fuzz_kyber/corrupt-u-v-boundary.bin	yes	yes (per PR description)	libFuzzer build of every target, 60 s depth run per target, seed-corpus and dictionary loading, registration and reachability gates	V-gate*x61	PR394_FUZZ_DEPTH.tsv,PR394_FUZZ_DEPTH_O2G.tsv	no	0	none	none
fuzz/seed_corpus/fuzz_kyber/ct-exact-ff.bin	yes	yes (per PR description)	libFuzzer build of every target, 60 s depth run per target, seed-corpus and dictionary loading, registration and reachability gates	V-gate*x61	PR394_FUZZ_DEPTH.tsv,PR394_FUZZ_DEPTH_O2G.tsv	no	0	none	none
fuzz/seed_corpus/fuzz_kyber/ct-exact-prng.bin	yes	yes (per PR description)	libFuzzer build of every target, 60 s depth run per target, seed-corpus and dictionary loading, registration and reachability gates	V-gate*x61	PR394_FUZZ_DEPTH.tsv,PR394_FUZZ_DEPTH_O2G.tsv	no	0	none	none
fuzz/seed_corpus/fuzz_kyber/ct-exact-zero.bin	yes	yes (per PR description)	libFuzzer build of every target, 60 s depth run per target, seed-corpus and dictionary loading, registration and reachability gates	V-gate*x61	PR394_FUZZ_DEPTH.tsv,PR394_FUZZ_DEPTH_O2G.tsv	no	0	none	none
fuzz/seed_corpus/fuzz_kyber/ct-one-byte.bin	yes	yes (per PR description)	libFuzzer build of every target, 60 s depth run per target, seed-corpus and dictionary loading, registration and reachability gates	V-gate*x61	PR394_FUZZ_DEPTH.tsv,PR394_FUZZ_DEPTH_O2G.tsv	no	0	none	none
fuzz/seed_corpus/fuzz_kyber/ct-one-long.bin	yes	yes (per PR description)	libFuzzer build of every target, 60 s depth run per target, seed-corpus and dictionary loading, registration and reachability gates	V-gate*x61	PR394_FUZZ_DEPTH.tsv,PR394_FUZZ_DEPTH_O2G.tsv	no	0	none	none
fuzz/seed_corpus/fuzz_kyber/ct-one-short.bin	yes	yes (per PR description)	libFuzzer build of every target, 60 s depth run per target, seed-corpus and dictionary loading, registration and reachability gates	V-gate*x61	PR394_FUZZ_DEPTH.tsv,PR394_FUZZ_DEPTH_O2G.tsv	no	0	none	none
fuzz/seed_corpus/fuzz_kyber/d38c2a4719834e02f38b35b4f61fa30a3aec4659	yes	yes (per PR description)	libFuzzer build of every target, 60 s depth run per target, seed-corpus and dictionary loading, registration and reachability gates	V-gate*x61	PR394_FUZZ_DEPTH.tsv,PR394_FUZZ_DEPTH_O2G.tsv	no	0	none	none
fuzz/seed_corpus/fuzz_kyber/da33e41954997c24ad31f6c1845e18510b384f67	yes	yes (per PR description)	libFuzzer build of every target, 60 s depth run per target, seed-corpus and dictionary loading, registration and reachability gates	V-gate*x61	PR394_FUZZ_DEPTH.tsv,PR394_FUZZ_DEPTH_O2G.tsv	no	0	none	none
fuzz/seed_corpus/fuzz_kyber/e3f78ab1c963bdf98e18939de501f42de25f54b4	yes	yes (per PR description)	libFuzzer build of every target, 60 s depth run per target, seed-corpus and dictionary loading, registration and reachability gates	V-gate*x61	PR394_FUZZ_DEPTH.tsv,PR394_FUZZ_DEPTH_O2G.tsv	no	0	none	none
fuzz/seed_corpus/fuzz_kyber/eb1960a9c37a7702107f8f9f6e2b9eef78067882	yes	yes (per PR description)	libFuzzer build of every target, 60 s depth run per target, seed-corpus and dictionary loading, registration and reachability gates	V-gate*x61	PR394_FUZZ_DEPTH.tsv,PR394_FUZZ_DEPTH_O2G.tsv	no	0	none	none
fuzz/seed_corpus/fuzz_kyber/f6b53051c1e102b481f45d122a106a1e52645734	yes	yes (per PR description)	libFuzzer build of every target, 60 s depth run per target, seed-corpus and dictionary loading, registration and reachability gates	V-gate*x61	PR394_FUZZ_DEPTH.tsv,PR394_FUZZ_DEPTH_O2G.tsv	no	0	none	none
fuzz/seed_corpus/fuzz_kyber/f8c65a5cd1e8a329e77404927ffa89c983d8b1e4	yes	yes (per PR description)	libFuzzer build of every target, 60 s depth run per target, seed-corpus and dictionary loading, registration and reachability gates	V-gate*x61	PR394_FUZZ_DEPTH.tsv,PR394_FUZZ_DEPTH_O2G.tsv	no	0	none	none
fuzz/seed_corpus/fuzz_kyber/ff_seed	no	n/a (not in the PR diff)	libFuzzer build of every target, 60 s depth run per target, seed-corpus and dictionary loading, registration and reachability gates	V-gate*x61	PR394_FUZZ_DEPTH.tsv,PR394_FUZZ_DEPTH_O2G.tsv	no	0	none	none
fuzz/seed_corpus/fuzz_kyber/keygen-seed-exact.bin	yes	yes (per PR description)	libFuzzer build of every target, 60 s depth run per target, seed-corpus and dictionary loading, registration and reachability gates	V-gate*x61	PR394_FUZZ_DEPTH.tsv,PR394_FUZZ_DEPTH_O2G.tsv	no	0	none	none
fuzz/seed_corpus/fuzz_kyber/keygen-seed-one-short.bin	yes	yes (per PR description)	libFuzzer build of every target, 60 s depth run per target, seed-corpus and dictionary loading, registration and reachability gates	V-gate*x61	PR394_FUZZ_DEPTH.tsv,PR394_FUZZ_DEPTH_O2G.tsv	no	0	none	none
fuzz/seed_corpus/fuzz_kyber/pk-exact-ff.bin	yes	yes (per PR description)	libFuzzer build of every target, 60 s depth run per target, seed-corpus and dictionary loading, registration and reachability gates	V-gate*x61	PR394_FUZZ_DEPTH.tsv,PR394_FUZZ_DEPTH_O2G.tsv	no	0	none	none
fuzz/seed_corpus/fuzz_kyber/pk-exact-prng.bin	yes	yes (per PR description)	libFuzzer build of every target, 60 s depth run per target, seed-corpus and dictionary loading, registration and reachability gates	V-gate*x61	PR394_FUZZ_DEPTH.tsv,PR394_FUZZ_DEPTH_O2G.tsv	no	0	none	none
fuzz/seed_corpus/fuzz_kyber/pk-exact-zero.bin	yes	yes (per PR description)	libFuzzer build of every target, 60 s depth run per target, seed-corpus and dictionary loading, registration and reachability gates	V-gate*x61	PR394_FUZZ_DEPTH.tsv,PR394_FUZZ_DEPTH_O2G.tsv	no	0	none	none
fuzz/seed_corpus/fuzz_kyber/pk-one-long.bin	yes	yes (per PR description)	libFuzzer build of every target, 60 s depth run per target, seed-corpus and dictionary loading, registration and reachability gates	V-gate*x61	PR394_FUZZ_DEPTH.tsv,PR394_FUZZ_DEPTH_O2G.tsv	no	0	none	none
fuzz/seed_corpus/fuzz_kyber/pk-one-short.bin	yes	yes (per PR description)	libFuzzer build of every target, 60 s depth run per target, seed-corpus and dictionary loading, registration and reachability gates	V-gate*x61	PR394_FUZZ_DEPTH.tsv,PR394_FUZZ_DEPTH_O2G.tsv	no	0	none	none
fuzz/seed_corpus/fuzz_kyber/roundtrip.bin	yes	yes (per PR description)	libFuzzer build of every target, 60 s depth run per target, seed-corpus and dictionary loading, registration and reachability gates	V-gate*x61	PR394_FUZZ_DEPTH.tsv,PR394_FUZZ_DEPTH_O2G.tsv	no	0	none	none
fuzz/seed_corpus/fuzz_kyber/sk-exact-ff.bin	yes	yes (per PR description)	libFuzzer build of every target, 60 s depth run per target, seed-corpus and dictionary loading, registration and reachability gates	V-gate*x61	PR394_FUZZ_DEPTH.tsv,PR394_FUZZ_DEPTH_O2G.tsv	no	0	none	none
fuzz/seed_corpus/fuzz_kyber/sk-exact-prng.bin	yes	yes (per PR description)	libFuzzer build of every target, 60 s depth run per target, seed-corpus and dictionary loading, registration and reachability gates	V-gate*x61	PR394_FUZZ_DEPTH.tsv,PR394_FUZZ_DEPTH_O2G.tsv	no	0	none	none
fuzz/seed_corpus/fuzz_kyber/sk-exact-zero.bin	yes	yes (per PR description)	libFuzzer build of every target, 60 s depth run per target, seed-corpus and dictionary loading, registration and reachability gates	V-gate*x61	PR394_FUZZ_DEPTH.tsv,PR394_FUZZ_DEPTH_O2G.tsv	no	0	none	none
fuzz/seed_corpus/fuzz_kyber/sk-one-long.bin	yes	yes (per PR description)	libFuzzer build of every target, 60 s depth run per target, seed-corpus and dictionary loading, registration and reachability gates	V-gate*x61	PR394_FUZZ_DEPTH.tsv,PR394_FUZZ_DEPTH_O2G.tsv	no	0	none	none
fuzz/seed_corpus/fuzz_kyber/sk-one-short.bin	yes	yes (per PR description)	libFuzzer build of every target, 60 s depth run per target, seed-corpus and dictionary loading, registration and reachability gates	V-gate*x61	PR394_FUZZ_DEPTH.tsv,PR394_FUZZ_DEPTH_O2G.tsv	no	0	none	none
fuzz/seed_corpus/fuzz_kyber/zero_seed	no	n/a (not in the PR diff)	libFuzzer build of every target, 60 s depth run per target, seed-corpus and dictionary loading, registration and reachability gates	V-gate*x61	PR394_FUZZ_DEPTH.tsv,PR394_FUZZ_DEPTH_O2G.tsv	no	0	none	none
fuzz/seed_corpus/fuzz_secp256k1/093664234aebbfe1f2917f9d77f939b02e8e65eb	yes	yes (per PR description)	libFuzzer build of every target, 60 s depth run per target, seed-corpus and dictionary loading, registration and reachability gates	V-gate*x61	PR394_FUZZ_DEPTH.tsv,PR394_FUZZ_DEPTH_O2G.tsv	no	0	none	none
fuzz/seed_corpus/fuzz_secp256k1/1489f923c4dca729178b3e3233458550d8dddf29	yes	yes (per PR description)	libFuzzer build of every target, 60 s depth run per target, seed-corpus and dictionary loading, registration and reachability gates	V-gate*x61	PR394_FUZZ_DEPTH.tsv,PR394_FUZZ_DEPTH_O2G.tsv	no	0	none	none
fuzz/seed_corpus/fuzz_secp256k1/2b02d472ded470e3135c3cc6cb81bc102e04f390	yes	yes (per PR description)	libFuzzer build of every target, 60 s depth run per target, seed-corpus and dictionary loading, registration and reachability gates	V-gate*x61	PR394_FUZZ_DEPTH.tsv,PR394_FUZZ_DEPTH_O2G.tsv	no	0	none	none
fuzz/seed_corpus/fuzz_secp256k1/5ba93c9db0cff93f52b521d7420e43f6eda2784f	yes	yes (per PR description)	libFuzzer build of every target, 60 s depth run per target, seed-corpus and dictionary loading, registration and reachability gates	V-gate*x61	PR394_FUZZ_DEPTH.tsv,PR394_FUZZ_DEPTH_O2G.tsv	no	0	none	none
fuzz/seed_corpus/fuzz_secp256k1/64ac47da8d4511278bc403edc212b11cd599bc6a	yes	yes (per PR description)	libFuzzer build of every target, 60 s depth run per target, seed-corpus and dictionary loading, registration and reachability gates	V-gate*x61	PR394_FUZZ_DEPTH.tsv,PR394_FUZZ_DEPTH_O2G.tsv	no	0	none	none
fuzz/seed_corpus/fuzz_secp256k1/76b4cb18ebde61c7699800df4fb982ca8245df68	yes	yes (per PR description)	libFuzzer build of every target, 60 s depth run per target, seed-corpus and dictionary loading, registration and reachability gates	V-gate*x61	PR394_FUZZ_DEPTH.tsv,PR394_FUZZ_DEPTH_O2G.tsv	no	0	none	none
fuzz/seed_corpus/fuzz_secp256k1/78b31f67f9426deaeecfbf13dc16f06b83c2b1e9	yes	yes (per PR description)	libFuzzer build of every target, 60 s depth run per target, seed-corpus and dictionary loading, registration and reachability gates	V-gate*x61	PR394_FUZZ_DEPTH.tsv,PR394_FUZZ_DEPTH_O2G.tsv	no	0	none	none
fuzz/seed_corpus/fuzz_secp256k1/8c30db273b89343a19e880bd059630d1e383232c	yes	yes (per PR description)	libFuzzer build of every target, 60 s depth run per target, seed-corpus and dictionary loading, registration and reachability gates	V-gate*x61	PR394_FUZZ_DEPTH.tsv,PR394_FUZZ_DEPTH_O2G.tsv	no	0	none	none
fuzz/seed_corpus/fuzz_secp256k1/91f04f76f1dde08881cddc1f755d6af8e49a4a01	yes	yes (per PR description)	libFuzzer build of every target, 60 s depth run per target, seed-corpus and dictionary loading, registration and reachability gates	V-gate*x61	PR394_FUZZ_DEPTH.tsv,PR394_FUZZ_DEPTH_O2G.tsv	no	0	none	none
fuzz/seed_corpus/fuzz_secp256k1/9932e418c1d1aee27e43e5ac53444b3cee0e08e1	yes	yes (per PR description)	libFuzzer build of every target, 60 s depth run per target, seed-corpus and dictionary loading, registration and reachability gates	V-gate*x61	PR394_FUZZ_DEPTH.tsv,PR394_FUZZ_DEPTH_O2G.tsv	no	0	none	none
fuzz/seed_corpus/fuzz_secp256k1/9a8f128265e48cf2cb691b4cefccc0556d9cbd3a	yes	yes (per PR description)	libFuzzer build of every target, 60 s depth run per target, seed-corpus and dictionary loading, registration and reachability gates	V-gate*x61	PR394_FUZZ_DEPTH.tsv,PR394_FUZZ_DEPTH_O2G.tsv	no	0	none	none
fuzz/seed_corpus/fuzz_secp256k1/a144baed7d9a79846a8c24d6393d39efd311aac9	yes	yes (per PR description)	libFuzzer build of every target, 60 s depth run per target, seed-corpus and dictionary loading, registration and reachability gates	V-gate*x61	PR394_FUZZ_DEPTH.tsv,PR394_FUZZ_DEPTH_O2G.tsv	no	0	none	none
fuzz/seed_corpus/fuzz_secp256k1/a979ef10cc6f6a36df6b8a323307ee3bb2e2db9c	yes	yes (per PR description)	libFuzzer build of every target, 60 s depth run per target, seed-corpus and dictionary loading, registration and reachability gates	V-gate*x61	PR394_FUZZ_DEPTH.tsv,PR394_FUZZ_DEPTH_O2G.tsv	no	0	none	none
fuzz/seed_corpus/fuzz_secp256k1/ae5b5f1db13c1556006c5c4dd15ac381f3805ea7	yes	yes (per PR description)	libFuzzer build of every target, 60 s depth run per target, seed-corpus and dictionary loading, registration and reachability gates	V-gate*x61	PR394_FUZZ_DEPTH.tsv,PR394_FUZZ_DEPTH_O2G.tsv	no	0	none	none
fuzz/seed_corpus/fuzz_secp256k1/ae7fca60943c2ef2f6cf5420477da41acf29b01d	yes	yes (per PR description)	libFuzzer build of every target, 60 s depth run per target, seed-corpus and dictionary loading, registration and reachability gates	V-gate*x61	PR394_FUZZ_DEPTH.tsv,PR394_FUZZ_DEPTH_O2G.tsv	no	0	none	none
fuzz/seed_corpus/fuzz_secp256k1/affb0e5424710808f97849ba15120f6da02ea120	yes	yes (per PR description)	libFuzzer build of every target, 60 s depth run per target, seed-corpus and dictionary loading, registration and reachability gates	V-gate*x61	PR394_FUZZ_DEPTH.tsv,PR394_FUZZ_DEPTH_O2G.tsv	no	0	none	none
fuzz/seed_corpus/fuzz_secp256k1/b68542373c05c0ed25231d09955b2c699d37c45b	yes	yes (per PR description)	libFuzzer build of every target, 60 s depth run per target, seed-corpus and dictionary loading, registration and reachability gates	V-gate*x61	PR394_FUZZ_DEPTH.tsv,PR394_FUZZ_DEPTH_O2G.tsv	no	0	none	none
fuzz/seed_corpus/fuzz_secp256k1/bab28d37a4c5a65cf63beda913c5c07eaf155d6d	yes	yes (per PR description)	libFuzzer build of every target, 60 s depth run per target, seed-corpus and dictionary loading, registration and reachability gates	V-gate*x61	PR394_FUZZ_DEPTH.tsv,PR394_FUZZ_DEPTH_O2G.tsv	no	0	none	none
fuzz/seed_corpus/fuzz_secp256k1/c1edf0404a308a32fe650cf6cb247ce00b00614c	yes	yes (per PR description)	libFuzzer build of every target, 60 s depth run per target, seed-corpus and dictionary loading, registration and reachability gates	V-gate*x61	PR394_FUZZ_DEPTH.tsv,PR394_FUZZ_DEPTH_O2G.tsv	no	0	none	none
fuzz/seed_corpus/fuzz_secp256k1/c3156e00d3c2588c639e0d3cf6821258b05761c7	yes	yes (per PR description)	libFuzzer build of every target, 60 s depth run per target, seed-corpus and dictionary loading, registration and reachability gates	V-gate*x61	PR394_FUZZ_DEPTH.tsv,PR394_FUZZ_DEPTH_O2G.tsv	no	0	none	none
fuzz/seed_corpus/fuzz_secp256k1/c429de063cb2934b552056daf6c3b962c9598c82	yes	yes (per PR description)	libFuzzer build of every target, 60 s depth run per target, seed-corpus and dictionary loading, registration and reachability gates	V-gate*x61	PR394_FUZZ_DEPTH.tsv,PR394_FUZZ_DEPTH_O2G.tsv	no	0	none	none
fuzz/seed_corpus/fuzz_secp256k1/c4ea21bb365bbeeaf5f2c654883e56d11e43c44e	yes	yes (per PR description)	libFuzzer build of every target, 60 s depth run per target, seed-corpus and dictionary loading, registration and reachability gates	V-gate*x61	PR394_FUZZ_DEPTH.tsv,PR394_FUZZ_DEPTH_O2G.tsv	no	0	none	none
fuzz/seed_corpus/fuzz_secp256k1/cb473678976f425d6ec1339838f11011007ad27d	yes	yes (per PR description)	libFuzzer build of every target, 60 s depth run per target, seed-corpus and dictionary loading, registration and reachability gates	V-gate*x61	PR394_FUZZ_DEPTH.tsv,PR394_FUZZ_DEPTH_O2G.tsv	no	0	none	none
fuzz/seed_corpus/fuzz_secp256k1/d26107ed432a93c85b2fcf34c1b34599b91afa30	yes	yes (per PR description)	libFuzzer build of every target, 60 s depth run per target, seed-corpus and dictionary loading, registration and reachability gates	V-gate*x61	PR394_FUZZ_DEPTH.tsv,PR394_FUZZ_DEPTH_O2G.tsv	no	0	none	none
fuzz/seed_corpus/fuzz_secp256k1/dc9e44dc2a9a9048f77095c80cecebb18bac9898	yes	yes (per PR description)	libFuzzer build of every target, 60 s depth run per target, seed-corpus and dictionary loading, registration and reachability gates	V-gate*x61	PR394_FUZZ_DEPTH.tsv,PR394_FUZZ_DEPTH_O2G.tsv	no	0	none	none
fuzz/seed_corpus/fuzz_secp256k1/e692658fa45d9eab196d20d5e18bde3a3bcd3670	yes	yes (per PR description)	libFuzzer build of every target, 60 s depth run per target, seed-corpus and dictionary loading, registration and reachability gates	V-gate*x61	PR394_FUZZ_DEPTH.tsv,PR394_FUZZ_DEPTH_O2G.tsv	no	0	none	none
fuzz/seed_corpus/fuzz_secp256k1/fb83dc1271d80fa48462b5097295a7e306842ae0	yes	yes (per PR description)	libFuzzer build of every target, 60 s depth run per target, seed-corpus and dictionary loading, registration and reachability gates	V-gate*x61	PR394_FUZZ_DEPTH.tsv,PR394_FUZZ_DEPTH_O2G.tsv	no	0	none	none
fuzz/seed_corpus/fuzz_secp256k1/min_privkey	no	n/a (not in the PR diff)	libFuzzer build of every target, 60 s depth run per target, seed-corpus and dictionary loading, registration and reachability gates	V-gate*x61	PR394_FUZZ_DEPTH.tsv,PR394_FUZZ_DEPTH_O2G.tsv	no	0	none	none
fuzz/seed_corpus/fuzz_sha3/03fa95c77415b6c8691a0dc1d13e195ccd1b897c	yes	yes (per PR description)	libFuzzer build of every target, 60 s depth run per target, seed-corpus and dictionary loading, registration and reachability gates	V-gate*x61	PR394_FUZZ_DEPTH.tsv,PR394_FUZZ_DEPTH_O2G.tsv	no	0	none	none
fuzz/seed_corpus/fuzz_sha3/04f029feccd2c5c3d3ef87329eb85606bbdd2698	yes	yes (per PR description)	libFuzzer build of every target, 60 s depth run per target, seed-corpus and dictionary loading, registration and reachability gates	V-gate*x61	PR394_FUZZ_DEPTH.tsv,PR394_FUZZ_DEPTH_O2G.tsv	no	0	none	none
fuzz/seed_corpus/fuzz_sha3/06967d8e4a36243a7dc6404de1b1141f744adf2e	yes	yes (per PR description)	libFuzzer build of every target, 60 s depth run per target, seed-corpus and dictionary loading, registration and reachability gates	V-gate*x61	PR394_FUZZ_DEPTH.tsv,PR394_FUZZ_DEPTH_O2G.tsv	no	0	none	none
fuzz/seed_corpus/fuzz_sha3/0e79ef39b5a9e933708fecf6b8dfa4c6ec3c74d8	yes	yes (per PR description)	libFuzzer build of every target, 60 s depth run per target, seed-corpus and dictionary loading, registration and reachability gates	V-gate*x61	PR394_FUZZ_DEPTH.tsv,PR394_FUZZ_DEPTH_O2G.tsv	no	0	none	none
fuzz/seed_corpus/fuzz_sha3/0f5ae59cf94b81676d53d44a5a37fa043d4dbdd9	yes	yes (per PR description)	libFuzzer build of every target, 60 s depth run per target, seed-corpus and dictionary loading, registration and reachability gates	V-gate*x61	PR394_FUZZ_DEPTH.tsv,PR394_FUZZ_DEPTH_O2G.tsv	no	0	none	none
fuzz/seed_corpus/fuzz_sha3/112a6c6a14097e3f060dbd990e7f74116fc06a93	yes	yes (per PR description)	libFuzzer build of every target, 60 s depth run per target, seed-corpus and dictionary loading, registration and reachability gates	V-gate*x61	PR394_FUZZ_DEPTH.tsv,PR394_FUZZ_DEPTH_O2G.tsv	no	0	none	none
fuzz/seed_corpus/fuzz_sha3/1286b317cd83eee3c5c1350f2e83463751f44bcb	yes	yes (per PR description)	libFuzzer build of every target, 60 s depth run per target, seed-corpus and dictionary loading, registration and reachability gates	V-gate*x61	PR394_FUZZ_DEPTH.tsv,PR394_FUZZ_DEPTH_O2G.tsv	no	0	none	none
fuzz/seed_corpus/fuzz_sha3/1347b9ac96ee65e2442f0baf48555eb977a6b366	yes	yes (per PR description)	libFuzzer build of every target, 60 s depth run per target, seed-corpus and dictionary loading, registration and reachability gates	V-gate*x61	PR394_FUZZ_DEPTH.tsv,PR394_FUZZ_DEPTH_O2G.tsv	no	0	none	none
fuzz/seed_corpus/fuzz_sha3/13fe9fd2e16cb2dfd4137039cfa338e990ed2cdc	yes	yes (per PR description)	libFuzzer build of every target, 60 s depth run per target, seed-corpus and dictionary loading, registration and reachability gates	V-gate*x61	PR394_FUZZ_DEPTH.tsv,PR394_FUZZ_DEPTH_O2G.tsv	no	0	none	none
fuzz/seed_corpus/fuzz_sha3/15da3149e231811fd112058014cefc6ac5d73e46	yes	yes (per PR description)	libFuzzer build of every target, 60 s depth run per target, seed-corpus and dictionary loading, registration and reachability gates	V-gate*x61	PR394_FUZZ_DEPTH.tsv,PR394_FUZZ_DEPTH_O2G.tsv	no	0	none	none
fuzz/seed_corpus/fuzz_sha3/17c01129528f9de626926f2a6c7c69c425420928	yes	yes (per PR description)	libFuzzer build of every target, 60 s depth run per target, seed-corpus and dictionary loading, registration and reachability gates	V-gate*x61	PR394_FUZZ_DEPTH.tsv,PR394_FUZZ_DEPTH_O2G.tsv	no	0	none	none
fuzz/seed_corpus/fuzz_sha3/187033aeedb8f13cd733a3c9058d7124c1853543	yes	yes (per PR description)	libFuzzer build of every target, 60 s depth run per target, seed-corpus and dictionary loading, registration and reachability gates	V-gate*x61	PR394_FUZZ_DEPTH.tsv,PR394_FUZZ_DEPTH_O2G.tsv	no	0	none	none
fuzz/seed_corpus/fuzz_sha3/218bdf3ce904810f58b348698f0687d76c5e6bf6	yes	yes (per PR description)	libFuzzer build of every target, 60 s depth run per target, seed-corpus and dictionary loading, registration and reachability gates	V-gate*x61	PR394_FUZZ_DEPTH.tsv,PR394_FUZZ_DEPTH_O2G.tsv	no	0	none	none
fuzz/seed_corpus/fuzz_sha3/254a695600556b629524561e32f668c11de4fd3c	yes	yes (per PR description)	libFuzzer build of every target, 60 s depth run per target, seed-corpus and dictionary loading, registration and reachability gates	V-gate*x61	PR394_FUZZ_DEPTH.tsv,PR394_FUZZ_DEPTH_O2G.tsv	no	0	none	none
fuzz/seed_corpus/fuzz_sha3/259495fdbb5cee7a86eb75653de1c0a481898aaf	yes	yes (per PR description)	libFuzzer build of every target, 60 s depth run per target, seed-corpus and dictionary loading, registration and reachability gates	V-gate*x61	PR394_FUZZ_DEPTH.tsv,PR394_FUZZ_DEPTH_O2G.tsv	no	0	none	none
fuzz/seed_corpus/fuzz_sha3/266e56dc6430eab050152906e4c88b8d04ad8887	yes	yes (per PR description)	libFuzzer build of every target, 60 s depth run per target, seed-corpus and dictionary loading, registration and reachability gates	V-gate*x61	PR394_FUZZ_DEPTH.tsv,PR394_FUZZ_DEPTH_O2G.tsv	no	0	none	none
fuzz/seed_corpus/fuzz_sha3/26cc88275293e8cb82ee758a45f5104a9c53830d	yes	yes (per PR description)	libFuzzer build of every target, 60 s depth run per target, seed-corpus and dictionary loading, registration and reachability gates	V-gate*x61	PR394_FUZZ_DEPTH.tsv,PR394_FUZZ_DEPTH_O2G.tsv	no	0	none	none
fuzz/seed_corpus/fuzz_sha3/273fcc1a848dda76e8788e9b376b2208b2abaeb4	yes	yes (per PR description)	libFuzzer build of every target, 60 s depth run per target, seed-corpus and dictionary loading, registration and reachability gates	V-gate*x61	PR394_FUZZ_DEPTH.tsv,PR394_FUZZ_DEPTH_O2G.tsv	no	0	none	none
fuzz/seed_corpus/fuzz_sha3/291c3d616c2ff81df3a8003d25206bc0e0572234	yes	yes (per PR description)	libFuzzer build of every target, 60 s depth run per target, seed-corpus and dictionary loading, registration and reachability gates	V-gate*x61	PR394_FUZZ_DEPTH.tsv,PR394_FUZZ_DEPTH_O2G.tsv	no	0	none	none
fuzz/seed_corpus/fuzz_sha3/2b490b1877d32ac887ed9ccb9247292cf368adcf	yes	yes (per PR description)	libFuzzer build of every target, 60 s depth run per target, seed-corpus and dictionary loading, registration and reachability gates	V-gate*x61	PR394_FUZZ_DEPTH.tsv,PR394_FUZZ_DEPTH_O2G.tsv	no	0	none	none
fuzz/seed_corpus/fuzz_sha3/2d14ab97cc3dc294c51c0d6814f4ea45f4b4e312	yes	yes (per PR description)	libFuzzer build of every target, 60 s depth run per target, seed-corpus and dictionary loading, registration and reachability gates	V-gate*x61	PR394_FUZZ_DEPTH.tsv,PR394_FUZZ_DEPTH_O2G.tsv	no	0	none	none
fuzz/seed_corpus/fuzz_sha3/2d2a551d463fbc61bb996d3e3ac08e65caf47ba1	yes	yes (per PR description)	libFuzzer build of every target, 60 s depth run per target, seed-corpus and dictionary loading, registration and reachability gates	V-gate*x61	PR394_FUZZ_DEPTH.tsv,PR394_FUZZ_DEPTH_O2G.tsv	no	0	none	none
fuzz/seed_corpus/fuzz_sha3/30b65264dc0ae688bfb07e89298b679d6027b313	yes	yes (per PR description)	libFuzzer build of every target, 60 s depth run per target, seed-corpus and dictionary loading, registration and reachability gates	V-gate*x61	PR394_FUZZ_DEPTH.tsv,PR394_FUZZ_DEPTH_O2G.tsv	no	0	none	none
fuzz/seed_corpus/fuzz_sha3/30d76230aae214673ef8ee718dffa4b823466d46	yes	yes (per PR description)	libFuzzer build of every target, 60 s depth run per target, seed-corpus and dictionary loading, registration and reachability gates	V-gate*x61	PR394_FUZZ_DEPTH.tsv,PR394_FUZZ_DEPTH_O2G.tsv	no	0	none	none
fuzz/seed_corpus/fuzz_sha3/31e1bd306a28298f7a26f37d25239413efac15a9	yes	yes (per PR description)	libFuzzer build of every target, 60 s depth run per target, seed-corpus and dictionary loading, registration and reachability gates	V-gate*x61	PR394_FUZZ_DEPTH.tsv,PR394_FUZZ_DEPTH_O2G.tsv	no	0	none	none
fuzz/seed_corpus/fuzz_sha3/33718e04a5072f6934bbacf6a55d887ae30b9733	yes	yes (per PR description)	libFuzzer build of every target, 60 s depth run per target, seed-corpus and dictionary loading, registration and reachability gates	V-gate*x61	PR394_FUZZ_DEPTH.tsv,PR394_FUZZ_DEPTH_O2G.tsv	no	0	none	none
fuzz/seed_corpus/fuzz_sha3/3891c8cb3dde45f38efe91b3d1da2d99eeed0191	yes	yes (per PR description)	libFuzzer build of every target, 60 s depth run per target, seed-corpus and dictionary loading, registration and reachability gates	V-gate*x61	PR394_FUZZ_DEPTH.tsv,PR394_FUZZ_DEPTH_O2G.tsv	no	0	none	none
fuzz/seed_corpus/fuzz_sha3/3b008a56fac2f386b74dd5ea272de34e218af688	yes	yes (per PR description)	libFuzzer build of every target, 60 s depth run per target, seed-corpus and dictionary loading, registration and reachability gates	V-gate*x61	PR394_FUZZ_DEPTH.tsv,PR394_FUZZ_DEPTH_O2G.tsv	no	0	none	none
fuzz/seed_corpus/fuzz_sha3/3ea4fb867d63b804195322ea5f56173e1aaa1b53	yes	yes (per PR description)	libFuzzer build of every target, 60 s depth run per target, seed-corpus and dictionary loading, registration and reachability gates	V-gate*x61	PR394_FUZZ_DEPTH.tsv,PR394_FUZZ_DEPTH_O2G.tsv	no	0	none	none
fuzz/seed_corpus/fuzz_sha3/40585907b3eb32c9342ca024161656e4993f78e0	yes	yes (per PR description)	libFuzzer build of every target, 60 s depth run per target, seed-corpus and dictionary loading, registration and reachability gates	V-gate*x61	PR394_FUZZ_DEPTH.tsv,PR394_FUZZ_DEPTH_O2G.tsv	no	0	none	none
fuzz/seed_corpus/fuzz_sha3/429ab3c10b878cc5e2e10763208713fca64bdb79	yes	yes (per PR description)	libFuzzer build of every target, 60 s depth run per target, seed-corpus and dictionary loading, registration and reachability gates	V-gate*x61	PR394_FUZZ_DEPTH.tsv,PR394_FUZZ_DEPTH_O2G.tsv	no	0	none	none
fuzz/seed_corpus/fuzz_sha3/4345cb1fa27885a8fbfe7c0c830a592cc76a552b	yes	yes (per PR description)	libFuzzer build of every target, 60 s depth run per target, seed-corpus and dictionary loading, registration and reachability gates	V-gate*x61	PR394_FUZZ_DEPTH.tsv,PR394_FUZZ_DEPTH_O2G.tsv	no	0	none	none
fuzz/seed_corpus/fuzz_sha3/443831eef7dc634146a0ebfeb26f155dc05ccb9f	yes	yes (per PR description)	libFuzzer build of every target, 60 s depth run per target, seed-corpus and dictionary loading, registration and reachability gates	V-gate*x61	PR394_FUZZ_DEPTH.tsv,PR394_FUZZ_DEPTH_O2G.tsv	no	0	none	none
fuzz/seed_corpus/fuzz_sha3/479abbb7a03e83a6115544cc9eb592bb0e3a4a1e	yes	yes (per PR description)	libFuzzer build of every target, 60 s depth run per target, seed-corpus and dictionary loading, registration and reachability gates	V-gate*x61	PR394_FUZZ_DEPTH.tsv,PR394_FUZZ_DEPTH_O2G.tsv	no	0	none	none
fuzz/seed_corpus/fuzz_sha3/48a693c1b3c01566a5505b53f1d50cc0271003f1	yes	yes (per PR description)	libFuzzer build of every target, 60 s depth run per target, seed-corpus and dictionary loading, registration and reachability gates	V-gate*x61	PR394_FUZZ_DEPTH.tsv,PR394_FUZZ_DEPTH_O2G.tsv	no	0	none	none
fuzz/seed_corpus/fuzz_sha3/4c311e0d644c5254b147b41342b900e258274089	yes	yes (per PR description)	libFuzzer build of every target, 60 s depth run per target, seed-corpus and dictionary loading, registration and reachability gates	V-gate*x61	PR394_FUZZ_DEPTH.tsv,PR394_FUZZ_DEPTH_O2G.tsv	no	0	none	none
fuzz/seed_corpus/fuzz_sha3/5379fc9684029f8c73e21e2f2b7e34be2afaa225	yes	yes (per PR description)	libFuzzer build of every target, 60 s depth run per target, seed-corpus and dictionary loading, registration and reachability gates	V-gate*x61	PR394_FUZZ_DEPTH.tsv,PR394_FUZZ_DEPTH_O2G.tsv	no	0	none	none
fuzz/seed_corpus/fuzz_sha3/53d5d379d218a398312d48cdb238e711b5c45b7f	yes	yes (per PR description)	libFuzzer build of every target, 60 s depth run per target, seed-corpus and dictionary loading, registration and reachability gates	V-gate*x61	PR394_FUZZ_DEPTH.tsv,PR394_FUZZ_DEPTH_O2G.tsv	no	0	none	none
fuzz/seed_corpus/fuzz_sha3/5882b6a7ac46e06416c6600ecd96cd98c33ff164	yes	yes (per PR description)	libFuzzer build of every target, 60 s depth run per target, seed-corpus and dictionary loading, registration and reachability gates	V-gate*x61	PR394_FUZZ_DEPTH.tsv,PR394_FUZZ_DEPTH_O2G.tsv	no	0	none	none
fuzz/seed_corpus/fuzz_sha3/5981c4407ac2e5263b14f5768e7e9791327f5237	yes	yes (per PR description)	libFuzzer build of every target, 60 s depth run per target, seed-corpus and dictionary loading, registration and reachability gates	V-gate*x61	PR394_FUZZ_DEPTH.tsv,PR394_FUZZ_DEPTH_O2G.tsv	no	0	none	none
fuzz/seed_corpus/fuzz_sha3/5c2dd944dde9e08881bef0894fe7b22a5c9c4b06	yes	yes (per PR description)	libFuzzer build of every target, 60 s depth run per target, seed-corpus and dictionary loading, registration and reachability gates	V-gate*x61	PR394_FUZZ_DEPTH.tsv,PR394_FUZZ_DEPTH_O2G.tsv	no	0	none	none
fuzz/seed_corpus/fuzz_sha3/5e3e5e782bb485405cbc6094819b5e80c1dd328f	yes	yes (per PR description)	libFuzzer build of every target, 60 s depth run per target, seed-corpus and dictionary loading, registration and reachability gates	V-gate*x61	PR394_FUZZ_DEPTH.tsv,PR394_FUZZ_DEPTH_O2G.tsv	no	0	none	none
fuzz/seed_corpus/fuzz_sha3/615ea376a27f361838f1e38ac8554a71ffd516ac	yes	yes (per PR description)	libFuzzer build of every target, 60 s depth run per target, seed-corpus and dictionary loading, registration and reachability gates	V-gate*x61	PR394_FUZZ_DEPTH.tsv,PR394_FUZZ_DEPTH_O2G.tsv	no	0	none	none
fuzz/seed_corpus/fuzz_sha3/6232c9b63384b733fad41841d32607d1abcaccf1	yes	yes (per PR description)	libFuzzer build of every target, 60 s depth run per target, seed-corpus and dictionary loading, registration and reachability gates	V-gate*x61	PR394_FUZZ_DEPTH.tsv,PR394_FUZZ_DEPTH_O2G.tsv	no	0	none	none
fuzz/seed_corpus/fuzz_sha3/65aec589c9c86cb5ae68a0e2659f163e262eefca	yes	yes (per PR description)	libFuzzer build of every target, 60 s depth run per target, seed-corpus and dictionary loading, registration and reachability gates	V-gate*x61	PR394_FUZZ_DEPTH.tsv,PR394_FUZZ_DEPTH_O2G.tsv	no	0	none	none
fuzz/seed_corpus/fuzz_sha3/694b6da0ab983acf9bcaa6127081be89740609a0	yes	yes (per PR description)	libFuzzer build of every target, 60 s depth run per target, seed-corpus and dictionary loading, registration and reachability gates	V-gate*x61	PR394_FUZZ_DEPTH.tsv,PR394_FUZZ_DEPTH_O2G.tsv	no	0	none	none
fuzz/seed_corpus/fuzz_sha3/69ad8f64bde27247726010836340af46973cc4f2	yes	yes (per PR description)	libFuzzer build of every target, 60 s depth run per target, seed-corpus and dictionary loading, registration and reachability gates	V-gate*x61	PR394_FUZZ_DEPTH.tsv,PR394_FUZZ_DEPTH_O2G.tsv	no	0	none	none
fuzz/seed_corpus/fuzz_sha3/6bb6d7580bf2efb6799f7a6d0e13b947f10ec8dd	yes	yes (per PR description)	libFuzzer build of every target, 60 s depth run per target, seed-corpus and dictionary loading, registration and reachability gates	V-gate*x61	PR394_FUZZ_DEPTH.tsv,PR394_FUZZ_DEPTH_O2G.tsv	no	0	none	none
fuzz/seed_corpus/fuzz_sha3/75f897d6ce098f27cc20c9351121318bff6eecc3	yes	yes (per PR description)	libFuzzer build of every target, 60 s depth run per target, seed-corpus and dictionary loading, registration and reachability gates	V-gate*x61	PR394_FUZZ_DEPTH.tsv,PR394_FUZZ_DEPTH_O2G.tsv	no	0	none	none
fuzz/seed_corpus/fuzz_sha3/764e8555b145a1795cfac27ebfadcc42a65bd822	yes	yes (per PR description)	libFuzzer build of every target, 60 s depth run per target, seed-corpus and dictionary loading, registration and reachability gates	V-gate*x61	PR394_FUZZ_DEPTH.tsv,PR394_FUZZ_DEPTH_O2G.tsv	no	0	none	none
fuzz/seed_corpus/fuzz_sha3/797926db426d2f4b3607725bfdfbb16dcf04cd3c	yes	yes (per PR description)	libFuzzer build of every target, 60 s depth run per target, seed-corpus and dictionary loading, registration and reachability gates	V-gate*x61	PR394_FUZZ_DEPTH.tsv,PR394_FUZZ_DEPTH_O2G.tsv	no	0	none	none
fuzz/seed_corpus/fuzz_sha3/7ae2eb931a7a2dee7d4325f6e244b5d991d75c20	yes	yes (per PR description)	libFuzzer build of every target, 60 s depth run per target, seed-corpus and dictionary loading, registration and reachability gates	V-gate*x61	PR394_FUZZ_DEPTH.tsv,PR394_FUZZ_DEPTH_O2G.tsv	no	0	none	none
fuzz/seed_corpus/fuzz_sha3/7f32cca36aa27d96064faccfdb8ff509cabc6202	yes	yes (per PR description)	libFuzzer build of every target, 60 s depth run per target, seed-corpus and dictionary loading, registration and reachability gates	V-gate*x61	PR394_FUZZ_DEPTH.tsv,PR394_FUZZ_DEPTH_O2G.tsv	no	0	none	none
fuzz/seed_corpus/fuzz_sha3/84bdd5d14e35b1113bd9b0f5202c136ebf900727	yes	yes (per PR description)	libFuzzer build of every target, 60 s depth run per target, seed-corpus and dictionary loading, registration and reachability gates	V-gate*x61	PR394_FUZZ_DEPTH.tsv,PR394_FUZZ_DEPTH_O2G.tsv	no	0	none	none
fuzz/seed_corpus/fuzz_sha3/85121eb08fb4f0a68b5b7211c2e7996207981219	yes	yes (per PR description)	libFuzzer build of every target, 60 s depth run per target, seed-corpus and dictionary loading, registration and reachability gates	V-gate*x61	PR394_FUZZ_DEPTH.tsv,PR394_FUZZ_DEPTH_O2G.tsv	no	0	none	none
fuzz/seed_corpus/fuzz_sha3/861e0340b93771092413a6e7ee404f004010e1f2	yes	yes (per PR description)	libFuzzer build of every target, 60 s depth run per target, seed-corpus and dictionary loading, registration and reachability gates	V-gate*x61	PR394_FUZZ_DEPTH.tsv,PR394_FUZZ_DEPTH_O2G.tsv	no	0	none	none
fuzz/seed_corpus/fuzz_sha3/8649e21ffd283c7dee8d74a0eed4b0ab253b7a97	yes	yes (per PR description)	libFuzzer build of every target, 60 s depth run per target, seed-corpus and dictionary loading, registration and reachability gates	V-gate*x61	PR394_FUZZ_DEPTH.tsv,PR394_FUZZ_DEPTH_O2G.tsv	no	0	none	none
fuzz/seed_corpus/fuzz_sha3/89064cbfd969e6b3890acbbdfd9c4bd9735ee899	yes	yes (per PR description)	libFuzzer build of every target, 60 s depth run per target, seed-corpus and dictionary loading, registration and reachability gates	V-gate*x61	PR394_FUZZ_DEPTH.tsv,PR394_FUZZ_DEPTH_O2G.tsv	no	0	none	none
fuzz/seed_corpus/fuzz_sha3/8afc7c87ca4a4eab7b6d43e00979eb2ab7387e4d	yes	yes (per PR description)	libFuzzer build of every target, 60 s depth run per target, seed-corpus and dictionary loading, registration and reachability gates	V-gate*x61	PR394_FUZZ_DEPTH.tsv,PR394_FUZZ_DEPTH_O2G.tsv	no	0	none	none
fuzz/seed_corpus/fuzz_sha3/8ca4bf08ea251addba977af08cbb7393b2a06c73	yes	yes (per PR description)	libFuzzer build of every target, 60 s depth run per target, seed-corpus and dictionary loading, registration and reachability gates	V-gate*x61	PR394_FUZZ_DEPTH.tsv,PR394_FUZZ_DEPTH_O2G.tsv	no	0	none	none
fuzz/seed_corpus/fuzz_sha3/8d8cdcb3b0bc2a2e95e871c7a2def9e56838aeca	yes	yes (per PR description)	libFuzzer build of every target, 60 s depth run per target, seed-corpus and dictionary loading, registration and reachability gates	V-gate*x61	PR394_FUZZ_DEPTH.tsv,PR394_FUZZ_DEPTH_O2G.tsv	no	0	none	none
fuzz/seed_corpus/fuzz_sha3/8dc00598417d4eb788a77ac6ccef3cb484905d8b	yes	yes (per PR description)	libFuzzer build of every target, 60 s depth run per target, seed-corpus and dictionary loading, registration and reachability gates	V-gate*x61	PR394_FUZZ_DEPTH.tsv,PR394_FUZZ_DEPTH_O2G.tsv	no	0	none	none
fuzz/seed_corpus/fuzz_sha3/929128f50317da57af845a760bdffb25d87a1c56	yes	yes (per PR description)	libFuzzer build of every target, 60 s depth run per target, seed-corpus and dictionary loading, registration and reachability gates	V-gate*x61	PR394_FUZZ_DEPTH.tsv,PR394_FUZZ_DEPTH_O2G.tsv	no	0	none	none
fuzz/seed_corpus/fuzz_sha3/950003ff3d8d963cb962779c09e0781a176729a1	yes	yes (per PR description)	libFuzzer build of every target, 60 s depth run per target, seed-corpus and dictionary loading, registration and reachability gates	V-gate*x61	PR394_FUZZ_DEPTH.tsv,PR394_FUZZ_DEPTH_O2G.tsv	no	0	none	none
fuzz/seed_corpus/fuzz_sha3/9b16954c238e58705e1ec8ebc0b268a3676556f7	yes	yes (per PR description)	libFuzzer build of every target, 60 s depth run per target, seed-corpus and dictionary loading, registration and reachability gates	V-gate*x61	PR394_FUZZ_DEPTH.tsv,PR394_FUZZ_DEPTH_O2G.tsv	no	0	none	none
fuzz/seed_corpus/fuzz_sha3/9c2036d64feb1e62d4ee2c75fe2e7923b34efed0	yes	yes (per PR description)	libFuzzer build of every target, 60 s depth run per target, seed-corpus and dictionary loading, registration and reachability gates	V-gate*x61	PR394_FUZZ_DEPTH.tsv,PR394_FUZZ_DEPTH_O2G.tsv	no	0	none	none
fuzz/seed_corpus/fuzz_sha3/9c2a48efec227d3b50f5653019ccb3d358e375a3	yes	yes (per PR description)	libFuzzer build of every target, 60 s depth run per target, seed-corpus and dictionary loading, registration and reachability gates	V-gate*x61	PR394_FUZZ_DEPTH.tsv,PR394_FUZZ_DEPTH_O2G.tsv	no	0	none	none
fuzz/seed_corpus/fuzz_sha3/9deebfd5675ee65bd5a3f08cf9eebd6d68f59208	yes	yes (per PR description)	libFuzzer build of every target, 60 s depth run per target, seed-corpus and dictionary loading, registration and reachability gates	V-gate*x61	PR394_FUZZ_DEPTH.tsv,PR394_FUZZ_DEPTH_O2G.tsv	no	0	none	none
fuzz/seed_corpus/fuzz_sha3/a08cf27fa74f7ec2c5407cc1371ec321cd23d080	yes	yes (per PR description)	libFuzzer build of every target, 60 s depth run per target, seed-corpus and dictionary loading, registration and reachability gates	V-gate*x61	PR394_FUZZ_DEPTH.tsv,PR394_FUZZ_DEPTH_O2G.tsv	no	0	none	none
fuzz/seed_corpus/fuzz_sha3/a145cfe3b69404830171cd392ac847da4e7b98d2	yes	yes (per PR description)	libFuzzer build of every target, 60 s depth run per target, seed-corpus and dictionary loading, registration and reachability gates	V-gate*x61	PR394_FUZZ_DEPTH.tsv,PR394_FUZZ_DEPTH_O2G.tsv	no	0	none	none
fuzz/seed_corpus/fuzz_sha3/a29af9f8c5b6aca812bcb43e9cbfdeb789ba4739	yes	yes (per PR description)	libFuzzer build of every target, 60 s depth run per target, seed-corpus and dictionary loading, registration and reachability gates	V-gate*x61	PR394_FUZZ_DEPTH.tsv,PR394_FUZZ_DEPTH_O2G.tsv	no	0	none	none
fuzz/seed_corpus/fuzz_sha3/a5dfa7fc817a2ec462fc780817246fabcd1563d8	yes	yes (per PR description)	libFuzzer build of every target, 60 s depth run per target, seed-corpus and dictionary loading, registration and reachability gates	V-gate*x61	PR394_FUZZ_DEPTH.tsv,PR394_FUZZ_DEPTH_O2G.tsv	no	0	none	none
fuzz/seed_corpus/fuzz_sha3/a6630019020cd4a1bad6f2a4e6efb7d872e0ca6f	yes	yes (per PR description)	libFuzzer build of every target, 60 s depth run per target, seed-corpus and dictionary loading, registration and reachability gates	V-gate*x61	PR394_FUZZ_DEPTH.tsv,PR394_FUZZ_DEPTH_O2G.tsv	no	0	none	none
fuzz/seed_corpus/fuzz_sha3/all_ff_8	no	n/a (not in the PR diff)	libFuzzer build of every target, 60 s depth run per target, seed-corpus and dictionary loading, registration and reachability gates	V-gate*x61	PR394_FUZZ_DEPTH.tsv,PR394_FUZZ_DEPTH_O2G.tsv	no	0	none	none
fuzz/seed_corpus/fuzz_sha3/ascii_text	no	n/a (not in the PR diff)	libFuzzer build of every target, 60 s depth run per target, seed-corpus and dictionary loading, registration and reachability gates	V-gate*x61	PR394_FUZZ_DEPTH.tsv,PR394_FUZZ_DEPTH_O2G.tsv	no	0	none	none
fuzz/seed_corpus/fuzz_sha3/b165ec60b9285fc072669597fac4724713ebd33f	yes	yes (per PR description)	libFuzzer build of every target, 60 s depth run per target, seed-corpus and dictionary loading, registration and reachability gates	V-gate*x61	PR394_FUZZ_DEPTH.tsv,PR394_FUZZ_DEPTH_O2G.tsv	no	0	none	none
fuzz/seed_corpus/fuzz_sha3/b2012a4fcd9e84904e9b631552345bc6e8687a26	yes	yes (per PR description)	libFuzzer build of every target, 60 s depth run per target, seed-corpus and dictionary loading, registration and reachability gates	V-gate*x61	PR394_FUZZ_DEPTH.tsv,PR394_FUZZ_DEPTH_O2G.tsv	no	0	none	none
fuzz/seed_corpus/fuzz_sha3/b4ca4025ca387b206e6cdfbacb4bd76fd8eeb493	yes	yes (per PR description)	libFuzzer build of every target, 60 s depth run per target, seed-corpus and dictionary loading, registration and reachability gates	V-gate*x61	PR394_FUZZ_DEPTH.tsv,PR394_FUZZ_DEPTH_O2G.tsv	no	0	none	none
fuzz/seed_corpus/fuzz_sha3/c6153230b6b8e6e9e3b2afb177bfb73bbba56aa2	yes	yes (per PR description)	libFuzzer build of every target, 60 s depth run per target, seed-corpus and dictionary loading, registration and reachability gates	V-gate*x61	PR394_FUZZ_DEPTH.tsv,PR394_FUZZ_DEPTH_O2G.tsv	no	0	none	none
fuzz/seed_corpus/fuzz_sha3/c88d1e02ed536f52609f226f53a1dd3a84c7c4e4	yes	yes (per PR description)	libFuzzer build of every target, 60 s depth run per target, seed-corpus and dictionary loading, registration and reachability gates	V-gate*x61	PR394_FUZZ_DEPTH.tsv,PR394_FUZZ_DEPTH_O2G.tsv	no	0	none	none
fuzz/seed_corpus/fuzz_sha3/c8f2ff3613d98c2e017dea6841478d3299ec529c	yes	yes (per PR description)	libFuzzer build of every target, 60 s depth run per target, seed-corpus and dictionary loading, registration and reachability gates	V-gate*x61	PR394_FUZZ_DEPTH.tsv,PR394_FUZZ_DEPTH_O2G.tsv	no	0	none	none
fuzz/seed_corpus/fuzz_sha3/cbc9da9e055d38308b60676a88176d604d011a00	yes	yes (per PR description)	libFuzzer build of every target, 60 s depth run per target, seed-corpus and dictionary loading, registration and reachability gates	V-gate*x61	PR394_FUZZ_DEPTH.tsv,PR394_FUZZ_DEPTH_O2G.tsv	no	0	none	none
fuzz/seed_corpus/fuzz_sha3/ce6e00049f647680d85280b5fd6e6e1dcf3c4241	yes	yes (per PR description)	libFuzzer build of every target, 60 s depth run per target, seed-corpus and dictionary loading, registration and reachability gates	V-gate*x61	PR394_FUZZ_DEPTH.tsv,PR394_FUZZ_DEPTH_O2G.tsv	no	0	none	none
fuzz/seed_corpus/fuzz_sha3/d47f2e1534d2c9c91857c9c775dc8327c4258c9a	yes	yes (per PR description)	libFuzzer build of every target, 60 s depth run per target, seed-corpus and dictionary loading, registration and reachability gates	V-gate*x61	PR394_FUZZ_DEPTH.tsv,PR394_FUZZ_DEPTH_O2G.tsv	no	0	none	none
fuzz/seed_corpus/fuzz_sha3/d4fe91c2d74b6dba57e8974a6aa06022aa4a7d08	yes	yes (per PR description)	libFuzzer build of every target, 60 s depth run per target, seed-corpus and dictionary loading, registration and reachability gates	V-gate*x61	PR394_FUZZ_DEPTH.tsv,PR394_FUZZ_DEPTH_O2G.tsv	no	0	none	none
fuzz/seed_corpus/fuzz_sha3/d669f47e3daf4665dd4307f5adbc5aceeb069ac3	yes	yes (per PR description)	libFuzzer build of every target, 60 s depth run per target, seed-corpus and dictionary loading, registration and reachability gates	V-gate*x61	PR394_FUZZ_DEPTH.tsv,PR394_FUZZ_DEPTH_O2G.tsv	no	0	none	none
fuzz/seed_corpus/fuzz_sha3/d9349dbba5abbe66437b41170cf3062747a50b91	yes	yes (per PR description)	libFuzzer build of every target, 60 s depth run per target, seed-corpus and dictionary loading, registration and reachability gates	V-gate*x61	PR394_FUZZ_DEPTH.tsv,PR394_FUZZ_DEPTH_O2G.tsv	no	0	none	none
fuzz/seed_corpus/fuzz_sha3/d9be6524a5f5047db5866813acf3277892a7a30a	yes	yes (per PR description)	libFuzzer build of every target, 60 s depth run per target, seed-corpus and dictionary loading, registration and reachability gates	V-gate*x61	PR394_FUZZ_DEPTH.tsv,PR394_FUZZ_DEPTH_O2G.tsv	no	0	none	none
fuzz/seed_corpus/fuzz_sha3/e4777c57de2cc13d2f9125d85d13863217a08a4d	yes	yes (per PR description)	libFuzzer build of every target, 60 s depth run per target, seed-corpus and dictionary loading, registration and reachability gates	V-gate*x61	PR394_FUZZ_DEPTH.tsv,PR394_FUZZ_DEPTH_O2G.tsv	no	0	none	none
fuzz/seed_corpus/fuzz_sha3/e60d7f7b25da5d52d96f8f9eb40a8ec260f74b39	yes	yes (per PR description)	libFuzzer build of every target, 60 s depth run per target, seed-corpus and dictionary loading, registration and reachability gates	V-gate*x61	PR394_FUZZ_DEPTH.tsv,PR394_FUZZ_DEPTH_O2G.tsv	no	0	none	none
fuzz/seed_corpus/fuzz_sha3/e9bb125c4e67a7b2d6fbceaf4a2a0470f0f39ce4	yes	yes (per PR description)	libFuzzer build of every target, 60 s depth run per target, seed-corpus and dictionary loading, registration and reachability gates	V-gate*x61	PR394_FUZZ_DEPTH.tsv,PR394_FUZZ_DEPTH_O2G.tsv	no	0	none	none
fuzz/seed_corpus/fuzz_sha3/ef529e6df85728de07c4d27955b131579f510880	yes	yes (per PR description)	libFuzzer build of every target, 60 s depth run per target, seed-corpus and dictionary loading, registration and reachability gates	V-gate*x61	PR394_FUZZ_DEPTH.tsv,PR394_FUZZ_DEPTH_O2G.tsv	no	0	none	none
fuzz/seed_corpus/fuzz_sha3/efa715a40e7197a231281339274de74e64618f86	yes	yes (per PR description)	libFuzzer build of every target, 60 s depth run per target, seed-corpus and dictionary loading, registration and reachability gates	V-gate*x61	PR394_FUZZ_DEPTH.tsv,PR394_FUZZ_DEPTH_O2G.tsv	no	0	none	none
fuzz/seed_corpus/fuzz_sha3/f83bbc5601527042721d8ff87a158d1f14e664d4	yes	yes (per PR description)	libFuzzer build of every target, 60 s depth run per target, seed-corpus and dictionary loading, registration and reachability gates	V-gate*x61	PR394_FUZZ_DEPTH.tsv,PR394_FUZZ_DEPTH_O2G.tsv	no	0	none	none
fuzz/seed_corpus/fuzz_sha3/faecd903760b9f49909cee212c34ef7cce2944ba	yes	yes (per PR description)	libFuzzer build of every target, 60 s depth run per target, seed-corpus and dictionary loading, registration and reachability gates	V-gate*x61	PR394_FUZZ_DEPTH.tsv,PR394_FUZZ_DEPTH_O2G.tsv	no	0	none	none
fuzz/seed_corpus/fuzz_sha3/fdcc1252a5fdfcc0375c2a3839281bd759d509a5	yes	yes (per PR description)	libFuzzer build of every target, 60 s depth run per target, seed-corpus and dictionary loading, registration and reachability gates	V-gate*x61	PR394_FUZZ_DEPTH.tsv,PR394_FUZZ_DEPTH_O2G.tsv	no	0	none	none
fuzz/seed_corpus/fuzz_sha3/fdd5856b4b63f2e9ae9d9119cfb5d68cf1f6ae10	yes	yes (per PR description)	libFuzzer build of every target, 60 s depth run per target, seed-corpus and dictionary loading, registration and reachability gates	V-gate*x61	PR394_FUZZ_DEPTH.tsv,PR394_FUZZ_DEPTH_O2G.tsv	no	0	none	none
fuzz/seed_corpus/fuzz_sha3/zeros_32	no	n/a (not in the PR diff)	libFuzzer build of every target, 60 s depth run per target, seed-corpus and dictionary loading, registration and reachability gates	V-gate*x61	PR394_FUZZ_DEPTH.tsv,PR394_FUZZ_DEPTH_O2G.tsv	no	0	none	none
fuzz/seed_corpus/fuzz_sphincs/37d344f0d772bff1130868e8b8dd099d4b146b16	yes	yes (per PR description)	libFuzzer build of every target, 60 s depth run per target, seed-corpus and dictionary loading, registration and reachability gates	V-gate*x61	PR394_FUZZ_DEPTH.tsv,PR394_FUZZ_DEPTH_O2G.tsv	no	0	none	none
fuzz/seed_corpus/fuzz_sphincs/4acf5137e8896d3de00cb2fe97cbbbd5c00ae443	yes	yes (per PR description)	libFuzzer build of every target, 60 s depth run per target, seed-corpus and dictionary loading, registration and reachability gates	V-gate*x61	PR394_FUZZ_DEPTH.tsv,PR394_FUZZ_DEPTH_O2G.tsv	no	0	none	none
fuzz/seed_corpus/fuzz_sphincs/6f17caec9c04f4adef7d214f32e5db8dfd4839ef	yes	yes (per PR description)	libFuzzer build of every target, 60 s depth run per target, seed-corpus and dictionary loading, registration and reachability gates	V-gate*x61	PR394_FUZZ_DEPTH.tsv,PR394_FUZZ_DEPTH_O2G.tsv	no	0	none	none
fuzz/seed_corpus/fuzz_sphincs/77660cac74f8a961dd219591641d6d45e985de69	yes	yes (per PR description)	libFuzzer build of every target, 60 s depth run per target, seed-corpus and dictionary loading, registration and reachability gates	V-gate*x61	PR394_FUZZ_DEPTH.tsv,PR394_FUZZ_DEPTH_O2G.tsv	no	0	none	none
fuzz/seed_corpus/fuzz_sphincs/7efd9d84fbee07819253db73a5fc53fdaf1ccec4	yes	yes (per PR description)	libFuzzer build of every target, 60 s depth run per target, seed-corpus and dictionary loading, registration and reachability gates	V-gate*x61	PR394_FUZZ_DEPTH.tsv,PR394_FUZZ_DEPTH_O2G.tsv	no	0	none	none
fuzz/seed_corpus/fuzz_sphincs/b7cf33ce215efb96db13b856c3f7840d5b2ee2b4	yes	yes (per PR description)	libFuzzer build of every target, 60 s depth run per target, seed-corpus and dictionary loading, registration and reachability gates	V-gate*x61	PR394_FUZZ_DEPTH.tsv,PR394_FUZZ_DEPTH_O2G.tsv	no	0	none	none
fuzz/seed_corpus/fuzz_sphincs/d89363e57daee7a77ae0fd882a5ef63fa84f0212	yes	yes (per PR description)	libFuzzer build of every target, 60 s depth run per target, seed-corpus and dictionary loading, registration and reachability gates	V-gate*x61	PR394_FUZZ_DEPTH.tsv,PR394_FUZZ_DEPTH_O2G.tsv	no	0	none	none
fuzz/seed_corpus/fuzz_sphincs/da6f7fe462be7cacfbfc37be94e79ec9fcfebe7b	yes	yes (per PR description)	libFuzzer build of every target, 60 s depth run per target, seed-corpus and dictionary loading, registration and reachability gates	V-gate*x61	PR394_FUZZ_DEPTH.tsv,PR394_FUZZ_DEPTH_O2G.tsv	no	0	none	none
fuzz/seed_corpus/fuzz_sphincs/de596e83bcc22c107810eaa40c94eaf9861166b4	yes	yes (per PR description)	libFuzzer build of every target, 60 s depth run per target, seed-corpus and dictionary loading, registration and reachability gates	V-gate*x61	PR394_FUZZ_DEPTH.tsv,PR394_FUZZ_DEPTH_O2G.tsv	no	0	none	none
fuzz/seed_corpus/fuzz_sphincs/ff66be8e7f6aed4e498da65e60c9107545bb7e16	yes	yes (per PR description)	libFuzzer build of every target, 60 s depth run per target, seed-corpus and dictionary loading, registration and reachability gates	V-gate*x61	PR394_FUZZ_DEPTH.tsv,PR394_FUZZ_DEPTH_O2G.tsv	no	0	none	none
fuzz/seed_corpus/fuzz_sphincs/seed_and_msg	no	n/a (not in the PR diff)	libFuzzer build of every target, 60 s depth run per target, seed-corpus and dictionary loading, registration and reachability gates	V-gate*x61	PR394_FUZZ_DEPTH.tsv,PR394_FUZZ_DEPTH_O2G.tsv	no	0	none	none
fuzz/seed_corpus/fuzz_sphincs/verify-exact-ff.bin	yes	yes (per PR description)	libFuzzer build of every target, 60 s depth run per target, seed-corpus and dictionary loading, registration and reachability gates	V-gate*x61	PR394_FUZZ_DEPTH.tsv,PR394_FUZZ_DEPTH_O2G.tsv	no	0	none	none
fuzz/seed_corpus/fuzz_sphincs/verify-exact-prng.bin	yes	yes (per PR description)	libFuzzer build of every target, 60 s depth run per target, seed-corpus and dictionary loading, registration and reachability gates	V-gate*x61	PR394_FUZZ_DEPTH.tsv,PR394_FUZZ_DEPTH_O2G.tsv	no	0	none	none
fuzz/seed_corpus/fuzz_sphincs/verify-exact-zero.bin	yes	yes (per PR description)	libFuzzer build of every target, 60 s depth run per target, seed-corpus and dictionary loading, registration and reachability gates	V-gate*x61	PR394_FUZZ_DEPTH.tsv,PR394_FUZZ_DEPTH_O2G.tsv	no	0	none	none
fuzz/seed_corpus/fuzz_sphincs/verify-fuzzed-sig-exact-ff.bin	yes	yes (per PR description)	libFuzzer build of every target, 60 s depth run per target, seed-corpus and dictionary loading, registration and reachability gates	V-gate*x61	PR394_FUZZ_DEPTH.tsv,PR394_FUZZ_DEPTH_O2G.tsv	no	0	none	none
fuzz/seed_corpus/fuzz_sphincs/verify-fuzzed-sig-exact-prng.bin	yes	yes (per PR description)	libFuzzer build of every target, 60 s depth run per target, seed-corpus and dictionary loading, registration and reachability gates	V-gate*x61	PR394_FUZZ_DEPTH.tsv,PR394_FUZZ_DEPTH_O2G.tsv	no	0	none	none
fuzz/seed_corpus/fuzz_sphincs/verify-fuzzed-sig-exact-zero.bin	yes	yes (per PR description)	libFuzzer build of every target, 60 s depth run per target, seed-corpus and dictionary loading, registration and reachability gates	V-gate*x61	PR394_FUZZ_DEPTH.tsv,PR394_FUZZ_DEPTH_O2G.tsv	no	0	none	none
fuzz/seed_corpus/fuzz_sphincs/verify-fuzzed-sig-one-short.bin	yes	yes (per PR description)	libFuzzer build of every target, 60 s depth run per target, seed-corpus and dictionary loading, registration and reachability gates	V-gate*x61	PR394_FUZZ_DEPTH.tsv,PR394_FUZZ_DEPTH_O2G.tsv	no	0	none	none
fuzz/seed_corpus/fuzz_sphincs/verify-one-short.bin	yes	yes (per PR description)	libFuzzer build of every target, 60 s depth run per target, seed-corpus and dictionary loading, registration and reachability gates	V-gate*x61	PR394_FUZZ_DEPTH.tsv,PR394_FUZZ_DEPTH_O2G.tsv	no	0	none	none
fuzz/seed_corpus/fuzz_x25519/01ec548baccbe69625b54206ef7100f5ed03719f	yes	yes (per PR description)	libFuzzer build of every target, 60 s depth run per target, seed-corpus and dictionary loading, registration and reachability gates	V-gate*x61	PR394_FUZZ_DEPTH.tsv,PR394_FUZZ_DEPTH_O2G.tsv	no	0	none	none
fuzz/seed_corpus/fuzz_x25519/3173532552077d0d796c3628ac35c76343dc3a04	yes	yes (per PR description)	libFuzzer build of every target, 60 s depth run per target, seed-corpus and dictionary loading, registration and reachability gates	V-gate*x61	PR394_FUZZ_DEPTH.tsv,PR394_FUZZ_DEPTH_O2G.tsv	no	0	none	none
fuzz/seed_corpus/fuzz_x25519/427eada5386c430a75597deab0f2f8e76b17a5c8	yes	yes (per PR description)	libFuzzer build of every target, 60 s depth run per target, seed-corpus and dictionary loading, registration and reachability gates	V-gate*x61	PR394_FUZZ_DEPTH.tsv,PR394_FUZZ_DEPTH_O2G.tsv	no	0	none	none
fuzz/seed_corpus/fuzz_x25519/50900198f8a9048e1df2803fb9cec46295176807	yes	yes (per PR description)	libFuzzer build of every target, 60 s depth run per target, seed-corpus and dictionary loading, registration and reachability gates	V-gate*x61	PR394_FUZZ_DEPTH.tsv,PR394_FUZZ_DEPTH_O2G.tsv	no	0	none	none
fuzz/seed_corpus/fuzz_x25519/5ba93c9db0cff93f52b521d7420e43f6eda2784f	yes	yes (per PR description)	libFuzzer build of every target, 60 s depth run per target, seed-corpus and dictionary loading, registration and reachability gates	V-gate*x61	PR394_FUZZ_DEPTH.tsv,PR394_FUZZ_DEPTH_O2G.tsv	no	0	none	none
fuzz/seed_corpus/fuzz_x25519/707897b9d6b8839b2dedb59ba8a9a25e01c50589	yes	yes (per PR description)	libFuzzer build of every target, 60 s depth run per target, seed-corpus and dictionary loading, registration and reachability gates	V-gate*x61	PR394_FUZZ_DEPTH.tsv,PR394_FUZZ_DEPTH_O2G.tsv	no	0	none	none
fuzz/seed_corpus/fuzz_x25519/8696cf0f4655636cc93c566c1be2dad311da646c	yes	yes (per PR description)	libFuzzer build of every target, 60 s depth run per target, seed-corpus and dictionary loading, registration and reachability gates	V-gate*x61	PR394_FUZZ_DEPTH.tsv,PR394_FUZZ_DEPTH_O2G.tsv	no	0	none	none
fuzz/seed_corpus/fuzz_x25519/af7711a69e5180b6a41a2da1cb4c26c5524deb11	yes	yes (per PR description)	libFuzzer build of every target, 60 s depth run per target, seed-corpus and dictionary loading, registration and reachability gates	V-gate*x61	PR394_FUZZ_DEPTH.tsv,PR394_FUZZ_DEPTH_O2G.tsv	no	0	none	none
fuzz/seed_corpus/fuzz_x25519/e6c9527b4b252113aea553fbcdc5f15723ec6046	yes	yes (per PR description)	libFuzzer build of every target, 60 s depth run per target, seed-corpus and dictionary loading, registration and reachability gates	V-gate*x61	PR394_FUZZ_DEPTH.tsv,PR394_FUZZ_DEPTH_O2G.tsv	no	0	none	none
fuzz/seed_corpus/fuzz_x25519/zero_pair	no	n/a (not in the PR diff)	libFuzzer build of every target, 60 s depth run per target, seed-corpus and dictionary loading, registration and reachability gates	V-gate*x61	PR394_FUZZ_DEPTH.tsv,PR394_FUZZ_DEPTH_O2G.tsv	no	0	none	none
include/ama_cryptography.h	yes	yes (per PR description)	compiled and tested by every C lane (Release/ASan+UBSan/MSan/TSan/AArch64 x4/SVE2 x5), Valgrind full set, asm division sweep at 5 levels x 3 compilers	D-DUDECT*x5,F-*x32,V-ctest*x14,V-strict*x5	none	no	0	none	none
include/ama_dispatch.h	yes	yes (per PR description)	compiled and tested by every C lane (Release/ASan+UBSan/MSan/TSan/AArch64 x4/SVE2 x5), Valgrind full set, asm division sweep at 5 levels x 3 compilers	D-DUDECT*x5,F-*x32,V-ctest*x14,V-strict*x5	none	no	0	none	none
nist_vectors/fetch_vectors.py	yes	yes (per PR description)	consumed by the KAT/ACVP/Wycheproof tests in both suites and by the provenance gates	F-*x32,V-ctest*x14,V-gate*x61,V-pytest*x1	none	no	0	none	FINDING-0006
nist_vectors/run_vectors.py	yes	yes (per PR description)	consumed by the KAT/ACVP/Wycheproof tests in both suites and by the provenance gates	F-*x32,V-ctest*x14,V-gate*x61,V-pytest*x1	none	no	0	none	none
oss-fuzz/Dockerfile	yes	yes (per PR description)	container definitions: the Docker Build CI job builds them and check_docker_pins / check_apt_retry gate their contents	V-gate*x61	none	no	0	none	none
pyproject.toml	yes	yes (per PR description)	consumed by the editable install, pytest, mypy, ruff and black runs	V-black*x1,V-ctest*x14,V-gate*x61,V-mypy*x1,V-pytest*x1,V-ruff*x1,V-strict*x5	none	partial (ruff configuration)	0	none	none
requirements-dev.txt	yes	yes (per PR description)	consumed by the editable install, pytest, mypy, ruff and black runs	V-black*x1,V-gate*x61,V-mypy*x1,V-pytest*x1,V-ruff*x1	none	no	0	none	none
requirements-lock.txt	yes	yes (per PR description)	consumed by the editable install, pytest, mypy, ruff and black runs	V-black*x1,V-gate*x61,V-mypy*x1,V-pytest*x1,V-ruff*x1	none	no	0	none	none
requirements.txt	no	n/a (not in the PR diff)	consumed by the editable install, pytest, mypy, ruff and black runs	V-black*x1,V-gate*x61,V-mypy*x1,V-pytest*x1,V-ruff*x1	none	no	0	none	none
setup.py	yes	yes (per PR description)	consumed by the editable install, pytest, mypy, ruff and black runs	V-black*x1,V-gate*x61,V-mypy*x1,V-pytest*x1,V-ruff*x1	none	no	0	none	none
src/c/PROVENANCE.md	yes	yes (per PR description)	vendored licence and provenance files: the vendor-isolation, corpus-originality and header gates read them	V-gate*x61	none	no	0	none	none
src/c/ama_aes_bitsliced.c	no	n/a (not in the PR diff)	compiled and tested by every C lane (Release/ASan+UBSan/MSan/TSan/AArch64 x4/SVE2 x5), Valgrind full set, asm division sweep at 5 levels x 3 compilers	D-DUDECT*x5,F-*x32,V-ctest*x14,V-strict*x5	PR394_ASM_DIVISIONS.tsv	no	0	none	none
src/c/ama_aes_gcm.c	yes	yes (per PR description)	compiled and tested by every C lane (Release/ASan+UBSan/MSan/TSan/AArch64 x4/SVE2 x5), Valgrind full set, asm division sweep at 5 levels x 3 compilers	D-DUDECT*x5,F-*x32,V-ctest*x14,V-strict*x5	PR394_ASM_DIVISIONS.tsv	no	0	none	none
src/c/ama_agent_binding.c	no	n/a (not in the PR diff)	compiled and tested by every C lane (Release/ASan+UBSan/MSan/TSan/AArch64 x4/SVE2 x5), Valgrind full set, asm division sweep at 5 levels x 3 compilers	D-DUDECT*x5,F-*x32,V-ctest*x14,V-strict*x5	PR394_ASM_DIVISIONS.tsv	no	0	none	none
src/c/ama_argon2.c	yes	yes (per PR description)	compiled and tested by every C lane (Release/ASan+UBSan/MSan/TSan/AArch64 x4/SVE2 x5), Valgrind full set, asm division sweep at 5 levels x 3 compilers	D-DUDECT*x5,F-*x32,V-ctest*x14,V-strict*x5	PR394_ASM_DIVISIONS.tsv	no	0	none	none
src/c/ama_ascon.c	yes	yes (per PR description)	compiled and tested by every C lane (Release/ASan+UBSan/MSan/TSan/AArch64 x4/SVE2 x5), Valgrind full set, asm division sweep at 5 levels x 3 compilers	D-DUDECT*x5,F-*x32,V-ctest*x14,V-strict*x5	PR394_ASM_DIVISIONS.tsv	no	0	none	none
src/c/ama_chacha20poly1305.c	yes	yes (per PR description)	compiled and tested by every C lane (Release/ASan+UBSan/MSan/TSan/AArch64 x4/SVE2 x5), Valgrind full set, asm division sweep at 5 levels x 3 compilers	D-DUDECT*x5,F-*x32,V-ctest*x14,V-strict*x5	PR394_ASM_DIVISIONS.tsv	no	0	none	none
src/c/ama_consttime.c	yes	yes (per PR description)	compiled and tested by every C lane (Release/ASan+UBSan/MSan/TSan/AArch64 x4/SVE2 x5), Valgrind full set, asm division sweep at 5 levels x 3 compilers	D-DUDECT*x5,F-*x32,V-ctest*x14,V-strict*x5	PR394_ASM_DIVISIONS.tsv	no	0	none	none
src/c/ama_core.c	no	n/a (not in the PR diff)	compiled and tested by every C lane (Release/ASan+UBSan/MSan/TSan/AArch64 x4/SVE2 x5), Valgrind full set, asm division sweep at 5 levels x 3 compilers	D-DUDECT*x5,F-*x32,V-ctest*x14,V-strict*x5	PR394_ASM_DIVISIONS.tsv	no	0	none	none
src/c/ama_cpuid.c	yes	yes (per PR description)	compiled and tested by every C lane (Release/ASan+UBSan/MSan/TSan/AArch64 x4/SVE2 x5), Valgrind full set, asm division sweep at 5 levels x 3 compilers	D-DUDECT*x5,F-*x32,V-ctest*x14,V-strict*x5	PR394_ASM_DIVISIONS.tsv	no	0	none	none
src/c/ama_dilithium.c	yes	yes (per PR description)	compiled and tested by every C lane (Release/ASan+UBSan/MSan/TSan/AArch64 x4/SVE2 x5), Valgrind full set, asm division sweep at 5 levels x 3 compilers	D-DUDECT*x5,F-*x32,V-ctest*x14,V-strict*x5	PR394_ASM_DIVISIONS.tsv	no	0	none	none
src/c/ama_ed25519.c	yes	yes (per PR description)	compiled and tested by every C lane (Release/ASan+UBSan/MSan/TSan/AArch64 x4/SVE2 x5), Valgrind full set, asm division sweep at 5 levels x 3 compilers	D-DUDECT*x5,F-*x32,V-ctest*x14,V-strict*x5	PR394_ASM_DIVISIONS.tsv	no	0	none	none
src/c/ama_frost.c	yes	yes (per PR description)	compiled and tested by every C lane (Release/ASan+UBSan/MSan/TSan/AArch64 x4/SVE2 x5), Valgrind full set, asm division sweep at 5 levels x 3 compilers	D-DUDECT*x5,F-*x32,V-ctest*x14,V-strict*x5	PR394_ASM_DIVISIONS.tsv	no	0	none	none
src/c/ama_hkdf.c	yes	yes (per PR description)	compiled and tested by every C lane (Release/ASan+UBSan/MSan/TSan/AArch64 x4/SVE2 x5), Valgrind full set, asm division sweep at 5 levels x 3 compilers	D-DUDECT*x5,F-*x32,V-ctest*x14,V-strict*x5	PR394_ASM_DIVISIONS.tsv	no	0	none	none
src/c/ama_hmac_sha256.c	no	n/a (not in the PR diff)	compiled and tested by every C lane (Release/ASan+UBSan/MSan/TSan/AArch64 x4/SVE2 x5), Valgrind full set, asm division sweep at 5 levels x 3 compilers	D-DUDECT*x5,F-*x32,V-ctest*x14,V-strict*x5	PR394_ASM_DIVISIONS.tsv	no	0	none	none
src/c/ama_hmac_sha256.h	no	n/a (not in the PR diff)	compiled and tested by every C lane (Release/ASan+UBSan/MSan/TSan/AArch64 x4/SVE2 x5), Valgrind full set, asm division sweep at 5 levels x 3 compilers	D-DUDECT*x5,F-*x32,V-ctest*x14,V-strict*x5	none	no	0	none	none
src/c/ama_hmac_sha384.c	yes	yes (per PR description)	compiled and tested by every C lane (Release/ASan+UBSan/MSan/TSan/AArch64 x4/SVE2 x5), Valgrind full set, asm division sweep at 5 levels x 3 compilers	D-DUDECT*x5,F-*x32,V-ctest*x14,V-strict*x5	PR394_ASM_DIVISIONS.tsv	no	0	none	none
src/c/ama_kyber.c	yes	yes (per PR description)	compiled and tested by every C lane (Release/ASan+UBSan/MSan/TSan/AArch64 x4/SVE2 x5), Valgrind full set, asm division sweep at 5 levels x 3 compilers	D-DUDECT*x5,F-*x32,V-ctest*x14,V-strict*x5	PR394_ASM_DIVISIONS.tsv	partial (decapsulate, for NC-32)	0	NC-32	none
src/c/ama_lms.c	no	n/a (not in the PR diff)	compiled and tested by every C lane (Release/ASan+UBSan/MSan/TSan/AArch64 x4/SVE2 x5), Valgrind full set, asm division sweep at 5 levels x 3 compilers	D-DUDECT*x5,F-*x32,V-ctest*x14,V-strict*x5	PR394_ASM_DIVISIONS.tsv	no	0	none	none
src/c/ama_nistp.c	yes	yes (per PR description)	compiled and tested by every C lane (Release/ASan+UBSan/MSan/TSan/AArch64 x4/SVE2 x5), Valgrind full set, asm division sweep at 5 levels x 3 compilers	D-DUDECT*x5,F-*x32,V-ctest*x14,V-strict*x5	PR394_ASM_DIVISIONS.tsv	no	0	none	none
src/c/ama_pbkdf2.c	yes	yes (per PR description)	compiled and tested by every C lane (Release/ASan+UBSan/MSan/TSan/AArch64 x4/SVE2 x5), Valgrind full set, asm division sweep at 5 levels x 3 compilers	D-DUDECT*x5,F-*x32,V-ctest*x14,V-strict*x5	PR394_ASM_DIVISIONS.tsv	no	0	none	none
src/c/ama_platform_rand.c	yes	yes (per PR description)	compiled and tested by every C lane (Release/ASan+UBSan/MSan/TSan/AArch64 x4/SVE2 x5), Valgrind full set, asm division sweep at 5 levels x 3 compilers	D-DUDECT*x5,F-*x32,V-ctest*x14,V-strict*x5	PR394_ASM_DIVISIONS.tsv	no	0	none	none
src/c/ama_platform_rand.h	no	n/a (not in the PR diff)	compiled and tested by every C lane (Release/ASan+UBSan/MSan/TSan/AArch64 x4/SVE2 x5), Valgrind full set, asm division sweep at 5 levels x 3 compilers	D-DUDECT*x5,F-*x32,V-ctest*x14,V-strict*x5	none	no	0	none	none
src/c/ama_secp256k1.c	yes	yes (per PR description)	compiled and tested by every C lane (Release/ASan+UBSan/MSan/TSan/AArch64 x4/SVE2 x5), Valgrind full set, asm division sweep at 5 levels x 3 compilers	D-DUDECT*x5,F-*x32,V-ctest*x14,V-strict*x5	PR394_ASM_DIVISIONS.tsv	no	0	none	none
src/c/ama_secure_memory.c	yes	yes (per PR description)	compiled and tested by every C lane (Release/ASan+UBSan/MSan/TSan/AArch64 x4/SVE2 x5), Valgrind full set, asm division sweep at 5 levels x 3 compilers	D-DUDECT*x5,F-*x32,V-ctest*x14,V-strict*x5	PR394_ASM_DIVISIONS.tsv	no	0	none	none
src/c/ama_sha256.c	yes	yes (per PR description)	compiled and tested by every C lane (Release/ASan+UBSan/MSan/TSan/AArch64 x4/SVE2 x5), Valgrind full set, asm division sweep at 5 levels x 3 compilers	D-DUDECT*x5,F-*x32,V-ctest*x14,V-strict*x5	PR394_ASM_DIVISIONS.tsv	no	0	none	none
src/c/ama_sha256.h	no	n/a (not in the PR diff)	compiled and tested by every C lane (Release/ASan+UBSan/MSan/TSan/AArch64 x4/SVE2 x5), Valgrind full set, asm division sweep at 5 levels x 3 compilers	D-DUDECT*x5,F-*x32,V-ctest*x14,V-strict*x5	none	no	0	none	none
src/c/ama_sha256_ni.c	yes	yes (per PR description)	compiled and tested by every C lane (Release/ASan+UBSan/MSan/TSan/AArch64 x4/SVE2 x5), Valgrind full set, asm division sweep at 5 levels x 3 compilers	D-DUDECT*x5,F-*x32,V-ctest*x14,V-strict*x5	PR394_ASM_DIVISIONS.tsv	no	0	none	none
src/c/ama_sha3.c	yes	yes (per PR description)	compiled and tested by every C lane (Release/ASan+UBSan/MSan/TSan/AArch64 x4/SVE2 x5), Valgrind full set, asm division sweep at 5 levels x 3 compilers	D-DUDECT*x5,F-*x32,V-ctest*x14,V-strict*x5	PR394_ASM_DIVISIONS.tsv	no	0	none	none
src/c/ama_sha512.c	yes	yes (per PR description)	compiled and tested by every C lane (Release/ASan+UBSan/MSan/TSan/AArch64 x4/SVE2 x5), Valgrind full set, asm division sweep at 5 levels x 3 compilers	D-DUDECT*x5,F-*x32,V-ctest*x14,V-strict*x5	PR394_ASM_DIVISIONS.tsv	no	0	none	none
src/c/ama_slhdsa.c	yes	yes (per PR description)	compiled and tested by every C lane (Release/ASan+UBSan/MSan/TSan/AArch64 x4/SVE2 x5), Valgrind full set, asm division sweep at 5 levels x 3 compilers	D-DUDECT*x5,F-*x32,V-ctest*x14,V-strict*x5	PR394_ASM_DIVISIONS.tsv	no	0	none	none
src/c/ama_x25519.c	no	n/a (not in the PR diff)	compiled and tested by every C lane (Release/ASan+UBSan/MSan/TSan/AArch64 x4/SVE2 x5), Valgrind full set, asm division sweep at 5 levels x 3 compilers	D-DUDECT*x5,F-*x32,V-ctest*x14,V-strict*x5	PR394_ASM_DIVISIONS.tsv	no	0	none	none
src/c/avx2/ama_aes_gcm_avx2.c	yes	yes (per PR description)	compiled and tested by every C lane (Release/ASan+UBSan/MSan/TSan/AArch64 x4/SVE2 x5), Valgrind full set, asm division sweep at 5 levels x 3 compilers	D-DUDECT*x5,F-*x32,V-ctest*x14,V-strict*x5	PR394_ASM_DIVISIONS.tsv	no	0	none	none
src/c/avx2/ama_aes_gcm_vaes_avx2.c	yes	yes (per PR description)	compiled and tested by every C lane (Release/ASan+UBSan/MSan/TSan/AArch64 x4/SVE2 x5), Valgrind full set, asm division sweep at 5 levels x 3 compilers	D-DUDECT*x5,F-*x32,V-ctest*x14,V-strict*x5	PR394_ASM_DIVISIONS.tsv	no	0	none	none
src/c/avx2/ama_argon2_avx2.c	yes	yes (per PR description)	compiled and tested by every C lane (Release/ASan+UBSan/MSan/TSan/AArch64 x4/SVE2 x5), Valgrind full set, asm division sweep at 5 levels x 3 compilers	D-DUDECT*x5,F-*x32,V-ctest*x14,V-strict*x5	PR394_ASM_DIVISIONS.tsv	no	0	none	none
src/c/avx2/ama_avx2_internal.h	yes	yes (per PR description)	compiled and tested by every C lane (Release/ASan+UBSan/MSan/TSan/AArch64 x4/SVE2 x5), Valgrind full set, asm division sweep at 5 levels x 3 compilers	D-DUDECT*x5,F-*x32,V-ctest*x14,V-strict*x5	none	no	0	none	none
src/c/avx2/ama_chacha20poly1305_avx2.c	no	n/a (not in the PR diff)	compiled and tested by every C lane (Release/ASan+UBSan/MSan/TSan/AArch64 x4/SVE2 x5), Valgrind full set, asm division sweep at 5 levels x 3 compilers	D-DUDECT*x5,F-*x32,V-ctest*x14,V-strict*x5	PR394_ASM_DIVISIONS.tsv	no	0	none	none
src/c/avx2/ama_dilithium_avx2.c	yes	yes (per PR description)	compiled and tested by every C lane (Release/ASan+UBSan/MSan/TSan/AArch64 x4/SVE2 x5), Valgrind full set, asm division sweep at 5 levels x 3 compilers	D-DUDECT*x5,F-*x32,V-ctest*x14,V-strict*x5	PR394_ASM_DIVISIONS.tsv	no	0	none	none
src/c/avx2/ama_kyber_avx2.c	yes	yes (per PR description)	compiled and tested by every C lane (Release/ASan+UBSan/MSan/TSan/AArch64 x4/SVE2 x5), Valgrind full set, asm division sweep at 5 levels x 3 compilers	D-DUDECT*x5,F-*x32,V-ctest*x14,V-strict*x5	PR394_ASM_DIVISIONS.tsv	no	0	none	none
src/c/avx2/ama_sha3_avx2.c	yes	yes (per PR description)	compiled and tested by every C lane (Release/ASan+UBSan/MSan/TSan/AArch64 x4/SVE2 x5), Valgrind full set, asm division sweep at 5 levels x 3 compilers	D-DUDECT*x5,F-*x32,V-ctest*x14,V-strict*x5	PR394_ASM_DIVISIONS.tsv	no	0	none	none
src/c/avx2/ama_sphincs_avx2.c	no	n/a (not in the PR diff)	compiled and tested by every C lane (Release/ASan+UBSan/MSan/TSan/AArch64 x4/SVE2 x5), Valgrind full set, asm division sweep at 5 levels x 3 compilers	D-DUDECT*x5,F-*x32,V-ctest*x14,V-strict*x5	PR394_ASM_DIVISIONS.tsv	no	0	none	none
src/c/avx2/ama_x25519_avx2.c	yes	yes (per PR description)	compiled and tested by every C lane (Release/ASan+UBSan/MSan/TSan/AArch64 x4/SVE2 x5), Valgrind full set, asm division sweep at 5 levels x 3 compilers	D-DUDECT*x5,F-*x32,V-ctest*x14,V-strict*x5	PR394_ASM_DIVISIONS.tsv	no	0	none	none
src/c/avx512/ama_sha3_x4_avx512.c	no	n/a (not in the PR diff)	compiled and tested by every C lane (Release/ASan+UBSan/MSan/TSan/AArch64 x4/SVE2 x5), Valgrind full set, asm division sweep at 5 levels x 3 compilers	D-DUDECT*x5,F-*x32,V-ctest*x14,V-strict*x5	PR394_ASM_DIVISIONS.tsv	no	0	none	none
src/c/dispatch/ama_dispatch.c	yes	yes (per PR description)	compiled and tested by every C lane (Release/ASan+UBSan/MSan/TSan/AArch64 x4/SVE2 x5), Valgrind full set, asm division sweep at 5 levels x 3 compilers	D-DUDECT*x5,F-*x32,V-ctest*x14,V-strict*x5	PR394_ASM_DIVISIONS.tsv	no	0	none	none
src/c/ed25519_donna_shim.c	yes	yes (per PR description)	compiled and tested by every C lane (Release/ASan+UBSan/MSan/TSan/AArch64 x4/SVE2 x5), Valgrind full set, asm division sweep at 5 levels x 3 compilers	D-DUDECT*x5,F-*x32,V-ctest*x14,V-strict*x5	PR394_ASM_DIVISIONS.tsv	no	0	none	none
src/c/fe51.h	no	n/a (not in the PR diff)	compiled and tested by every C lane (Release/ASan+UBSan/MSan/TSan/AArch64 x4/SVE2 x5), Valgrind full set, asm division sweep at 5 levels x 3 compilers	D-DUDECT*x5,F-*x32,V-ctest*x14,V-strict*x5	none	no	0	none	none
src/c/fe64.h	no	n/a (not in the PR diff)	compiled and tested by every C lane (Release/ASan+UBSan/MSan/TSan/AArch64 x4/SVE2 x5), Valgrind full set, asm division sweep at 5 levels x 3 compilers	D-DUDECT*x5,F-*x32,V-ctest*x14,V-strict*x5	none	no	0	none	none
src/c/internal/ama_ct_barrier.h	yes	yes (per PR description)	compiled and tested by every C lane (Release/ASan+UBSan/MSan/TSan/AArch64 x4/SVE2 x5), Valgrind full set, asm division sweep at 5 levels x 3 compilers	D-DUDECT*x5,F-*x32,V-ctest*x14,V-strict*x5	none	no	0	none	none
src/c/internal/ama_ed25519_canonical.h	yes	yes (per PR description)	compiled and tested by every C lane (Release/ASan+UBSan/MSan/TSan/AArch64 x4/SVE2 x5), Valgrind full set, asm division sweep at 5 levels x 3 compilers	D-DUDECT*x5,F-*x32,V-ctest*x14,V-strict*x5	none	no	0	none	none
src/c/internal/ama_keccak_round.h	no	n/a (not in the PR diff)	compiled and tested by every C lane (Release/ASan+UBSan/MSan/TSan/AArch64 x4/SVE2 x5), Valgrind full set, asm division sweep at 5 levels x 3 compilers	D-DUDECT*x5,F-*x32,V-ctest*x14,V-strict*x5	none	no	0	none	none
src/c/internal/ama_once.h	yes	yes (per PR description)	compiled and tested by every C lane (Release/ASan+UBSan/MSan/TSan/AArch64 x4/SVE2 x5), Valgrind full set, asm division sweep at 5 levels x 3 compilers	D-DUDECT*x5,F-*x32,V-ctest*x14,V-strict*x5	none	no	0	none	none
src/c/internal/ama_sha2.h	yes	yes (per PR description)	compiled and tested by every C lane (Release/ASan+UBSan/MSan/TSan/AArch64 x4/SVE2 x5), Valgrind full set, asm division sweep at 5 levels x 3 compilers	D-DUDECT*x5,F-*x32,V-ctest*x14,V-strict*x5	none	no	0	none	none
src/c/internal/ama_sha3_x4.h	no	n/a (not in the PR diff)	compiled and tested by every C lane (Release/ASan+UBSan/MSan/TSan/AArch64 x4/SVE2 x5), Valgrind full set, asm division sweep at 5 levels x 3 compilers	D-DUDECT*x5,F-*x32,V-ctest*x14,V-strict*x5	none	no	0	none	none
src/c/internal/ama_testing_exports.h	yes	yes (per PR description)	compiled and tested by every C lane (Release/ASan+UBSan/MSan/TSan/AArch64 x4/SVE2 x5), Valgrind full set, asm division sweep at 5 levels x 3 compilers	D-DUDECT*x5,F-*x32,V-ctest*x14,V-strict*x5	none	no	0	none	none
src/c/internal/ama_x25519_fe64_mulx.c	no	n/a (not in the PR diff)	compiled and tested by every C lane (Release/ASan+UBSan/MSan/TSan/AArch64 x4/SVE2 x5), Valgrind full set, asm division sweep at 5 levels x 3 compilers	D-DUDECT*x5,F-*x32,V-ctest*x14,V-strict*x5	PR394_ASM_DIVISIONS.tsv	no	0	none	none
src/c/internal/ama_x25519_fe64_mulx.h	no	n/a (not in the PR diff)	compiled and tested by every C lane (Release/ASan+UBSan/MSan/TSan/AArch64 x4/SVE2 x5), Valgrind full set, asm division sweep at 5 levels x 3 compilers	D-DUDECT*x5,F-*x32,V-ctest*x14,V-strict*x5	none	no	0	none	none
src/c/neon/ama_aes_gcm_neon.c	yes	yes (per PR description)	compiled and tested by every C lane (Release/ASan+UBSan/MSan/TSan/AArch64 x4/SVE2 x5), Valgrind full set, asm division sweep at 5 levels x 3 compilers	D-DUDECT*x5,F-*x32,V-ctest*x14,V-strict*x5	PR394_ASM_DIVISIONS.tsv	no	0	none	none
src/c/neon/ama_argon2_neon.c	yes	yes (per PR description)	compiled and tested by every C lane (Release/ASan+UBSan/MSan/TSan/AArch64 x4/SVE2 x5), Valgrind full set, asm division sweep at 5 levels x 3 compilers	D-DUDECT*x5,F-*x32,V-ctest*x14,V-strict*x5	PR394_ASM_DIVISIONS.tsv	no	0	none	none
src/c/neon/ama_chacha20poly1305_neon.c	yes	yes (per PR description)	compiled and tested by every C lane (Release/ASan+UBSan/MSan/TSan/AArch64 x4/SVE2 x5), Valgrind full set, asm division sweep at 5 levels x 3 compilers	D-DUDECT*x5,F-*x32,V-ctest*x14,V-strict*x5	PR394_ASM_DIVISIONS.tsv	no	0	none	none
src/c/neon/ama_dilithium_neon.c	yes	yes (per PR description)	compiled and tested by every C lane (Release/ASan+UBSan/MSan/TSan/AArch64 x4/SVE2 x5), Valgrind full set, asm division sweep at 5 levels x 3 compilers	D-DUDECT*x5,F-*x32,V-ctest*x14,V-strict*x5	PR394_ASM_DIVISIONS.tsv	no	0	none	none
src/c/neon/ama_ed25519_neon.c	yes	yes (per PR description)	compiled and tested by every C lane (Release/ASan+UBSan/MSan/TSan/AArch64 x4/SVE2 x5), Valgrind full set, asm division sweep at 5 levels x 3 compilers	D-DUDECT*x5,F-*x32,V-ctest*x14,V-strict*x5	PR394_ASM_DIVISIONS.tsv	no	0	none	none
src/c/neon/ama_kyber_neon.c	yes	yes (per PR description)	compiled and tested by every C lane (Release/ASan+UBSan/MSan/TSan/AArch64 x4/SVE2 x5), Valgrind full set, asm division sweep at 5 levels x 3 compilers	D-DUDECT*x5,F-*x32,V-ctest*x14,V-strict*x5	PR394_ASM_DIVISIONS.tsv	no	0	none	none
src/c/neon/ama_neon_internal.h	yes	yes (per PR description)	compiled and tested by every C lane (Release/ASan+UBSan/MSan/TSan/AArch64 x4/SVE2 x5), Valgrind full set, asm division sweep at 5 levels x 3 compilers	D-DUDECT*x5,F-*x32,V-ctest*x14,V-strict*x5	none	no	0	none	none
src/c/neon/ama_sha3_neon.c	yes	yes (per PR description)	compiled and tested by every C lane (Release/ASan+UBSan/MSan/TSan/AArch64 x4/SVE2 x5), Valgrind full set, asm division sweep at 5 levels x 3 compilers	D-DUDECT*x5,F-*x32,V-ctest*x14,V-strict*x5	PR394_ASM_DIVISIONS.tsv	no	0	none	none
src/c/neon/ama_sphincs_neon.c	yes	yes (per PR description)	compiled and tested by every C lane (Release/ASan+UBSan/MSan/TSan/AArch64 x4/SVE2 x5), Valgrind full set, asm division sweep at 5 levels x 3 compilers	D-DUDECT*x5,F-*x32,V-ctest*x14,V-strict*x5	PR394_ASM_DIVISIONS.tsv	no	0	none	none
src/c/sve2/ama_aes_gcm_sve2.c	no	n/a (not in the PR diff)	compiled and tested by every C lane (Release/ASan+UBSan/MSan/TSan/AArch64 x4/SVE2 x5), Valgrind full set, asm division sweep at 5 levels x 3 compilers	D-DUDECT*x5,F-*x32,V-ctest*x14,V-strict*x5	PR394_ASM_DIVISIONS.tsv	no	0	none	none
src/c/sve2/ama_argon2_sve2.c	no	n/a (not in the PR diff)	compiled and tested by every C lane (Release/ASan+UBSan/MSan/TSan/AArch64 x4/SVE2 x5), Valgrind full set, asm division sweep at 5 levels x 3 compilers	D-DUDECT*x5,F-*x32,V-ctest*x14,V-strict*x5	PR394_ASM_DIVISIONS.tsv	no	0	none	none
src/c/sve2/ama_chacha20poly1305_sve2.c	no	n/a (not in the PR diff)	compiled and tested by every C lane (Release/ASan+UBSan/MSan/TSan/AArch64 x4/SVE2 x5), Valgrind full set, asm division sweep at 5 levels x 3 compilers	D-DUDECT*x5,F-*x32,V-ctest*x14,V-strict*x5	PR394_ASM_DIVISIONS.tsv	no	0	none	none
src/c/sve2/ama_dilithium_sve2.c	yes	yes (per PR description)	compiled and tested by every C lane (Release/ASan+UBSan/MSan/TSan/AArch64 x4/SVE2 x5), Valgrind full set, asm division sweep at 5 levels x 3 compilers	D-DUDECT*x5,F-*x32,V-ctest*x14,V-strict*x5	PR394_ASM_DIVISIONS.tsv	no	0	none	none
src/c/sve2/ama_ed25519_sve2.c	no	n/a (not in the PR diff)	compiled and tested by every C lane (Release/ASan+UBSan/MSan/TSan/AArch64 x4/SVE2 x5), Valgrind full set, asm division sweep at 5 levels x 3 compilers	D-DUDECT*x5,F-*x32,V-ctest*x14,V-strict*x5	PR394_ASM_DIVISIONS.tsv	no	0	none	none
src/c/sve2/ama_kyber_sve2.c	yes	yes (per PR description)	compiled and tested by every C lane (Release/ASan+UBSan/MSan/TSan/AArch64 x4/SVE2 x5), Valgrind full set, asm division sweep at 5 levels x 3 compilers	D-DUDECT*x5,F-*x32,V-ctest*x14,V-strict*x5	PR394_ASM_DIVISIONS.tsv	no	0	none	none
src/c/sve2/ama_sha3_sve2.c	yes	yes (per PR description)	compiled and tested by every C lane (Release/ASan+UBSan/MSan/TSan/AArch64 x4/SVE2 x5), Valgrind full set, asm division sweep at 5 levels x 3 compilers	D-DUDECT*x5,F-*x32,V-ctest*x14,V-strict*x5	PR394_ASM_DIVISIONS.tsv	no	0	none	none
src/c/sve2/ama_sphincs_sve2.c	no	n/a (not in the PR diff)	compiled and tested by every C lane (Release/ASan+UBSan/MSan/TSan/AArch64 x4/SVE2 x5), Valgrind full set, asm division sweep at 5 levels x 3 compilers	D-DUDECT*x5,F-*x32,V-ctest*x14,V-strict*x5	PR394_ASM_DIVISIONS.tsv	no	0	none	none
src/c/sve2/ama_sve2_internal.h	yes	yes (per PR description)	compiled and tested by every C lane (Release/ASan+UBSan/MSan/TSan/AArch64 x4/SVE2 x5), Valgrind full set, asm division sweep at 5 levels x 3 compilers	D-DUDECT*x5,F-*x32,V-ctest*x14,V-strict*x5	none	no	0	none	none
src/c/vendor/ed25519-donna/LICENSE	no	n/a (not in the PR diff)	vendored licence and provenance files: the vendor-isolation, corpus-originality and header gates read them	V-gate*x61	none	no	0	none	none
src/c/vendor/ed25519-donna/ama_donna_unit.h	no	n/a (not in the PR diff)	compiled and tested by every C lane (Release/ASan+UBSan/MSan/TSan/AArch64 x4/SVE2 x5), Valgrind full set, asm division sweep at 5 levels x 3 compilers	D-DUDECT*x5,F-*x32,V-ctest*x14,V-strict*x5	none	no	0	none	none
src/c/vendor/ed25519-donna/curve25519-donna-32bit.h	yes	yes (per PR description)	compiled and tested by every C lane (Release/ASan+UBSan/MSan/TSan/AArch64 x4/SVE2 x5), Valgrind full set, asm division sweep at 5 levels x 3 compilers	D-DUDECT*x5,F-*x32,V-ctest*x14,V-strict*x5	none	no	0	none	none
src/c/vendor/ed25519-donna/curve25519-donna-64bit.h	yes	yes (per PR description)	compiled and tested by every C lane (Release/ASan+UBSan/MSan/TSan/AArch64 x4/SVE2 x5), Valgrind full set, asm division sweep at 5 levels x 3 compilers	D-DUDECT*x5,F-*x32,V-ctest*x14,V-strict*x5	none	no	0	none	none
src/c/vendor/ed25519-donna/curve25519-donna-helpers.h	no	n/a (not in the PR diff)	compiled and tested by every C lane (Release/ASan+UBSan/MSan/TSan/AArch64 x4/SVE2 x5), Valgrind full set, asm division sweep at 5 levels x 3 compilers	D-DUDECT*x5,F-*x32,V-ctest*x14,V-strict*x5	none	no	0	none	none
src/c/vendor/ed25519-donna/curve25519-donna-sse2.h	yes	yes (per PR description)	compiled and tested by every C lane (Release/ASan+UBSan/MSan/TSan/AArch64 x4/SVE2 x5), Valgrind full set, asm division sweep at 5 levels x 3 compilers	D-DUDECT*x5,F-*x32,V-ctest*x14,V-strict*x5	none	no	0	none	none
src/c/vendor/ed25519-donna/ed25519-donna-32bit-sse2.h	no	n/a (not in the PR diff)	compiled and tested by every C lane (Release/ASan+UBSan/MSan/TSan/AArch64 x4/SVE2 x5), Valgrind full set, asm division sweep at 5 levels x 3 compilers	D-DUDECT*x5,F-*x32,V-ctest*x14,V-strict*x5	none	no	0	none	none
src/c/vendor/ed25519-donna/ed25519-donna-32bit-tables.h	no	n/a (not in the PR diff)	compiled and tested by every C lane (Release/ASan+UBSan/MSan/TSan/AArch64 x4/SVE2 x5), Valgrind full set, asm division sweep at 5 levels x 3 compilers	D-DUDECT*x5,F-*x32,V-ctest*x14,V-strict*x5	none	no	0	none	none
src/c/vendor/ed25519-donna/ed25519-donna-64bit-sse2.h	no	n/a (not in the PR diff)	compiled and tested by every C lane (Release/ASan+UBSan/MSan/TSan/AArch64 x4/SVE2 x5), Valgrind full set, asm division sweep at 5 levels x 3 compilers	D-DUDECT*x5,F-*x32,V-ctest*x14,V-strict*x5	none	no	0	none	none
src/c/vendor/ed25519-donna/ed25519-donna-64bit-tables.h	no	n/a (not in the PR diff)	compiled and tested by every C lane (Release/ASan+UBSan/MSan/TSan/AArch64 x4/SVE2 x5), Valgrind full set, asm division sweep at 5 levels x 3 compilers	D-DUDECT*x5,F-*x32,V-ctest*x14,V-strict*x5	none	no	0	none	none
src/c/vendor/ed25519-donna/ed25519-donna-64bit-x86-32bit.h	no	n/a (not in the PR diff)	compiled and tested by every C lane (Release/ASan+UBSan/MSan/TSan/AArch64 x4/SVE2 x5), Valgrind full set, asm division sweep at 5 levels x 3 compilers	D-DUDECT*x5,F-*x32,V-ctest*x14,V-strict*x5	none	no	0	none	none
src/c/vendor/ed25519-donna/ed25519-donna-64bit-x86.h	no	n/a (not in the PR diff)	compiled and tested by every C lane (Release/ASan+UBSan/MSan/TSan/AArch64 x4/SVE2 x5), Valgrind full set, asm division sweep at 5 levels x 3 compilers	D-DUDECT*x5,F-*x32,V-ctest*x14,V-strict*x5	none	no	0	none	none
src/c/vendor/ed25519-donna/ed25519-donna-basepoint-table.h	no	n/a (not in the PR diff)	compiled and tested by every C lane (Release/ASan+UBSan/MSan/TSan/AArch64 x4/SVE2 x5), Valgrind full set, asm division sweep at 5 levels x 3 compilers	D-DUDECT*x5,F-*x32,V-ctest*x14,V-strict*x5	none	no	0	none	none
src/c/vendor/ed25519-donna/ed25519-donna-batchverify.h	no	n/a (not in the PR diff)	compiled and tested by every C lane (Release/ASan+UBSan/MSan/TSan/AArch64 x4/SVE2 x5), Valgrind full set, asm division sweep at 5 levels x 3 compilers	D-DUDECT*x5,F-*x32,V-ctest*x14,V-strict*x5	none	no	0	none	none
src/c/vendor/ed25519-donna/ed25519-donna-impl-base.h	no	n/a (not in the PR diff)	compiled and tested by every C lane (Release/ASan+UBSan/MSan/TSan/AArch64 x4/SVE2 x5), Valgrind full set, asm division sweep at 5 levels x 3 compilers	D-DUDECT*x5,F-*x32,V-ctest*x14,V-strict*x5	none	no	0	none	none
src/c/vendor/ed25519-donna/ed25519-donna-impl-sse2.h	no	n/a (not in the PR diff)	compiled and tested by every C lane (Release/ASan+UBSan/MSan/TSan/AArch64 x4/SVE2 x5), Valgrind full set, asm division sweep at 5 levels x 3 compilers	D-DUDECT*x5,F-*x32,V-ctest*x14,V-strict*x5	none	no	0	none	none
src/c/vendor/ed25519-donna/ed25519-donna-portable-identify.h	no	n/a (not in the PR diff)	compiled and tested by every C lane (Release/ASan+UBSan/MSan/TSan/AArch64 x4/SVE2 x5), Valgrind full set, asm division sweep at 5 levels x 3 compilers	D-DUDECT*x5,F-*x32,V-ctest*x14,V-strict*x5	none	no	0	none	none
src/c/vendor/ed25519-donna/ed25519-donna-portable.h	no	n/a (not in the PR diff)	compiled and tested by every C lane (Release/ASan+UBSan/MSan/TSan/AArch64 x4/SVE2 x5), Valgrind full set, asm division sweep at 5 levels x 3 compilers	D-DUDECT*x5,F-*x32,V-ctest*x14,V-strict*x5	none	no	0	none	none
src/c/vendor/ed25519-donna/ed25519-donna.h	no	n/a (not in the PR diff)	compiled and tested by every C lane (Release/ASan+UBSan/MSan/TSan/AArch64 x4/SVE2 x5), Valgrind full set, asm division sweep at 5 levels x 3 compilers	D-DUDECT*x5,F-*x32,V-ctest*x14,V-strict*x5	none	no	0	none	none
src/c/vendor/ed25519-donna/ed25519-hash-custom.h	no	n/a (not in the PR diff)	compiled and tested by every C lane (Release/ASan+UBSan/MSan/TSan/AArch64 x4/SVE2 x5), Valgrind full set, asm division sweep at 5 levels x 3 compilers	D-DUDECT*x5,F-*x32,V-ctest*x14,V-strict*x5	none	no	0	none	none
src/c/vendor/ed25519-donna/ed25519-hash.h	no	n/a (not in the PR diff)	compiled and tested by every C lane (Release/ASan+UBSan/MSan/TSan/AArch64 x4/SVE2 x5), Valgrind full set, asm division sweep at 5 levels x 3 compilers	D-DUDECT*x5,F-*x32,V-ctest*x14,V-strict*x5	none	no	0	none	none
src/c/vendor/ed25519-donna/ed25519-randombytes-custom.h	no	n/a (not in the PR diff)	compiled and tested by every C lane (Release/ASan+UBSan/MSan/TSan/AArch64 x4/SVE2 x5), Valgrind full set, asm division sweep at 5 levels x 3 compilers	D-DUDECT*x5,F-*x32,V-ctest*x14,V-strict*x5	none	no	0	none	none
src/c/vendor/ed25519-donna/ed25519-randombytes.h	no	n/a (not in the PR diff)	compiled and tested by every C lane (Release/ASan+UBSan/MSan/TSan/AArch64 x4/SVE2 x5), Valgrind full set, asm division sweep at 5 levels x 3 compilers	D-DUDECT*x5,F-*x32,V-ctest*x14,V-strict*x5	none	no	0	none	none
src/c/vendor/ed25519-donna/ed25519.h	no	n/a (not in the PR diff)	compiled and tested by every C lane (Release/ASan+UBSan/MSan/TSan/AArch64 x4/SVE2 x5), Valgrind full set, asm division sweep at 5 levels x 3 compilers	D-DUDECT*x5,F-*x32,V-ctest*x14,V-strict*x5	none	no	0	none	none
src/c/vendor/ed25519-donna/ed25519_unit.h	no	n/a (not in the PR diff)	compiled and tested by every C lane (Release/ASan+UBSan/MSan/TSan/AArch64 x4/SVE2 x5), Valgrind full set, asm division sweep at 5 levels x 3 compilers	D-DUDECT*x5,F-*x32,V-ctest*x14,V-strict*x5	none	no	0	none	none
src/c/vendor/ed25519-donna/modm-donna-32bit.h	no	n/a (not in the PR diff)	compiled and tested by every C lane (Release/ASan+UBSan/MSan/TSan/AArch64 x4/SVE2 x5), Valgrind full set, asm division sweep at 5 levels x 3 compilers	D-DUDECT*x5,F-*x32,V-ctest*x14,V-strict*x5	none	no	0	none	none
src/c/vendor/ed25519-donna/modm-donna-64bit.h	no	n/a (not in the PR diff)	compiled and tested by every C lane (Release/ASan+UBSan/MSan/TSan/AArch64 x4/SVE2 x5), Valgrind full set, asm division sweep at 5 levels x 3 compilers	D-DUDECT*x5,F-*x32,V-ctest*x14,V-strict*x5	none	no	0	none	none
src/c/vendor/ed25519-donna/regression.h	no	n/a (not in the PR diff)	compiled and tested by every C lane (Release/ASan+UBSan/MSan/TSan/AArch64 x4/SVE2 x5), Valgrind full set, asm division sweep at 5 levels x 3 compilers	D-DUDECT*x5,F-*x32,V-ctest*x14,V-strict*x5	none	no	0	none	none
src/c/vendor/ed25519-donna/test-internals.c	no	n/a (not in the PR diff)	compiled and tested by every C lane (Release/ASan+UBSan/MSan/TSan/AArch64 x4/SVE2 x5), Valgrind full set, asm division sweep at 5 levels x 3 compilers	D-DUDECT*x5,F-*x32,V-ctest*x14,V-strict*x5	PR394_ASM_DIVISIONS.tsv	no	0	none	none
src/c/vendor/ed25519-donna/test-ticks.h	no	n/a (not in the PR diff)	compiled and tested by every C lane (Release/ASan+UBSan/MSan/TSan/AArch64 x4/SVE2 x5), Valgrind full set, asm division sweep at 5 levels x 3 compilers	D-DUDECT*x5,F-*x32,V-ctest*x14,V-strict*x5	none	no	0	none	none
src/c/vendor/ed25519-donna/test.c	no	n/a (not in the PR diff)	compiled and tested by every C lane (Release/ASan+UBSan/MSan/TSan/AArch64 x4/SVE2 x5), Valgrind full set, asm division sweep at 5 levels x 3 compilers	D-DUDECT*x5,F-*x32,V-ctest*x14,V-strict*x5	PR394_ASM_DIVISIONS.tsv	no	0	none	none
src/c/x86/ama_keccak_f1600_bmi.c	no	n/a (not in the PR diff)	compiled and tested by every C lane (Release/ASan+UBSan/MSan/TSan/AArch64 x4/SVE2 x5), Valgrind full set, asm division sweep at 5 levels x 3 compilers	D-DUDECT*x5,F-*x32,V-ctest*x14,V-strict*x5	PR394_ASM_DIVISIONS.tsv	no	0	none	none
src/c/x86/ama_nistp_mont_mulx.c	no	n/a (not in the PR diff)	compiled and tested by every C lane (Release/ASan+UBSan/MSan/TSan/AArch64 x4/SVE2 x5), Valgrind full set, asm division sweep at 5 levels x 3 compilers	D-DUDECT*x5,F-*x32,V-ctest*x14,V-strict*x5	PR394_ASM_DIVISIONS.tsv	no	0	none	none
tests/c/CMakeLists.txt	yes	yes (per PR description)	built and executed by every C lane and under Valgrind	V-ctest*x14,V-gate*x61	none	partial (test registration)	0	none	FINDING-0002
tests/c/bench_ed25519.c	no	n/a (not in the PR diff)	built and executed by every C lane and under Valgrind	V-ctest*x14	none	no	0	none	none
tests/c/dudect/README.md	yes	yes (per PR description)	built and executed by every C lane and under Valgrind	V-ctest*x14,V-gate*x61	none	no	0	none	none
tests/c/dudect/dudect.h	yes	yes (per PR description)	built and executed by every C lane and under Valgrind	V-ctest*x14	none	no	0	none	none
tests/c/dudect/dudect_percentile.h	yes	yes (per PR description)	built and executed by every C lane and under Valgrind	V-ctest*x14	none	no	0	none	none
tests/c/dudect/dudect_rounds.h	yes	yes (per PR description)	built and executed by every C lane and under Valgrind	V-ctest*x14	none	no	0	none	none
tests/c/dudect/dudect_stage.h	yes	yes (per PR description)	built and executed by every C lane and under Valgrind	V-ctest*x14	none	no	0	none	none
tests/c/test_aes_bitsliced.c	no	n/a (not in the PR diff)	built and executed by every C lane and under Valgrind	V-ctest*x14	PR394_VALGRIND.tsv	no	0	none	none
tests/c/test_aes_gcm_backend_introspect.c	yes	yes (per PR description)	built and executed by every C lane and under Valgrind	V-ctest*x14	PR394_VALGRIND.tsv	no	0	none	none
tests/c/test_aes_gcm_neon_equiv.c	yes	yes (per PR description)	built and executed by every C lane and under Valgrind	V-ctest*x14	PR394_VALGRIND.tsv	no	0	none	none
tests/c/test_aes_gcm_scalar_kat.c	no	n/a (not in the PR diff)	built and executed by every C lane and under Valgrind	V-ctest*x14	PR394_VALGRIND.tsv	no	0	none	none
tests/c/test_aes_gcm_vaes_equiv.c	yes	yes (per PR description)	built and executed by every C lane and under Valgrind	V-ctest*x14	PR394_VALGRIND.tsv	no	0	none	none
tests/c/test_agent_binding.c	no	n/a (not in the PR diff)	built and executed by every C lane and under Valgrind	V-ctest*x14	PR394_VALGRIND.tsv	no	0	none	none
tests/c/test_argon2_g_avx2_equiv.c	yes	yes (per PR description)	built and executed by every C lane and under Valgrind	V-ctest*x14	PR394_VALGRIND.tsv	no	0	none	none
tests/c/test_argon2_g_neon_equiv.c	yes	yes (per PR description)	built and executed by every C lane and under Valgrind	V-ctest*x14	PR394_VALGRIND.tsv	no	0	none	none
tests/c/test_argon2id.c	no	n/a (not in the PR diff)	built and executed by every C lane and under Valgrind	V-ctest*x14	PR394_VALGRIND.tsv	no	0	none	none
tests/c/test_ascon.c	yes	yes (per PR description)	built and executed by every C lane and under Valgrind	V-ctest*x14	PR394_VALGRIND.tsv	no	0	none	none
tests/c/test_benchmark.c	yes	yes (per PR description)	built and executed by every C lane and under Valgrind	V-ctest*x14	none	no	0	none	none
tests/c/test_chacha20_x8_avx2_equiv.c	yes	yes (per PR description)	built and executed by every C lane and under Valgrind	V-ctest*x14	PR394_VALGRIND.tsv	no	0	none	none
tests/c/test_chacha20_x8_neon_equiv.c	no	n/a (not in the PR diff)	built and executed by every C lane and under Valgrind	V-ctest*x14	PR394_VALGRIND.tsv	no	0	none	none
tests/c/test_chacha20poly1305.c	no	n/a (not in the PR diff)	built and executed by every C lane and under Valgrind	V-ctest*x14	PR394_VALGRIND.tsv	no	0	none	none
tests/c/test_concurrent_init.c	yes	yes (per PR description)	built and executed by every C lane and under Valgrind	V-ctest*x14	PR394_VALGRIND.tsv	no	0	none	none
tests/c/test_consttime.c	no	n/a (not in the PR diff)	built and executed by every C lane and under Valgrind	V-ctest*x14	PR394_VALGRIND.tsv	no	0	none	none
tests/c/test_core.c	no	n/a (not in the PR diff)	built and executed by every C lane and under Valgrind	V-ctest*x14	PR394_VALGRIND.tsv	no	0	none	none
tests/c/test_dilithium_invntt_bound.c	yes	yes (per PR description)	built and executed by every C lane and under Valgrind	V-ctest*x14	PR394_VALGRIND.tsv	no	0	none	none
tests/c/test_dilithium_ntt_bench.c	no	n/a (not in the PR diff)	built and executed by every C lane and under Valgrind	V-ctest*x14	PR394_VALGRIND.tsv	no	0	none	none
tests/c/test_dilithium_ntt_equiv.c	no	n/a (not in the PR diff)	built and executed by every C lane and under Valgrind	V-ctest*x14	PR394_VALGRIND.tsv	no	0	none	none
tests/c/test_dilithium_rej_equiv.c	yes	yes (per PR description)	built and executed by every C lane and under Valgrind	V-ctest*x14	PR394_VALGRIND.tsv	no	0	none	none
tests/c/test_dispatch_cache_file.c	yes	yes (per PR description)	built and executed by every C lane and under Valgrind	V-ctest*x14	PR394_VALGRIND.tsv	no	0	none	none
tests/c/test_dispatch_only_env.c	yes	yes (per PR description)	built and executed by every C lane and under Valgrind	V-ctest*x14	none	no	0	none	none
tests/c/test_dudect.c	yes	yes (per PR description)	built and executed by every C lane and under Valgrind	V-ctest*x14	none	partial (lane structure, self-test, vartime lane)	0	NC-47	none
tests/c/test_ed25519.c	no	n/a (not in the PR diff)	built and executed by every C lane and under Valgrind	V-ctest*x14	PR394_VALGRIND.tsv	no	0	none	none
tests/c/test_ed25519_canonical_r.c	yes	yes (per PR description)	built and executed by every C lane and under Valgrind	V-ctest*x14	PR394_VALGRIND.tsv	no	0	none	none
tests/c/test_ed25519_canonical_s.c	yes	yes (per PR description)	built and executed by every C lane and under Valgrind	V-ctest*x14	PR394_VALGRIND.tsv	no	0	none	none
tests/c/test_ed25519_comb_equiv.c	no	n/a (not in the PR diff)	built and executed by every C lane and under Valgrind	V-ctest*x14	none	no	0	none	none
tests/c/test_ed25519_scalarmult_contract.c	yes	yes (per PR description)	built and executed by every C lane and under Valgrind	V-ctest*x14	PR394_VALGRIND.tsv	no	0	none	none
tests/c/test_ed25519_unaligned_input.c	yes	yes (per PR description)	built and executed by every C lane and under Valgrind	V-ctest*x14	PR394_VALGRIND.tsv	no	0	none	none
tests/c/test_ed25519_verify_equiv.c	yes	yes (per PR description)	built and executed by every C lane and under Valgrind	V-ctest*x14	none	no	0	none	none
tests/c/test_field_bench.c	yes	yes (per PR description)	built and executed by every C lane and under Valgrind	V-ctest*x14	PR394_VALGRIND.tsv	no	0	none	none
tests/c/test_frost.c	no	n/a (not in the PR diff)	built and executed by every C lane and under Valgrind	V-ctest*x14	PR394_VALGRIND.tsv	no	0	none	none
tests/c/test_hkdf.c	no	n/a (not in the PR diff)	built and executed by every C lane and under Valgrind	V-ctest*x14	PR394_VALGRIND.tsv	no	0	none	none
tests/c/test_kat.c	no	n/a (not in the PR diff)	built and executed by every C lane and under Valgrind	V-ctest*x14	PR394_VALGRIND.tsv	no	0	none	none
tests/c/test_keccak_bmi_equiv.c	yes	yes (per PR description)	built and executed by every C lane and under Valgrind	V-ctest*x14	PR394_VALGRIND.tsv	no	0	none	none
tests/c/test_keccak_equiv.c	no	n/a (not in the PR diff)	built and executed by every C lane and under Valgrind	V-ctest*x14	PR394_VALGRIND.tsv	no	0	none	none
tests/c/test_kyber_cbd2_equiv.c	no	n/a (not in the PR diff)	built and executed by every C lane and under Valgrind	V-ctest*x14	PR394_VALGRIND.tsv	no	0	none	none
tests/c/test_kyber_compress.c	yes	yes (per PR description)	built and executed by every C lane and under Valgrind	V-ctest*x14	PR394_VALGRIND.tsv	no	0	none	none
tests/c/test_kyber_cpa.c	no	n/a (not in the PR diff)	built and executed by every C lane and under Valgrind	V-ctest*x14	PR394_VALGRIND.tsv	no	0	none	none
tests/c/test_kyber_debug.c	no	n/a (not in the PR diff)	built and executed by every C lane and under Valgrind	V-ctest*x14	PR394_VALGRIND.tsv	no	0	none	none
tests/c/test_kyber_ntt_equiv.c	yes	yes (per PR description)	built and executed by every C lane and under Valgrind	V-ctest*x14	PR394_VALGRIND.tsv	no	0	none	none
tests/c/test_kyber_poly_equiv.c	yes	yes (per PR description)	built and executed by every C lane and under Valgrind	V-ctest*x14	PR394_VALGRIND.tsv	no	0	none	none
tests/c/test_kyber_sample_ntt.c	yes	yes (per PR description)	built and executed by every C lane and under Valgrind	V-ctest*x14	PR394_VALGRIND.tsv	no	0	none	none
tests/c/test_lms.c	no	n/a (not in the PR diff)	built and executed by every C lane and under Valgrind	V-ctest*x14	PR394_VALGRIND.tsv	no	0	none	none
tests/c/test_nistp.c	no	n/a (not in the PR diff)	built and executed by every C lane and under Valgrind	V-ctest*x14	PR394_VALGRIND.tsv	no	0	none	none
tests/c/test_nistp_mont_mulx_equiv.c	no	n/a (not in the PR diff)	built and executed by every C lane and under Valgrind	V-ctest*x14	PR394_VALGRIND.tsv	no	0	none	none
tests/c/test_platform_rand_generic.c	yes	yes (per PR description)	built and executed by every C lane and under Valgrind	V-ctest*x14	PR394_VALGRIND.tsv	no	0	none	none
tests/c/test_pq_parser_stack.c	yes	yes (per PR description)	built and executed by every C lane and under Valgrind	V-ctest*x14	PR394_VALGRIND.tsv	no	0	none	none
tests/c/test_pq_privkey_check_determinism.c	no	n/a (not in the PR diff)	built and executed by every C lane and under Valgrind	V-ctest*x14	PR394_VALGRIND.tsv	no	0	none	none
tests/c/test_secp256k1.c	yes	yes (per PR description)	built and executed by every C lane and under Valgrind	V-ctest*x14	PR394_VALGRIND.tsv	no	0	none	none
tests/c/test_secure_free_scrub.c	yes	yes (per PR description)	built and executed by every C lane and under Valgrind	V-ctest*x14	PR394_VALGRIND.tsv	full (rewritten: FINDING-0001/0002)	0	none	FINDING-0001
tests/c/test_secure_memory_dontdump.c	yes	yes (per PR description)	built and executed by every C lane and under Valgrind	V-ctest*x14	PR394_VALGRIND.tsv	no	0	none	none
tests/c/test_sha256_dispatch_equiv.c	no	n/a (not in the PR diff)	built and executed by every C lane and under Valgrind	V-ctest*x14	PR394_VALGRIND.tsv	no	0	none	none
tests/c/test_sha256_neon_kat.c	yes	yes (per PR description)	built and executed by every C lane and under Valgrind	V-ctest*x14	PR394_VALGRIND.tsv	no	0	none	none
tests/c/test_sha3.c	yes	yes (per PR description)	built and executed by every C lane and under Valgrind	V-ctest*x14	PR394_VALGRIND.tsv	no	0	none	none
tests/c/test_sha3_512_stream.c	no	n/a (not in the PR diff)	built and executed by every C lane and under Valgrind	V-ctest*x14	PR394_VALGRIND.tsv	no	0	none	none
tests/c/test_sha3_avx512_kat.c	no	n/a (not in the PR diff)	built and executed by every C lane and under Valgrind	V-ctest*x14	none	no	0	none	none
tests/c/test_sha3_wrapper_equiv.c	no	n/a (not in the PR diff)	built and executed by every C lane and under Valgrind	V-ctest*x14	PR394_VALGRIND.tsv	no	0	none	none
tests/c/test_sha3_x4.c	no	n/a (not in the PR diff)	built and executed by every C lane and under Valgrind	V-ctest*x14	PR394_VALGRIND.tsv	no	0	none	none
tests/c/test_sha512_kat.c	no	n/a (not in the PR diff)	built and executed by every C lane and under Valgrind	V-ctest*x14	PR394_VALGRIND.tsv	no	0	none	none
tests/c/test_sphincs_simd_equiv.c	yes	yes (per PR description)	built and executed by every C lane and under Valgrind	V-ctest*x14	PR394_VALGRIND.tsv	no	0	none	none
tests/c/test_x25519.c	no	n/a (not in the PR diff)	built and executed by every C lane and under Valgrind	V-ctest*x14	PR394_VALGRIND.tsv	no	0	none	none
tests/c/test_x25519_fe64_mulx_equiv.c	no	n/a (not in the PR diff)	built and executed by every C lane and under Valgrind	V-ctest*x14	PR394_VALGRIND.tsv	no	0	none	none
tests/c/test_x25519_field_equiv.c	no	n/a (not in the PR diff)	built and executed by every C lane and under Valgrind	V-ctest*x14	PR394_VALGRIND.tsv	no	0	none	none
tests/c/test_x25519_mulx_override.c	no	n/a (not in the PR diff)	built and executed by every C lane and under Valgrind	V-ctest*x14	PR394_VALGRIND.tsv	no	0	none	none
tests/c/test_x25519_path.c	no	n/a (not in the PR diff)	built and executed by every C lane and under Valgrind	V-ctest*x14	PR394_VALGRIND.tsv	no	0	none	none
tests/c/x25519_equiv_fe51.c	no	n/a (not in the PR diff)	built and executed by every C lane and under Valgrind	V-ctest*x14	none	no	0	none	none
tests/c/x25519_equiv_fe64.c	no	n/a (not in the PR diff)	built and executed by every C lane and under Valgrind	V-ctest*x14	none	no	0	none	none
tests/c/x25519_equiv_ladders.h	no	n/a (not in the PR diff)	built and executed by every C lane and under Valgrind	V-ctest*x14	none	no	0	none	none
tests/conftest.py	yes	yes (per PR description)	executed by the full pytest suite; mypy --strict; ruff; black	V-black*x1,V-mypy*x1,V-pytest*x1,V-ruff*x1	none	no	0	none	none
tests/kat/PROVENANCE.json	yes	yes (per PR description)	vendored licence and provenance files: the vendor-isolation, corpus-originality and header gates read them	F-*x32,V-ctest*x14,V-gate*x61,V-pytest*x1	none	no	0	NC-27	none
tests/test_action_pin_checks.py	yes	yes (per PR description)	executed by the full pytest suite; mypy --strict; ruff; black	V-black*x1,V-mypy*x1,V-pytest*x1,V-ruff*x1	none	no	0	none	none
tests/test_acvp_fetch_fails_closed.py	yes	yes (per PR description)	executed by the full pytest suite; mypy --strict; ruff; black	V-black*x1,V-mypy*x1,V-pytest*x1,V-ruff*x1	none	no	0	none	none
tests/test_acvp_harness_library_discovery.py	yes	yes (per PR description)	executed by the full pytest suite; mypy --strict; ruff; black	V-black*x1,V-mypy*x1,V-pytest*x1,V-ruff*x1	none	no	0	none	none
tests/test_adaptive_posture.py	yes	yes (per PR description)	executed by the full pytest suite; mypy --strict; ruff; black	V-black*x1,V-mypy*x1,V-pytest*x1,V-ruff*x1	none	no	0	none	none
tests/test_adaptive_posture_alert_window.py	yes	yes (per PR description)	executed by the full pytest suite; mypy --strict; ruff; black	V-black*x1,V-mypy*x1,V-pytest*x1,V-ruff*x1	none	no	0	none	none
tests/test_adaptive_posture_clock_step.py	yes	yes (per PR description)	executed by the full pytest suite; mypy --strict; ruff; black	V-black*x1,V-mypy*x1,V-pytest*x1,V-ruff*x1	none	no	0	none	none
tests/test_adaptive_posture_decay_and_escalation.py	yes	yes (per PR description)	executed by the full pytest suite; mypy --strict; ruff; black	V-black*x1,V-mypy*x1,V-pytest*x1,V-ruff*x1	none	no	0	none	none
tests/test_adaptive_posture_rotation_accounting.py	yes	yes (per PR description)	executed by the full pytest suite; mypy --strict; ruff; black	V-black*x1,V-mypy*x1,V-pytest*x1,V-ruff*x1	none	no	0	none	none
tests/test_adaptive_posture_scenarios.py	yes	yes (per PR description)	executed by the full pytest suite; mypy --strict; ruff; black	V-black*x1,V-mypy*x1,V-pytest*x1,V-ruff*x1	none	no	0	none	none
tests/test_aes_gcm_native.py	yes	yes (per PR description)	executed by the full pytest suite; mypy --strict; ruff; black	V-black*x1,V-mypy*x1,V-pytest*x1,V-ruff*x1	none	no	0	none	none
tests/test_aesni_is_not_gated_on_avx2.py	yes	yes (per PR description)	executed by the full pytest suite; mypy --strict; ruff; black	V-black*x1,V-mypy*x1,V-pytest*x1,V-ruff*x1	none	no	0	none	none
tests/test_agentic_abuse_detectors.py	yes	yes (per PR description)	executed by the full pytest suite; mypy --strict; ruff; black	V-black*x1,V-mypy*x1,V-pytest*x1,V-ruff*x1	none	no	0	none	none
tests/test_agentic_load_adversarial.py	yes	yes (per PR description)	executed by the full pytest suite; mypy --strict; ruff; black	V-black*x1,V-mypy*x1,V-pytest*x1,V-ruff*x1	none	no	0	none	none
tests/test_algorithm_registry_gate.py	yes	yes (per PR description)	executed by the full pytest suite; mypy --strict; ruff; black	V-black*x1,V-mypy*x1,V-pytest*x1,V-ruff*x1	none	no	0	NC-02	none
tests/test_ama_cryptography_monitor.py	yes	yes (per PR description)	executed by the full pytest suite; mypy --strict; ruff; black	V-black*x1,V-mypy*x1,V-pytest*x1,V-ruff*x1	none	no	0	none	none
tests/test_apt_retry_gate.py	yes	yes (per PR description)	executed by the full pytest suite; mypy --strict; ruff; black	V-black*x1,V-mypy*x1,V-pytest*x1,V-ruff*x1	none	no	0	NC-03	none
tests/test_artefact_cache_poisoning.py	yes	yes (per PR description)	executed by the full pytest suite; mypy --strict; ruff; black	V-black*x1,V-mypy*x1,V-pytest*x1,V-ruff*x1	none	no	0	none	none
tests/test_avx_scoping_gate.py	yes	yes (per PR description)	executed by the full pytest suite; mypy --strict; ruff; black	V-black*x1,V-mypy*x1,V-pytest*x1,V-ruff*x1	none	no	0	NC-31	none
tests/test_benchmark_baseline_freshness.py	yes	yes (per PR description)	executed by the full pytest suite; mypy --strict; ruff; black	V-black*x1,V-mypy*x1,V-pytest*x1,V-ruff*x1	none	no	0	none	none
tests/test_benchmark_baseline_infra.py	yes	yes (per PR description)	executed by the full pytest suite; mypy --strict; ruff; black	V-black*x1,V-mypy*x1,V-pytest*x1,V-ruff*x1	none	no	0	NC-36	none
tests/test_benchmark_chart_inputs.py	yes	yes (per PR description)	executed by the full pytest suite; mypy --strict; ruff; black	V-black*x1,V-mypy*x1,V-pytest*x1,V-ruff*x1	none	no	0	none	none
tests/test_benchmark_validation_coverage.py	yes	yes (per PR description)	executed by the full pytest suite; mypy --strict; ruff; black	V-black*x1,V-mypy*x1,V-pytest*x1,V-ruff*x1	none	no	0	none	none
tests/test_binding_integrity.py	yes	yes (per PR description)	executed by the full pytest suite; mypy --strict; ruff; black	V-black*x1,V-mypy*x1,V-pytest*x1,V-ruff*x1	none	no	0	none	none
tests/test_build_sign.py	yes	yes (per PR description)	executed by the full pytest suite; mypy --strict; ruff; black	V-black*x1,V-mypy*x1,V-pytest*x1,V-ruff*x1	none	no	0	none	none
tests/test_c_buffer_views.py	yes	yes (per PR description)	executed by the full pytest suite; mypy --strict; ruff; black	V-black*x1,V-mypy*x1,V-pytest*x1,V-ruff*x1	none	no	0	none	none
tests/test_c_secret_zeroization_gate.py	yes	yes (per PR description)	executed by the full pytest suite; mypy --strict; ruff; black	V-black*x1,V-mypy*x1,V-pytest*x1,V-ruff*x1	none	no	0	NC-05	none
tests/test_choco_retry_gate.py	yes	yes (per PR description)	executed by the full pytest suite; mypy --strict; ruff; black	V-black*x1,V-mypy*x1,V-pytest*x1,V-ruff*x1	none	no	0	NC-06	none
tests/test_code_quality_additions.py	yes	yes (per PR description)	executed by the full pytest suite; mypy --strict; ruff; black	V-black*x1,V-mypy*x1,V-pytest*x1,V-ruff*x1	none	no	0	none	none
tests/test_competitive_page.py	yes	yes (per PR description)	executed by the full pytest suite; mypy --strict; ruff; black	V-black*x1,V-mypy*x1,V-pytest*x1,V-ruff*x1	none	no	0	none	none
tests/test_compiler_warning_gate.py	yes	yes (per PR description)	executed by the full pytest suite; mypy --strict; ruff; black	V-black*x1,V-mypy*x1,V-pytest*x1,V-ruff*x1	none	no	0	NC-07	none
tests/test_conftest_backend_skip_scoping.py	yes	yes (per PR description)	executed by the full pytest suite; mypy --strict; ruff; black	V-black*x1,V-mypy*x1,V-pytest*x1,V-ruff*x1	none	no	0	none	none
tests/test_corpus_originality.py	yes	yes (per PR description)	executed by the full pytest suite; mypy --strict; ruff; black	V-black*x1,V-mypy*x1,V-pytest*x1,V-ruff*x1	none	no	0	NC-08	none
tests/test_corrupt_nonce_ledger_import.py	yes	yes (per PR description)	executed by the full pytest suite; mypy --strict; ruff; black	V-black*x1,V-mypy*x1,V-pytest*x1,V-ruff*x1	none	no	0	none	none
tests/test_ctypes_abi_gate.py	yes	yes (per PR description)	executed by the full pytest suite; mypy --strict; ruff; black	V-black*x1,V-mypy*x1,V-pytest*x1,V-ruff*x1	none	no	0	NC-09	none
tests/test_dashboard_provenance.py	yes	yes (per PR description)	executed by the full pytest suite; mypy --strict; ruff; black	V-black*x1,V-mypy*x1,V-pytest*x1,V-ruff*x1	none	no	0	none	none
tests/test_differential.py	yes	yes (per PR description)	executed by the full pytest suite; mypy --strict; ruff; black	V-black*x1,V-mypy*x1,V-pytest*x1,V-ruff*x1	none	no	0	none	none
tests/test_docker_pins_gate.py	yes	yes (per PR description)	executed by the full pytest suite; mypy --strict; ruff; black	V-black*x1,V-mypy*x1,V-pytest*x1,V-ruff*x1	none	no	0	NC-10	none
tests/test_documented_c_prototypes_match_headers.py	yes	yes (per PR description)	executed by the full pytest suite; mypy --strict; ruff; black	V-black*x1,V-mypy*x1,V-pytest*x1,V-ruff*x1	none	no	0	none	none
tests/test_documented_counts_gate.py	yes	yes (per PR description)	executed by the full pytest suite; mypy --strict; ruff; black	V-black*x1,V-mypy*x1,V-pytest*x1,V-ruff*x1	none	no	0	NC-11	none
tests/test_documented_extras.py	yes	yes (per PR description)	executed by the full pytest suite; mypy --strict; ruff; black	V-black*x1,V-mypy*x1,V-pytest*x1,V-ruff*x1	none	no	0	NC-12	none
tests/test_documented_source_paths_exist.py	yes	yes (per PR description)	executed by the full pytest suite; mypy --strict; ruff; black	V-black*x1,V-mypy*x1,V-pytest*x1,V-ruff*x1	none	no	0	none	none
tests/test_dudect_simd_sweep_gate.py	yes	yes (per PR description)	executed by the full pytest suite; mypy --strict; ruff; black	V-black*x1,V-mypy*x1,V-pytest*x1,V-ruff*x1	none	no	0	none	none
tests/test_dudect_staging_gate.py	yes	yes (per PR description)	executed by the full pytest suite; mypy --strict; ruff; black	V-black*x1,V-mypy*x1,V-pytest*x1,V-ruff*x1	none	partial (fixtures and CLI tests, extended)	0	NC-47	none
tests/test_ed25519_backend_parity_gate.py	yes	yes (per PR description)	executed by the full pytest suite; mypy --strict; ruff; black	V-black*x1,V-mypy*x1,V-pytest*x1,V-ruff*x1	none	no	0	none	none
tests/test_ed25519_canonical_y.py	yes	yes (per PR description)	executed by the full pytest suite; mypy --strict; ruff; black	V-black*x1,V-mypy*x1,V-pytest*x1,V-ruff*x1	none	no	0	none	none
tests/test_ed25519_native.py	yes	yes (per PR description)	executed by the full pytest suite; mypy --strict; ruff; black	V-black*x1,V-mypy*x1,V-pytest*x1,V-ruff*x1	PR394_ACCEPTANCE.tsv	no	0	none	none
tests/test_equations.py	yes	yes (per PR description)	executed by the full pytest suite; mypy --strict; ruff; black	V-black*x1,V-mypy*x1,V-pytest*x1,V-ruff*x1	none	no	0	none	none
tests/test_error_state_gating_tool.py	yes	yes (per PR description)	executed by the full pytest suite; mypy --strict; ruff; black	V-black*x1,V-mypy*x1,V-pytest*x1,V-ruff*x1	none	no	0	none	none
tests/test_execution_integrity.py	yes	yes (per PR description)	executed by the full pytest suite; mypy --strict; ruff; black	V-black*x1,V-mypy*x1,V-pytest*x1,V-ruff*x1	none	no	0	none	none
tests/test_fuzz_input_reachability_gate.py	yes	yes (per PR description)	executed by the full pytest suite; mypy --strict; ruff; black	V-black*x1,V-mypy*x1,V-pytest*x1,V-ruff*x1	none	no	0	none	none
tests/test_fuzz_target_registration.py	yes	yes (per PR description)	executed by the full pytest suite; mypy --strict; ruff; black	V-black*x1,V-mypy*x1,V-pytest*x1,V-ruff*x1	none	no	0	NC-14	none
tests/test_fuzzing.py	yes	yes (per PR description)	executed by the full pytest suite; mypy --strict; ruff; black	V-black*x1,V-mypy*x1,V-pytest*x1,V-ruff*x1	none	no	0	none	none
tests/test_gate_coverage.py	yes	yes (per PR description)	executed by the full pytest suite; mypy --strict; ruff; black	V-black*x1,V-mypy*x1,V-pytest*x1,V-ruff*x1	none	no	0	NC-15	none
tests/test_ghash_constant_time_gate.py	yes	yes (per PR description)	executed by the full pytest suite; mypy --strict; ruff; black	V-black*x1,V-mypy*x1,V-pytest*x1,V-ruff*x1	none	no	0	none	none
tests/test_handshake_failure_clears_state.py	yes	yes (per PR description)	executed by the full pytest suite; mypy --strict; ruff; black	V-black*x1,V-mypy*x1,V-pytest*x1,V-ruff*x1	none	no	0	none	none
tests/test_headers.py	yes	yes (per PR description)	executed by the full pytest suite; mypy --strict; ruff; black	V-black*x1,V-mypy*x1,V-pytest*x1,V-ruff*x1	none	no	0	NC-16	none
tests/test_hkdf_sha3_256.py	yes	yes (per PR description)	executed by the full pytest suite; mypy --strict; ruff; black	V-black*x1,V-mypy*x1,V-pytest*x1,V-ruff*x1	none	no	0	none	none
tests/test_hsm_integration.py	yes	yes (per PR description)	executed by the full pytest suite; mypy --strict; ruff; black	V-black*x1,V-mypy*x1,V-pytest*x1,V-ruff*x1	none	no	0	none	none
tests/test_integrity.py	yes	yes (per PR description)	executed by the full pytest suite; mypy --strict; ruff; black	V-black*x1,V-mypy*x1,V-pytest*x1,V-ruff*x1	none	no	0	none	none
tests/test_integrity_repair_gate.py	yes	yes (per PR description)	executed by the full pytest suite; mypy --strict; ruff; black	V-black*x1,V-mypy*x1,V-pytest*x1,V-ruff*x1	none	no	0	none	none
tests/test_invariant41_rng_sweep.py	yes	yes (per PR description)	executed by the full pytest suite; mypy --strict; ruff; black	V-black*x1,V-mypy*x1,V-pytest*x1,V-ruff*x1	none	no	0	none	none
tests/test_invariant_upgrades.py	yes	yes (per PR description)	executed by the full pytest suite; mypy --strict; ruff; black	V-black*x1,V-mypy*x1,V-pytest*x1,V-ruff*x1	none	no	0	none	none
tests/test_key_formats.py	yes	yes (per PR description)	executed by the full pytest suite; mypy --strict; ruff; black	V-black*x1,V-mypy*x1,V-pytest*x1,V-ruff*x1	none	no	0	none	none
tests/test_keyformat_corpus_provenance.py	yes	yes (per PR description)	executed by the full pytest suite; mypy --strict; ruff; black	V-black*x1,V-mypy*x1,V-pytest*x1,V-ruff*x1	none	no	0	NC-41	none
tests/test_keygen_pct_gate.py	yes	yes (per PR description)	executed by the full pytest suite; mypy --strict; ruff; black	V-black*x1,V-mypy*x1,V-pytest*x1,V-ruff*x1	none	full (extended)	0	NC-17	FINDING-0003
tests/test_log_message_encodability_gate.py	yes	yes (per PR description)	executed by the full pytest suite; mypy --strict; ruff; black	V-black*x1,V-mypy*x1,V-pytest*x1,V-ruff*x1	none	no	0	NC-19	none
tests/test_makefile_targets.py	yes	yes (per PR description)	executed by the full pytest suite; mypy --strict; ruff; black	V-black*x1,V-mypy*x1,V-pytest*x1,V-ruff*x1	none	no	0	none	none
tests/test_monitoring_mad.py	yes	yes (per PR description)	executed by the full pytest suite; mypy --strict; ruff; black	V-black*x1,V-mypy*x1,V-pytest*x1,V-ruff*x1	none	no	0	none	none
tests/test_monitoring_profile_coverage.py	yes	yes (per PR description)	executed by the full pytest suite; mypy --strict; ruff; black	V-black*x1,V-mypy*x1,V-pytest*x1,V-ruff*x1	none	no	0	none	none
tests/test_native_integrity.py	yes	yes (per PR description)	executed by the full pytest suite; mypy --strict; ruff; black	V-black*x1,V-mypy*x1,V-pytest*x1,V-ruff*x1	none	no	0	none	none
tests/test_native_lib_override_hardening.py	yes	yes (per PR description)	executed by the full pytest suite; mypy --strict; ruff; black	V-black*x1,V-mypy*x1,V-pytest*x1,V-ruff*x1	none	no	0	none	none
tests/test_native_library_never_mapped_unverified.py	yes	yes (per PR description)	executed by the full pytest suite; mypy --strict; ruff; black	V-black*x1,V-mypy*x1,V-pytest*x1,V-ruff*x1	none	no	0	none	none
tests/test_nistp_curves.py	yes	yes (per PR description)	executed by the full pytest suite; mypy --strict; ruff; black	V-black*x1,V-mypy*x1,V-pytest*x1,V-ruff*x1	none	no	0	none	none
tests/test_post_failclosed.py	yes	yes (per PR description)	executed by the full pytest suite; mypy --strict; ruff; black	V-black*x1,V-mypy*x1,V-pytest*x1,V-ruff*x1	PR394_ACCEPTANCE.tsv	no	0	none	none
tests/test_pqc_kat.py	yes	yes (per PR description)	executed by the full pytest suite; mypy --strict; ruff; black	V-black*x1,V-mypy*x1,V-pytest*x1,V-ruff*x1	PR394_ACCEPTANCE.tsv	no	0	none	none
tests/test_precommit_mypy_scope.py	yes	yes (per PR description)	executed by the full pytest suite; mypy --strict; ruff; black	V-black*x1,V-mypy*x1,V-pytest*x1,V-ruff*x1	none	no	0	none	none
tests/test_precommit_verbatim_bytes.py	yes	yes (per PR description)	executed by the full pytest suite; mypy --strict; ruff; black	V-black*x1,V-mypy*x1,V-pytest*x1,V-ruff*x1	none	no	0	none	none
tests/test_preload_native_digest.py	yes	yes (per PR description)	executed by the full pytest suite; mypy --strict; ruff; black	V-black*x1,V-mypy*x1,V-pytest*x1,V-ruff*x1	none	no	0	none	none
tests/test_pyc_cache_liveness.py	yes	yes (per PR description)	executed by the full pytest suite; mypy --strict; ruff; black	V-black*x1,V-mypy*x1,V-pytest*x1,V-ruff*x1	none	no	0	none	none
tests/test_python_examples.py	yes	yes (per PR description)	executed by the full pytest suite; mypy --strict; ruff; black	V-black*x1,V-mypy*x1,V-pytest*x1,V-ruff*x1	none	no	0	none	none
tests/test_reference_integrity_gate.py	yes	yes (per PR description)	executed by the full pytest suite; mypy --strict; ruff; black	V-black*x1,V-mypy*x1,V-pytest*x1,V-ruff*x1	none	no	0	NC-20	none
tests/test_release_matrix_coverage.py	yes	yes (per PR description)	executed by the full pytest suite; mypy --strict; ruff; black	V-black*x1,V-mypy*x1,V-pytest*x1,V-ruff*x1	none	no	0	none	none
tests/test_release_state.py	yes	yes (per PR description)	executed by the full pytest suite; mypy --strict; ruff; black	V-black*x1,V-mypy*x1,V-pytest*x1,V-ruff*x1	none	no	0	none	none
tests/test_release_tag_gate.py	yes	yes (per PR description)	executed by the full pytest suite; mypy --strict; ruff; black	V-black*x1,V-mypy*x1,V-pytest*x1,V-ruff*x1	none	no	0	NC-35,NC-35b	none
tests/test_release_tag_trust_store.py	yes	yes (per PR description)	executed by the full pytest suite; mypy --strict; ruff; black	V-black*x1,V-mypy*x1,V-pytest*x1,V-ruff*x1	none	no	0	none	none
tests/test_resign_wheel.py	yes	yes (per PR description)	executed by the full pytest suite; mypy --strict; ruff; black	V-black*x1,V-mypy*x1,V-pytest*x1,V-ruff*x1	none	no	0	none	none
tests/test_rfc3161_network_failclosed.py	yes	yes (per PR description)	executed by the full pytest suite; mypy --strict; ruff; black	V-black*x1,V-mypy*x1,V-pytest*x1,V-ruff*x1	none	no	0	none	none
tests/test_rfc3161_nonce_bound.py	yes	yes (per PR description)	executed by the full pytest suite; mypy --strict; ruff; black	V-black*x1,V-mypy*x1,V-pytest*x1,V-ruff*x1	none	no	0	none	none
tests/test_secp256k1_ecdsa_noncanonical_pubkey.py	yes	yes (per PR description)	executed by the full pytest suite; mypy --strict; ruff; black	V-black*x1,V-mypy*x1,V-pytest*x1,V-ruff*x1	none	no	0	none	none
tests/test_secret_division_gate.py	yes	yes (per PR description)	executed by the full pytest suite; mypy --strict; ruff; black	V-black*x1,V-mypy*x1,V-pytest*x1,V-ruff*x1	none	no	0	NC-32	none
tests/test_secure_channel_comprehensive.py	yes	yes (per PR description)	executed by the full pytest suite; mypy --strict; ruff; black	V-black*x1,V-mypy*x1,V-pytest*x1,V-ruff*x1	none	no	0	none	none
tests/test_secure_memory.py	yes	yes (per PR description)	executed by the full pytest suite; mypy --strict; ruff; black	V-black*x1,V-mypy*x1,V-pytest*x1,V-ruff*x1	none	no	0	none	none
tests/test_secure_memory_backends.py	yes	yes (per PR description)	executed by the full pytest suite; mypy --strict; ruff; black	V-black*x1,V-mypy*x1,V-pytest*x1,V-ruff*x1	none	no	0	none	none
tests/test_secure_memory_extra.py	yes	yes (per PR description)	executed by the full pytest suite; mypy --strict; ruff; black	V-black*x1,V-mypy*x1,V-pytest*x1,V-ruff*x1	none	no	0	none	none
tests/test_secure_wipe_byte_length.py	yes	yes (per PR description)	executed by the full pytest suite; mypy --strict; ruff; black	V-black*x1,V-mypy*x1,V-pytest*x1,V-ruff*x1	none	no	0	none	none
tests/test_self_test_branches.py	yes	yes (per PR description)	executed by the full pytest suite; mypy --strict; ruff; black	V-black*x1,V-mypy*x1,V-pytest*x1,V-ruff*x1	none	no	0	none	none
tests/test_self_test_coverage.py	yes	yes (per PR description)	executed by the full pytest suite; mypy --strict; ruff; black	V-black*x1,V-mypy*x1,V-pytest*x1,V-ruff*x1	none	no	0	none	none
tests/test_semgrep_severity_gate.py	yes	yes (per PR description)	executed by the full pytest suite; mypy --strict; ruff; black	V-black*x1,V-mypy*x1,V-pytest*x1,V-ruff*x1	none	no	0	NC-23	none
tests/test_session_comprehensive.py	yes	yes (per PR description)	executed by the full pytest suite; mypy --strict; ruff; black	V-black*x1,V-mypy*x1,V-pytest*x1,V-ruff*x1	none	no	0	none	none
tests/test_setup_signer_contract.py	yes	yes (per PR description)	executed by the full pytest suite; mypy --strict; ruff; black	V-black*x1,V-mypy*x1,V-pytest*x1,V-ruff*x1	none	no	0	none	none
tests/test_sha2_pbkdf2_native.py	yes	yes (per PR description)	executed by the full pytest suite; mypy --strict; ruff; black	V-black*x1,V-mypy*x1,V-pytest*x1,V-ruff*x1	none	no	0	none	none
tests/test_signing_keypair_normalization.py	yes	yes (per PR description)	executed by the full pytest suite; mypy --strict; ruff; black	V-black*x1,V-mypy*x1,V-pytest*x1,V-ruff*x1	none	no	0	none	none
tests/test_stdlib_hash_boundary_gate.py	yes	yes (per PR description)	executed by the full pytest suite; mypy --strict; ruff; black	V-black*x1,V-mypy*x1,V-pytest*x1,V-ruff*x1	none	no	0	NC-24	none
tests/test_suppression_hygiene_gate.py	yes	yes (per PR description)	executed by the full pytest suite; mypy --strict; ruff; black	V-black*x1,V-mypy*x1,V-pytest*x1,V-ruff*x1	none	no	0	NC-25	none
tests/test_sve2_impl_macro_is_msvc_guarded.py	yes	yes (per PR description)	executed by the full pytest suite; mypy --strict; ruff; black	V-black*x1,V-mypy*x1,V-pytest*x1,V-ruff*x1	none	no	0	none	none
tests/test_timing_detector_calibration.py	yes	yes (per PR description)	executed by the full pytest suite; mypy --strict; ruff; black	V-black*x1,V-mypy*x1,V-pytest*x1,V-ruff*x1	none	no	0	none	none
tests/test_trust_anchor_pinning.py	yes	yes (per PR description)	executed by the full pytest suite; mypy --strict; ruff; black	V-black*x1,V-mypy*x1,V-pytest*x1,V-ruff*x1	none	no	0	none	none
tests/test_type_check_scope_gate.py	yes	yes (per PR description)	executed by the full pytest suite; mypy --strict; ruff; black	V-black*x1,V-mypy*x1,V-pytest*x1,V-ruff*x1	none	no	0	NC-26	none
tests/test_update_docs_changelog_guard.py	yes	yes (per PR description)	executed by the full pytest suite; mypy --strict; ruff; black	V-black*x1,V-mypy*x1,V-pytest*x1,V-ruff*x1	none	no	0	none	none
tests/test_vector_provenance_gate.py	yes	yes (per PR description)	executed by the full pytest suite; mypy --strict; ruff; black	V-black*x1,V-mypy*x1,V-pytest*x1,V-ruff*x1	none	no	0	NC-27	none
tests/test_vector_provenance_scope.py	yes	yes (per PR description)	executed by the full pytest suite; mypy --strict; ruff; black	V-black*x1,V-mypy*x1,V-pytest*x1,V-ruff*x1	none	no	0	none	none
tests/test_vendor_isolation_gate.py	yes	yes (per PR description)	executed by the full pytest suite; mypy --strict; ruff; black	V-black*x1,V-mypy*x1,V-pytest*x1,V-ruff*x1	none	no	0	NC-34	FINDING-0007
tests/test_verification_claim_honesty_gate.py	yes	yes (per PR description)	executed by the full pytest suite; mypy --strict; ruff; black	V-black*x1,V-mypy*x1,V-pytest*x1,V-ruff*x1	none	no	0	NC-46	none
tests/test_verify_install_oob.py	yes	yes (per PR description)	executed by the full pytest suite; mypy --strict; ruff; black	V-black*x1,V-mypy*x1,V-pytest*x1,V-ruff*x1	none	no	0	none	none
tests/test_version_consistency.py	yes	yes (per PR description)	executed by the full pytest suite; mypy --strict; ruff; black	V-black*x1,V-mypy*x1,V-pytest*x1,V-ruff*x1	none	no	0	NC-28	none
tests/test_visual_assets_gate.py	yes	yes (per PR description)	executed by the full pytest suite; mypy --strict; ruff; black	V-black*x1,V-mypy*x1,V-pytest*x1,V-ruff*x1	none	no	0	NC-44	none
tests/test_wheel_smoke_bound_extensions.py	yes	yes (per PR description)	executed by the full pytest suite; mypy --strict; ruff; black	V-black*x1,V-mypy*x1,V-pytest*x1,V-ruff*x1	none	no	0	none	none
tests/test_workflow_command_checks.py	yes	yes (per PR description)	executed by the full pytest suite; mypy --strict; ruff; black	V-black*x1,V-mypy*x1,V-pytest*x1,V-ruff*x1	none	partial (expression tests, extended)	0	NC-29,NC-29b,NC-29c	FINDING-0004
tests/test_workflow_path_filters.py	yes	yes (per PR description)	executed by the full pytest suite; mypy --strict; ruff; black	V-black*x1,V-mypy*x1,V-pytest*x1,V-ruff*x1	none	no	0	none	none
tests/test_wycheproof_fetch_retry.py	yes	yes (per PR description)	executed by the full pytest suite; mypy --strict; ruff; black	V-black*x1,V-mypy*x1,V-pytest*x1,V-ruff*x1	none	no	0	none	none
tools/__init__.py	no	n/a (not in the PR diff)	mypy --strict, ruff, black, executed as a gate on the tree, its pytest file, negative controls, mutation (where measured)	NC-*x92,V-black*x1,V-gate*x61,V-mypy*x1,V-pytest*x1,V-ruff*x1	none	no	0	none	none
tools/build_ascon_seed_corpus.py	yes	yes (per PR description)	mypy --strict, ruff, black, executed as a gate on the tree, its pytest file, negative controls, mutation (where measured)	NC-*x92,V-black*x1,V-gate*x61,V-mypy*x1,V-pytest*x1,V-ruff*x1	none	no	0	none	none
tools/build_keyformat_corpus.py	yes	yes (per PR description)	mypy --strict, ruff, black, executed as a gate on the tree, its pytest file, negative controls, mutation (where measured)	NC-*x92,V-black*x1,V-gate*x61,V-mypy*x1,V-pytest*x1,V-ruff*x1	none	partial (offline verify)	0	NC-41	none
tools/build_kyber_seed_corpus.py	yes	yes (per PR description)	mypy --strict, ruff, black, executed as a gate on the tree, its pytest file, negative controls, mutation (where measured)	NC-*x92,V-black*x1,V-gate*x61,V-mypy*x1,V-pytest*x1,V-ruff*x1	none	no	0	none	none
tools/build_post_kats.py	no	n/a (not in the PR diff)	mypy --strict, ruff, black, executed as a gate on the tree, its pytest file, negative controls, mutation (where measured)	NC-*x92,V-black*x1,V-gate*x61,V-mypy*x1,V-pytest*x1,V-ruff*x1	none	no	0	NC-40	none
tools/build_pqc_verify_seed_corpus.py	yes	yes (per PR description)	mypy --strict, ruff, black, executed as a gate on the tree, its pytest file, negative controls, mutation (where measured)	NC-*x92,V-black*x1,V-gate*x61,V-mypy*x1,V-pytest*x1,V-ruff*x1	none	no	0	none	none
tools/check_action_pins.py	yes	yes (per PR description)	mypy --strict, ruff, black, executed as a gate on the tree, its pytest file, negative controls, mutation (where measured)	NC-*x92,V-black*x1,V-gate*x61,V-mypy*x1,V-pytest*x1,V-ruff*x1	none	no	0	NC-01	none
tools/check_algorithm_registry.py	yes	yes (per PR description)	mypy --strict, ruff, black, executed as a gate on the tree, its pytest file, negative controls, mutation (where measured)	NC-*x92,V-black*x1,V-gate*x61,V-mypy*x1,V-pytest*x1,V-ruff*x1	none	no	0	NC-02	none
tools/check_apt_retry.py	yes	yes (per PR description)	mypy --strict, ruff, black, executed as a gate on the tree, its pytest file, negative controls, mutation (where measured)	NC-*x92,V-black*x1,V-gate*x61,V-mypy*x1,V-pytest*x1,V-ruff*x1	none	no	0	NC-03	none
tools/check_avx_scoping.py	yes	yes (per PR description)	mypy --strict, ruff, black, executed as a gate on the tree, its pytest file, negative controls, mutation (where measured)	NC-*x92,V-black*x1,V-gate*x61,V-mypy*x1,V-pytest*x1,V-ruff*x1	none	no	0	NC-31	none
tools/check_bandit_severity.py	yes	yes (per PR description)	mypy --strict, ruff, black, executed as a gate on the tree, its pytest file, negative controls, mutation (where measured)	NC-*x92,V-black*x1,V-gate*x61,V-mypy*x1,V-pytest*x1,V-ruff*x1	none	no	0	NC-04	none
tools/check_c_secret_zeroization.py	yes	yes (per PR description)	mypy --strict, ruff, black, executed as a gate on the tree, its pytest file, negative controls, mutation (where measured)	NC-*x92,V-black*x1,V-gate*x61,V-mypy*x1,V-pytest*x1,V-ruff*x1	none	no	0	NC-05	none
tools/check_choco_retry.py	yes	yes (per PR description)	mypy --strict, ruff, black, executed as a gate on the tree, its pytest file, negative controls, mutation (where measured)	NC-*x92,V-black*x1,V-gate*x61,V-mypy*x1,V-pytest*x1,V-ruff*x1	none	no	0	NC-06	none
tools/check_compiler_warnings.py	yes	yes (per PR description)	mypy --strict, ruff, black, executed as a gate on the tree, its pytest file, negative controls, mutation (where measured)	NC-*x92,V-black*x1,V-gate*x61,V-mypy*x1,V-pytest*x1,V-ruff*x1	none	no	0	NC-07	none
tools/check_corpus_originality.py	yes	yes (per PR description)	mypy --strict, ruff, black, executed as a gate on the tree, its pytest file, negative controls, mutation (where measured)	NC-*x92,V-black*x1,V-gate*x61,V-mypy*x1,V-pytest*x1,V-ruff*x1	none	no	0	NC-08	none
tools/check_ctypes_abi.py	yes	yes (per PR description)	mypy --strict, ruff, black, executed as a gate on the tree, its pytest file, negative controls, mutation (where measured)	NC-*x92,V-black*x1,V-gate*x61,V-mypy*x1,V-pytest*x1,V-ruff*x1	none	no	0	NC-09	none
tools/check_docker_pins.py	yes	yes (per PR description)	mypy --strict, ruff, black, executed as a gate on the tree, its pytest file, negative controls, mutation (where measured)	NC-*x92,V-black*x1,V-gate*x61,V-mypy*x1,V-pytest*x1,V-ruff*x1	none	no	0	NC-10	none
tools/check_documented_counts.py	yes	yes (per PR description)	mypy --strict, ruff, black, executed as a gate on the tree, its pytest file, negative controls, mutation (where measured)	NC-*x92,V-black*x1,V-gate*x61,V-mypy*x1,V-pytest*x1,V-ruff*x1	none	no	0	NC-11	none
tools/check_documented_extras.py	no	n/a (not in the PR diff)	mypy --strict, ruff, black, executed as a gate on the tree, its pytest file, negative controls, mutation (where measured)	NC-*x92,V-black*x1,V-gate*x61,V-mypy*x1,V-pytest*x1,V-ruff*x1	none	no	0	NC-12	none
tools/check_dudect_class_staging.py	yes	yes (per PR description)	mypy --strict, ruff, black, executed as a gate on the tree, its pytest file, negative controls, mutation (where measured)	NC-*x92,V-black*x1,V-gate*x61,V-mypy*x1,V-pytest*x1,V-ruff*x1	none	full	0	NC-47	none
tools/check_ed25519_backend_parity.py	yes	yes (per PR description)	mypy --strict, ruff, black, executed as a gate on the tree, its pytest file, negative controls, mutation (where measured)	NC-*x92,V-black*x1,V-gate*x61,V-mypy*x1,V-pytest*x1,V-ruff*x1	none	no	0	none	none
tools/check_error_state_gating.py	yes	yes (per PR description)	mypy --strict, ruff, black, executed as a gate on the tree, its pytest file, negative controls, mutation (where measured)	NC-*x92,V-black*x1,V-gate*x61,V-mypy*x1,V-pytest*x1,V-ruff*x1	none	no	0	NC-30	none
tools/check_export_allowlist.py	yes	yes (per PR description)	mypy --strict, ruff, black, executed as a gate on the tree, its pytest file, negative controls, mutation (where measured)	NC-*x92,V-black*x1,V-gate*x61,V-mypy*x1,V-pytest*x1,V-ruff*x1	none	no	0	NC-33	none
tools/check_fdopen_safety.py	no	n/a (not in the PR diff)	mypy --strict, ruff, black, executed as a gate on the tree, its pytest file, negative controls, mutation (where measured)	NC-*x92,V-black*x1,V-gate*x61,V-mypy*x1,V-pytest*x1,V-ruff*x1	none	no	0	NC-13	none
tools/check_fuzz_input_reachability.py	yes	yes (per PR description)	mypy --strict, ruff, black, executed as a gate on the tree, its pytest file, negative controls, mutation (where measured)	NC-*x92,V-black*x1,V-gate*x61,V-mypy*x1,V-pytest*x1,V-ruff*x1	none	no	0	none	none
tools/check_fuzz_target_registration.py	yes	yes (per PR description)	mypy --strict, ruff, black, executed as a gate on the tree, its pytest file, negative controls, mutation (where measured)	NC-*x92,V-black*x1,V-gate*x61,V-mypy*x1,V-pytest*x1,V-ruff*x1	none	no	0	NC-14	none
tools/check_gate_coverage.py	yes	yes (per PR description)	mypy --strict, ruff, black, executed as a gate on the tree, its pytest file, negative controls, mutation (where measured)	NC-*x92,V-black*x1,V-gate*x61,V-mypy*x1,V-pytest*x1,V-ruff*x1	none	no	0	NC-15	none
tools/check_ghash_constant_time.py	yes	yes (per PR description)	mypy --strict, ruff, black, executed as a gate on the tree, its pytest file, negative controls, mutation (where measured)	NC-*x92,V-black*x1,V-gate*x61,V-mypy*x1,V-pytest*x1,V-ruff*x1	none	no	0	none	none
tools/check_headers.py	yes	yes (per PR description)	mypy --strict, ruff, black, executed as a gate on the tree, its pytest file, negative controls, mutation (where measured)	NC-*x92,V-black*x1,V-gate*x61,V-mypy*x1,V-pytest*x1,V-ruff*x1	none	no	0	NC-16,NC-26	none
tools/check_keygen_pct.py	yes	yes (per PR description)	mypy --strict, ruff, black, executed as a gate on the tree, its pytest file, negative controls, mutation (where measured)	NC-*x92,V-black*x1,V-gate*x61,V-mypy*x1,V-pytest*x1,V-ruff*x1	none	full (hardened: FINDING-0003)	0	NC-17	FINDING-0003
tools/check_line_endings.py	no	n/a (not in the PR diff)	mypy --strict, ruff, black, executed as a gate on the tree, its pytest file, negative controls, mutation (where measured)	NC-*x92,V-black*x1,V-gate*x61,V-mypy*x1,V-pytest*x1,V-ruff*x1	none	no	0	NC-18	none
tools/check_log_message_encodability.py	yes	yes (per PR description)	mypy --strict, ruff, black, executed as a gate on the tree, its pytest file, negative controls, mutation (where measured)	NC-*x92,V-black*x1,V-gate*x61,V-mypy*x1,V-pytest*x1,V-ruff*x1	none	no	0	NC-19	none
tools/check_reference_integrity.py	yes	yes (per PR description)	mypy --strict, ruff, black, executed as a gate on the tree, its pytest file, negative controls, mutation (where measured)	NC-*x92,V-black*x1,V-gate*x61,V-mypy*x1,V-pytest*x1,V-ruff*x1	none	no	0	NC-20	none
tools/check_release_state.py	yes	yes (per PR description)	mypy --strict, ruff, black, executed as a gate on the tree, its pytest file, negative controls, mutation (where measured)	NC-*x92,V-black*x1,V-gate*x61,V-mypy*x1,V-pytest*x1,V-ruff*x1	none	no	0	NC-21	none
tools/check_release_tag.py	yes	yes (per PR description)	mypy --strict, ruff, black, executed as a gate on the tree, its pytest file, negative controls, mutation (where measured)	NC-*x92,V-black*x1,V-gate*x61,V-mypy*x1,V-pytest*x1,V-ruff*x1	none	no	0	NC-35,NC-35b	none
tools/check_secret_division.py	yes	yes (per PR description)	mypy --strict, ruff, black, executed as a gate on the tree, its pytest file, negative controls, mutation (where measured)	NC-*x92,V-black*x1,V-gate*x61,V-mypy*x1,V-pytest*x1,V-ruff*x1	none	no	0	NC-32	none
tools/check_secrets.py	yes	yes (per PR description)	mypy --strict, ruff, black, executed as a gate on the tree, its pytest file, negative controls, mutation (where measured)	NC-*x92,V-black*x1,V-gate*x61,V-mypy*x1,V-pytest*x1,V-ruff*x1	none	partial (allowlist, concatenation detector)	0	NC-22	none
tools/check_semgrep_severity.py	yes	yes (per PR description)	mypy --strict, ruff, black, executed as a gate on the tree, its pytest file, negative controls, mutation (where measured)	NC-*x92,V-black*x1,V-gate*x61,V-mypy*x1,V-pytest*x1,V-ruff*x1	none	no	0	NC-23	none
tools/check_stdlib_hash_boundary.py	yes	yes (per PR description)	mypy --strict, ruff, black, executed as a gate on the tree, its pytest file, negative controls, mutation (where measured)	NC-*x92,V-black*x1,V-gate*x61,V-mypy*x1,V-pytest*x1,V-ruff*x1	none	no	0	NC-24	none
tools/check_suppression_hygiene.py	yes	yes (per PR description)	mypy --strict, ruff, black, executed as a gate on the tree, its pytest file, negative controls, mutation (where measured)	NC-*x92,V-black*x1,V-gate*x61,V-mypy*x1,V-pytest*x1,V-ruff*x1	none	no	0	NC-25	none
tools/check_type_check_scope.py	yes	yes (per PR description)	mypy --strict, ruff, black, executed as a gate on the tree, its pytest file, negative controls, mutation (where measured)	NC-*x92,V-black*x1,V-gate*x61,V-mypy*x1,V-pytest*x1,V-ruff*x1	none	no	0	NC-26	none
tools/check_vector_provenance.py	yes	yes (per PR description)	mypy --strict, ruff, black, executed as a gate on the tree, its pytest file, negative controls, mutation (where measured)	NC-*x92,V-black*x1,V-gate*x61,V-mypy*x1,V-pytest*x1,V-ruff*x1	none	no	0	NC-27	none
tools/check_vendor_isolation.py	yes	yes (per PR description)	mypy --strict, ruff, black, executed as a gate on the tree, its pytest file, negative controls, mutation (where measured)	NC-*x92,V-black*x1,V-gate*x61,V-mypy*x1,V-pytest*x1,V-ruff*x1	none	no	0	NC-34	none
tools/check_verification_claim_honesty.py	yes	yes (per PR description)	mypy --strict, ruff, black, executed as a gate on the tree, its pytest file, negative controls, mutation (where measured)	NC-*x92,V-black*x1,V-gate*x61,V-mypy*x1,V-pytest*x1,V-ruff*x1	none	no	0	NC-46	none
tools/check_version_consistency.py	yes	yes (per PR description)	mypy --strict, ruff, black, executed as a gate on the tree, its pytest file, negative controls, mutation (where measured)	NC-*x92,V-black*x1,V-gate*x61,V-mypy*x1,V-pytest*x1,V-ruff*x1	none	no	0	NC-28	none
tools/check_workflow_commands.py	yes	yes (per PR description)	mypy --strict, ruff, black, executed as a gate on the tree, its pytest file, negative controls, mutation (where measured)	NC-*x92,V-black*x1,V-gate*x61,V-mypy*x1,V-pytest*x1,V-ruff*x1	none	partial (expression check: FINDING-0004)	0	NC-29,NC-29b,NC-29c	FINDING-0004,FINDING-0008
tools/constant_time/.gitignore	no	n/a (not in the PR diff)	the legacy dudect harness family: check_dudect_class_staging governs these files by name, and the dudect lanes run them	D-DUDECT*x5,V-gate*x61	none	no	0	none	none
tools/constant_time/Makefile	yes	yes (per PR description)	the legacy dudect harness family: check_dudect_class_staging governs these files by name, and the dudect lanes run them	D-DUDECT*x5,V-gate*x61	none	no	0	none	none
tools/constant_time/dudect_crypto.c	yes	yes (per PR description)	the legacy dudect harness family: check_dudect_class_staging governs these files by name, and the dudect lanes run them	D-DUDECT*x5,V-gate*x61	none	no	0	none	none
tools/constant_time/dudect_harness.c	yes	yes (per PR description)	the legacy dudect harness family: check_dudect_class_staging governs these files by name, and the dudect lanes run them	D-DUDECT*x5,V-gate*x61	none	no	0	none	none
tools/generate_dashboards.py	yes	yes (per PR description)	mypy --strict, ruff, black, executed as a gate on the tree, its pytest file, negative controls, mutation (where measured)	NC-*x92,V-black*x1,V-gate*x61,V-mypy*x1,V-pytest*x1,V-ruff*x1	none	no	0	none	none
tools/generate_sbom.py	yes	yes (per PR description)	mypy --strict, ruff, black, executed as a gate on the tree, its pytest file, negative controls, mutation (where measured)	NC-*x92,V-black*x1,V-gate*x61,V-mypy*x1,V-pytest*x1,V-ruff*x1	none	no	0	NC-43	none
tools/generate_visuals.py	yes	yes (per PR description)	mypy --strict, ruff, black, executed as a gate on the tree, its pytest file, negative controls, mutation (where measured)	NC-*x92,V-black*x1,V-gate*x61,V-mypy*x1,V-pytest*x1,V-ruff*x1	none	partial (manifest check)	0	NC-44	none
tools/http_fetch.py	yes	yes (per PR description)	mypy --strict, ruff, black, executed as a gate on the tree, its pytest file, negative controls, mutation (where measured)	NC-*x92,V-black*x1,V-gate*x61,V-mypy*x1,V-pytest*x1,V-ruff*x1	none	no	0	none	none
tools/monitoring/__init__.py	no	n/a (not in the PR diff)	mypy --strict, ruff, black, executed as a gate on the tree, its pytest file, negative controls, mutation (where measured)	NC-*x92,V-black*x1,V-gate*x61,V-mypy*x1,V-pytest*x1,V-ruff*x1	none	no	0	none	none
tools/monitoring/ama_cryptography_monitor_demo.py	yes	yes (per PR description)	mypy --strict, ruff, black, executed as a gate on the tree, its pytest file, negative controls, mutation (where measured)	NC-*x92,V-black*x1,V-gate*x61,V-mypy*x1,V-pytest*x1,V-ruff*x1	none	no	0	none	none
tools/refresh_wycheproof_corpus.py	yes	yes (per PR description)	mypy --strict, ruff, black, executed as a gate on the tree, its pytest file, negative controls, mutation (where measured)	NC-*x92,V-black*x1,V-gate*x61,V-mypy*x1,V-pytest*x1,V-ruff*x1	none	no	0	NC-42	none
tools/resign_wheel.py	yes	yes (per PR description)	mypy --strict, ruff, black, executed as a gate on the tree, its pytest file, negative controls, mutation (where measured)	NC-*x92,V-black*x1,V-gate*x61,V-mypy*x1,V-pytest*x1,V-ruff*x1	none	no	0	none	none
tools/run_dudect.sh	no	n/a (not in the PR diff)	shell entry points: header, line-ending and secrets gates; the workflow-command gate checks the steps that call them	V-gate*x61	none	no	0	none	none
tools/sanity_check.py	no	n/a (not in the PR diff)	mypy --strict, ruff, black, executed as a gate on the tree, its pytest file, negative controls, mutation (where measured)	NC-*x92,V-black*x1,V-gate*x61,V-mypy*x1,V-pytest*x1,V-ruff*x1	none	no	0	none	none
tools/test_oss_fuzz_build.sh	no	n/a (not in the PR diff)	shell entry points: header, line-ending and secrets gates; the workflow-command gate checks the steps that call them	V-gate*x61	none	no	0	none	none
tools/update_docs.py	yes	yes (per PR description)	mypy --strict, ruff, black, executed as a gate on the tree, its pytest file, negative controls, mutation (where measured)	NC-*x92,V-black*x1,V-gate*x61,V-mypy*x1,V-pytest*x1,V-ruff*x1	none	partial (LoC recount)	0	none	none
tools/verify_install_oob.py	yes	yes (per PR description)	mypy --strict, ruff, black, executed as a gate on the tree, its pytest file, negative controls, mutation (where measured)	NC-*x92,V-black*x1,V-gate*x61,V-mypy*x1,V-pytest*x1,V-ruff*x1	none	no	0	none	none
tools/wheel_smoke_test.py	yes	yes (per PR description)	mypy --strict, ruff, black, executed as a gate on the tree, its pytest file, negative controls, mutation (where measured)	NC-*x92,V-black*x1,V-gate*x61,V-mypy*x1,V-pytest*x1,V-ruff*x1	none	no	0	none	none
verification/v5-audit/README.md	yes	yes (per PR description)	documentation gates (reference integrity, documented counts, source paths, release state, headers) and Phase B claim reproductions	V-black*x1,V-gate*x61,V-mypy*x1,V-pytest*x1,V-ruff*x1	none	no	0	none	none
verification/v5-audit/changed-files-status.txt	yes	yes (per PR description)	mypy --strict, ruff, black; the benchmark baseline files are read by the baseline-justification gate (NC-36)	V-black*x1,V-gate*x61,V-mypy*x1,V-pytest*x1,V-ruff*x1	none	no	0	none	none
verification/v5-audit/changed-files.txt	yes	yes (per PR description)	mypy --strict, ruff, black; the benchmark baseline files are read by the baseline-justification gate (NC-36)	V-black*x1,V-gate*x61,V-mypy*x1,V-pytest*x1,V-ruff*x1	none	no	0	none	none
verification/v5-audit/check_diff.sh	yes	yes (per PR description)	shell entry points: header, line-ending and secrets gates; the workflow-command gate checks the steps that call them	V-black*x1,V-gate*x61,V-mypy*x1,V-pytest*x1,V-ruff*x1	none	no	0	none	none
verification/v5-audit/check_egress.sh	yes	yes (per PR description)	shell entry points: header, line-ending and secrets gates; the workflow-command gate checks the steps that call them	V-black*x1,V-gate*x61,V-mypy*x1,V-pytest*x1,V-ruff*x1	none	no	0	none	none
verification/v5-audit/check_item1_signatures.sh	yes	yes (per PR description)	shell entry points: header, line-ending and secrets gates; the workflow-command gate checks the steps that call them	V-black*x1,V-gate*x61,V-mypy*x1,V-pytest*x1,V-ruff*x1	none	no	0	none	none
verification/v5-audit/check_item9_secrets.sh	yes	yes (per PR description)	shell entry points: header, line-ending and secrets gates; the workflow-command gate checks the steps that call them	V-black*x1,V-gate*x61,V-mypy*x1,V-pytest*x1,V-ruff*x1	none	no	0	none	none
verification/v5-audit/check_silicon.sh	yes	yes (per PR description)	shell entry points: header, line-ending and secrets gates; the workflow-command gate checks the steps that call them	V-black*x1,V-gate*x61,V-mypy*x1,V-pytest*x1,V-ruff*x1	none	no	0	none	none
verification/v5-audit/diff_fuzz.py	yes	yes (per PR description)	mypy --strict, ruff, black; the benchmark baseline files are read by the baseline-justification gate (NC-36)	V-black*x1,V-gate*x61,V-mypy*x1,V-pytest*x1,V-ruff*x1	none	no	0	NC-26	none
verification/v5-audit/dismissals.csv	yes	yes (per PR description)	mypy --strict, ruff, black; the benchmark baseline files are read by the baseline-justification gate (NC-36)	V-black*x1,V-gate*x61,V-mypy*x1,V-pytest*x1,V-ruff*x1	none	no	0	none	none
verification/v5-audit/fuzz_soak.sh	yes	yes (per PR description)	shell entry points: header, line-ending and secrets gates; the workflow-command gate checks the steps that call them	V-black*x1,V-gate*x61,V-mypy*x1,V-pytest*x1,V-ruff*x1	none	no	0	none	none
verification/v5-audit/inventory-binary.tsv	yes	yes (per PR description)	mypy --strict, ruff, black; the benchmark baseline files are read by the baseline-justification gate (NC-36)	V-black*x1,V-gate*x61,V-mypy*x1,V-pytest*x1,V-ruff*x1	none	no	0	none	none
verification/v5-audit/inventory-text.json	yes	yes (per PR description)	mypy --strict, ruff, black; the benchmark baseline files are read by the baseline-justification gate (NC-36)	V-black*x1,V-gate*x61,V-mypy*x1,V-pytest*x1,V-ruff*x1	none	no	0	none	none
verification/v5-audit/item18/nc_seeded_race.c	yes	yes (per PR description)	mypy --strict, ruff, black; the benchmark baseline files are read by the baseline-justification gate (NC-36)	V-black*x1,V-gate*x61,V-mypy*x1,V-pytest*x1,V-ruff*x1	none	no	0	none	none
verification/v5-audit/item18/nc_seeded_race_small.c	yes	yes (per PR description)	mypy --strict, ruff, black; the benchmark baseline files are read by the baseline-justification gate (NC-36)	V-black*x1,V-gate*x61,V-mypy*x1,V-pytest*x1,V-ruff*x1	none	no	0	none	none
verification/v5-audit/item18/run_item18.sh	yes	yes (per PR description)	shell entry points: header, line-ending and secrets gates; the workflow-command gate checks the steps that call them	V-black*x1,V-gate*x61,V-mypy*x1,V-pytest*x1,V-ruff*x1	none	no	0	none	none
verification/v5-audit/item18/thread_stress.c	yes	yes (per PR description)	mypy --strict, ruff, black; the benchmark baseline files are read by the baseline-justification gate (NC-36)	V-black*x1,V-gate*x61,V-mypy*x1,V-pytest*x1,V-ruff*x1	none	no	0	none	none
verification/v5-audit/ledger.csv	yes	yes (per PR description)	mypy --strict, ruff, black; the benchmark baseline files are read by the baseline-justification gate (NC-36)	V-black*x1,V-gate*x61,V-mypy*x1,V-pytest*x1,V-ruff*x1	none	no	0	none	none
verification/v5-audit/logs/baseline-pytest-full.log	yes	yes (per PR description)	mypy --strict, ruff, black; the benchmark baseline files are read by the baseline-justification gate (NC-36)	V-black*x1,V-gate*x61,V-mypy*x1,V-pytest*x1,V-ruff*x1	none	no	0	none	none
verification/v5-audit/logs/baseline-pytest.log	yes	yes (per PR description)	mypy --strict, ruff, black; the benchmark baseline files are read by the baseline-justification gate (NC-36)	V-black*x1,V-gate*x61,V-mypy*x1,V-pytest*x1,V-ruff*x1	none	no	0	none	none
verification/v5-audit/logs/finding-check-headers-apply-corruption.log	yes	yes (per PR description)	mypy --strict, ruff, black; the benchmark baseline files are read by the baseline-justification gate (NC-36)	V-black*x1,V-gate*x61,V-mypy*x1,V-pytest*x1,V-ruff*x1	none	no	0	none	none
verification/v5-audit/logs/fullsuite-final.log	yes	yes (per PR description)	mypy --strict, ruff, black; the benchmark baseline files are read by the baseline-justification gate (NC-36)	V-black*x1,V-gate*x61,V-mypy*x1,V-pytest*x1,V-ruff*x1	none	no	0	none	none
verification/v5-audit/logs/fullsuite-phase0gaps-v2.log	yes	yes (per PR description)	mypy --strict, ruff, black; the benchmark baseline files are read by the baseline-justification gate (NC-36)	V-black*x1,V-gate*x61,V-mypy*x1,V-pytest*x1,V-ruff*x1	none	no	0	none	none
verification/v5-audit/logs/fullsuite-phase0gaps.log	yes	yes (per PR description)	mypy --strict, ruff, black; the benchmark baseline files are read by the baseline-justification gate (NC-36)	V-black*x1,V-gate*x61,V-mypy*x1,V-pytest*x1,V-ruff*x1	none	no	0	none	none
verification/v5-audit/logs/fullsuite-postmerge.log	yes	yes (per PR description)	mypy --strict, ruff, black; the benchmark baseline files are read by the baseline-justification gate (NC-36)	V-black*x1,V-gate*x61,V-mypy*x1,V-pytest*x1,V-ruff*x1	none	no	0	none	none
verification/v5-audit/logs/item1-clean.log	yes	yes (per PR description)	mypy --strict, ruff, black; the benchmark baseline files are read by the baseline-justification gate (NC-36)	V-black*x1,V-gate*x61,V-mypy*x1,V-pytest*x1,V-ruff*x1	none	no	0	none	none
verification/v5-audit/logs/item1-negative-control.log	yes	yes (per PR description)	mypy --strict, ruff, black; the benchmark baseline files are read by the baseline-justification gate (NC-36)	V-black*x1,V-gate*x61,V-mypy*x1,V-pytest*x1,V-ruff*x1	none	no	0	none	none
verification/v5-audit/logs/item10-fixed-v2.log	yes	yes (per PR description)	mypy --strict, ruff, black; the benchmark baseline files are read by the baseline-justification gate (NC-36)	V-black*x1,V-gate*x61,V-mypy*x1,V-pytest*x1,V-ruff*x1	none	no	0	none	none
verification/v5-audit/logs/item10-fixed.log	yes	yes (per PR description)	mypy --strict, ruff, black; the benchmark baseline files are read by the baseline-justification gate (NC-36)	V-black*x1,V-gate*x61,V-mypy*x1,V-pytest*x1,V-ruff*x1	none	no	0	none	none
verification/v5-audit/logs/item10-negative-control-v2.log	yes	yes (per PR description)	mypy --strict, ruff, black; the benchmark baseline files are read by the baseline-justification gate (NC-36)	V-black*x1,V-gate*x61,V-mypy*x1,V-pytest*x1,V-ruff*x1	none	no	0	none	none
verification/v5-audit/logs/item10-negative-control-v3.log	yes	yes (per PR description)	mypy --strict, ruff, black; the benchmark baseline files are read by the baseline-justification gate (NC-36)	V-black*x1,V-gate*x61,V-mypy*x1,V-pytest*x1,V-ruff*x1	none	no	0	none	none
verification/v5-audit/logs/item10-negative-control.log	yes	yes (per PR description)	mypy --strict, ruff, black; the benchmark baseline files are read by the baseline-justification gate (NC-36)	V-black*x1,V-gate*x61,V-mypy*x1,V-pytest*x1,V-ruff*x1	none	no	0	none	none
verification/v5-audit/logs/item11-fuzz_dilithium.log	yes	yes (per PR description)	mypy --strict, ruff, black; the benchmark baseline files are read by the baseline-justification gate (NC-36)	V-black*x1,V-gate*x61,V-mypy*x1,V-pytest*x1,V-ruff*x1	none	no	0	none	none
verification/v5-audit/logs/item11-fuzz_kyber.log	yes	yes (per PR description)	mypy --strict, ruff, black; the benchmark baseline files are read by the baseline-justification gate (NC-36)	V-black*x1,V-gate*x61,V-mypy*x1,V-pytest*x1,V-ruff*x1	none	no	0	none	none
verification/v5-audit/logs/item11-negative-control-v3.log	yes	yes (per PR description)	mypy --strict, ruff, black; the benchmark baseline files are read by the baseline-justification gate (NC-36)	V-black*x1,V-gate*x61,V-mypy*x1,V-pytest*x1,V-ruff*x1	none	no	0	none	none
verification/v5-audit/logs/item11-negative-control.log	yes	yes (per PR description)	mypy --strict, ruff, black; the benchmark baseline files are read by the baseline-justification gate (NC-36)	V-black*x1,V-gate*x61,V-mypy*x1,V-pytest*x1,V-ruff*x1	none	no	0	none	none
verification/v5-audit/logs/item15-pinning-tests.log	yes	yes (per PR description)	mypy --strict, ruff, black; the benchmark baseline files are read by the baseline-justification gate (NC-36)	V-black*x1,V-gate*x61,V-mypy*x1,V-pytest*x1,V-ruff*x1	none	no	0	none	none
verification/v5-audit/logs/item18-negative-control.log	yes	yes (per PR description)	mypy --strict, ruff, black; the benchmark baseline files are read by the baseline-justification gate (NC-36)	V-black*x1,V-gate*x61,V-mypy*x1,V-pytest*x1,V-ruff*x1	none	no	0	none	none
verification/v5-audit/logs/item21-scorecard-analysis.md	yes	yes (per PR description)	documentation gates (reference integrity, documented counts, source paths, release state, headers) and Phase B claim reproductions	V-black*x1,V-gate*x61,V-mypy*x1,V-pytest*x1,V-ruff*x1	none	no	0	none	none
verification/v5-audit/logs/item21-scorecard-local.json	yes	yes (per PR description)	mypy --strict, ruff, black; the benchmark baseline files are read by the baseline-justification gate (NC-36)	V-black*x1,V-gate*x61,V-mypy*x1,V-pytest*x1,V-ruff*x1	none	no	0	none	none
verification/v5-audit/logs/item4-tamper-drill.log	yes	yes (per PR description)	mypy --strict, ruff, black; the benchmark baseline files are read by the baseline-justification gate (NC-36)	V-black*x1,V-gate*x61,V-mypy*x1,V-pytest*x1,V-ruff*x1	none	no	0	none	none
verification/v5-audit/logs/item6-negative-control.log	yes	yes (per PR description)	mypy --strict, ruff, black; the benchmark baseline files are read by the baseline-justification gate (NC-36)	V-black*x1,V-gate*x61,V-mypy*x1,V-pytest*x1,V-ruff*x1	none	no	0	none	none
verification/v5-audit/logs/item6-valgrind-summary.log	yes	yes (per PR description)	mypy --strict, ruff, black; the benchmark baseline files are read by the baseline-justification gate (NC-36)	V-black*x1,V-gate*x61,V-mypy*x1,V-pytest*x1,V-ruff*x1	none	no	0	none	none
verification/v5-audit/logs/item6-valgrind/test_aes_bitsliced.log	yes	yes (per PR description)	mypy --strict, ruff, black; the benchmark baseline files are read by the baseline-justification gate (NC-36)	V-black*x1,V-gate*x61,V-mypy*x1,V-pytest*x1,V-ruff*x1	none	no	0	none	none
verification/v5-audit/logs/item6-valgrind/test_aes_gcm_backend_introspect.log	yes	yes (per PR description)	mypy --strict, ruff, black; the benchmark baseline files are read by the baseline-justification gate (NC-36)	V-black*x1,V-gate*x61,V-mypy*x1,V-pytest*x1,V-ruff*x1	none	no	0	none	none
verification/v5-audit/logs/item6-valgrind/test_aes_gcm_neon_equiv.log	yes	yes (per PR description)	mypy --strict, ruff, black; the benchmark baseline files are read by the baseline-justification gate (NC-36)	V-black*x1,V-gate*x61,V-mypy*x1,V-pytest*x1,V-ruff*x1	none	no	0	none	none
verification/v5-audit/logs/item6-valgrind/test_aes_gcm_scalar_kat.log	yes	yes (per PR description)	mypy --strict, ruff, black; the benchmark baseline files are read by the baseline-justification gate (NC-36)	V-black*x1,V-gate*x61,V-mypy*x1,V-pytest*x1,V-ruff*x1	none	no	0	none	none
verification/v5-audit/logs/item6-valgrind/test_aes_gcm_vaes_equiv.log	yes	yes (per PR description)	mypy --strict, ruff, black; the benchmark baseline files are read by the baseline-justification gate (NC-36)	V-black*x1,V-gate*x61,V-mypy*x1,V-pytest*x1,V-ruff*x1	none	no	0	none	none
verification/v5-audit/logs/item6-valgrind/test_agent_binding.log	yes	yes (per PR description)	mypy --strict, ruff, black; the benchmark baseline files are read by the baseline-justification gate (NC-36)	V-black*x1,V-gate*x61,V-mypy*x1,V-pytest*x1,V-ruff*x1	none	no	0	none	none
verification/v5-audit/logs/item6-valgrind/test_argon2_g_avx2_equiv.log	yes	yes (per PR description)	mypy --strict, ruff, black; the benchmark baseline files are read by the baseline-justification gate (NC-36)	V-black*x1,V-gate*x61,V-mypy*x1,V-pytest*x1,V-ruff*x1	none	no	0	none	none
verification/v5-audit/logs/item6-valgrind/test_argon2_g_neon_equiv.log	yes	yes (per PR description)	mypy --strict, ruff, black; the benchmark baseline files are read by the baseline-justification gate (NC-36)	V-black*x1,V-gate*x61,V-mypy*x1,V-pytest*x1,V-ruff*x1	none	no	0	none	none
verification/v5-audit/logs/item6-valgrind/test_argon2id.log	yes	yes (per PR description)	mypy --strict, ruff, black; the benchmark baseline files are read by the baseline-justification gate (NC-36)	V-black*x1,V-gate*x61,V-mypy*x1,V-pytest*x1,V-ruff*x1	none	no	0	none	none
verification/v5-audit/logs/item6-valgrind/test_ascon.log	yes	yes (per PR description)	mypy --strict, ruff, black; the benchmark baseline files are read by the baseline-justification gate (NC-36)	V-black*x1,V-gate*x61,V-mypy*x1,V-pytest*x1,V-ruff*x1	none	no	0	none	none
verification/v5-audit/logs/item6-valgrind/test_chacha20_x8_avx2_equiv.log	yes	yes (per PR description)	mypy --strict, ruff, black; the benchmark baseline files are read by the baseline-justification gate (NC-36)	V-black*x1,V-gate*x61,V-mypy*x1,V-pytest*x1,V-ruff*x1	none	no	0	none	none
verification/v5-audit/logs/item6-valgrind/test_chacha20_x8_neon_equiv.log	yes	yes (per PR description)	mypy --strict, ruff, black; the benchmark baseline files are read by the baseline-justification gate (NC-36)	V-black*x1,V-gate*x61,V-mypy*x1,V-pytest*x1,V-ruff*x1	none	no	0	none	none
verification/v5-audit/logs/item6-valgrind/test_chacha20poly1305.log	yes	yes (per PR description)	mypy --strict, ruff, black; the benchmark baseline files are read by the baseline-justification gate (NC-36)	V-black*x1,V-gate*x61,V-mypy*x1,V-pytest*x1,V-ruff*x1	none	no	0	none	none
verification/v5-audit/logs/item6-valgrind/test_concurrent_init.log	yes	yes (per PR description)	mypy --strict, ruff, black; the benchmark baseline files are read by the baseline-justification gate (NC-36)	V-black*x1,V-gate*x61,V-mypy*x1,V-pytest*x1,V-ruff*x1	none	no	0	none	none
verification/v5-audit/logs/item6-valgrind/test_consttime.log	yes	yes (per PR description)	mypy --strict, ruff, black; the benchmark baseline files are read by the baseline-justification gate (NC-36)	V-black*x1,V-gate*x61,V-mypy*x1,V-pytest*x1,V-ruff*x1	none	no	0	none	none
verification/v5-audit/logs/item6-valgrind/test_core.log	yes	yes (per PR description)	mypy --strict, ruff, black; the benchmark baseline files are read by the baseline-justification gate (NC-36)	V-black*x1,V-gate*x61,V-mypy*x1,V-pytest*x1,V-ruff*x1	none	no	0	none	none
verification/v5-audit/logs/item6-valgrind/test_dilithium_invntt_bound.log	yes	yes (per PR description)	mypy --strict, ruff, black; the benchmark baseline files are read by the baseline-justification gate (NC-36)	V-black*x1,V-gate*x61,V-mypy*x1,V-pytest*x1,V-ruff*x1	none	no	0	none	none
verification/v5-audit/logs/item6-valgrind/test_dilithium_ntt_bench.log	yes	yes (per PR description)	mypy --strict, ruff, black; the benchmark baseline files are read by the baseline-justification gate (NC-36)	V-black*x1,V-gate*x61,V-mypy*x1,V-pytest*x1,V-ruff*x1	none	no	0	none	none
verification/v5-audit/logs/item6-valgrind/test_dilithium_ntt_equiv.log	yes	yes (per PR description)	mypy --strict, ruff, black; the benchmark baseline files are read by the baseline-justification gate (NC-36)	V-black*x1,V-gate*x61,V-mypy*x1,V-pytest*x1,V-ruff*x1	none	no	0	none	none
verification/v5-audit/logs/item6-valgrind/test_dilithium_rej_equiv.log	yes	yes (per PR description)	mypy --strict, ruff, black; the benchmark baseline files are read by the baseline-justification gate (NC-36)	V-black*x1,V-gate*x61,V-mypy*x1,V-pytest*x1,V-ruff*x1	none	no	0	none	none
verification/v5-audit/logs/item6-valgrind/test_dispatch_cache_file.log	yes	yes (per PR description)	mypy --strict, ruff, black; the benchmark baseline files are read by the baseline-justification gate (NC-36)	V-black*x1,V-gate*x61,V-mypy*x1,V-pytest*x1,V-ruff*x1	none	no	0	none	none
verification/v5-audit/logs/item6-valgrind/test_dispatch_only_aes-gcm-neon.log	yes	yes (per PR description)	mypy --strict, ruff, black; the benchmark baseline files are read by the baseline-justification gate (NC-36)	V-black*x1,V-gate*x61,V-mypy*x1,V-pytest*x1,V-ruff*x1	none	no	0	none	none
verification/v5-audit/logs/item6-valgrind/test_dispatch_only_argon2-g-avx2.log	yes	yes (per PR description)	mypy --strict, ruff, black; the benchmark baseline files are read by the baseline-justification gate (NC-36)	V-black*x1,V-gate*x61,V-mypy*x1,V-pytest*x1,V-ruff*x1	none	no	0	none	none
verification/v5-audit/logs/item6-valgrind/test_dispatch_only_argon2-g-neon.log	yes	yes (per PR description)	mypy --strict, ruff, black; the benchmark baseline files are read by the baseline-justification gate (NC-36)	V-black*x1,V-gate*x61,V-mypy*x1,V-pytest*x1,V-ruff*x1	none	no	0	none	none
verification/v5-audit/logs/item6-valgrind/test_dispatch_only_chacha20-avx2x8.log	yes	yes (per PR description)	mypy --strict, ruff, black; the benchmark baseline files are read by the baseline-justification gate (NC-36)	V-black*x1,V-gate*x61,V-mypy*x1,V-pytest*x1,V-ruff*x1	none	no	0	none	none
verification/v5-audit/logs/item6-valgrind/test_dispatch_only_chacha20-neon.log	yes	yes (per PR description)	mypy --strict, ruff, black; the benchmark baseline files are read by the baseline-justification gate (NC-36)	V-black*x1,V-gate*x61,V-mypy*x1,V-pytest*x1,V-ruff*x1	none	no	0	none	none
verification/v5-audit/logs/item6-valgrind/test_dispatch_only_dilithium-ntt-avx2.log	yes	yes (per PR description)	mypy --strict, ruff, black; the benchmark baseline files are read by the baseline-justification gate (NC-36)	V-black*x1,V-gate*x61,V-mypy*x1,V-pytest*x1,V-ruff*x1	none	no	0	none	none
verification/v5-audit/logs/item6-valgrind/test_dispatch_only_dilithium-ntt-neon.log	yes	yes (per PR description)	mypy --strict, ruff, black; the benchmark baseline files are read by the baseline-justification gate (NC-36)	V-black*x1,V-gate*x61,V-mypy*x1,V-pytest*x1,V-ruff*x1	none	no	0	none	none
verification/v5-audit/logs/item6-valgrind/test_dispatch_only_kyber-ntt-avx2.log	yes	yes (per PR description)	mypy --strict, ruff, black; the benchmark baseline files are read by the baseline-justification gate (NC-36)	V-black*x1,V-gate*x61,V-mypy*x1,V-pytest*x1,V-ruff*x1	none	no	0	none	none
verification/v5-audit/logs/item6-valgrind/test_dispatch_only_kyber-ntt-neon.log	yes	yes (per PR description)	mypy --strict, ruff, black; the benchmark baseline files are read by the baseline-justification gate (NC-36)	V-black*x1,V-gate*x61,V-mypy*x1,V-pytest*x1,V-ruff*x1	none	no	0	none	none
verification/v5-audit/logs/item6-valgrind/test_dispatch_only_kyber-sve2.log	yes	yes (per PR description)	mypy --strict, ruff, black; the benchmark baseline files are read by the baseline-justification gate (NC-36)	V-black*x1,V-gate*x61,V-mypy*x1,V-pytest*x1,V-ruff*x1	none	no	0	none	none
verification/v5-audit/logs/item6-valgrind/test_dispatch_only_sha3-avx512x4.log	yes	yes (per PR description)	mypy --strict, ruff, black; the benchmark baseline files are read by the baseline-justification gate (NC-36)	V-black*x1,V-gate*x61,V-mypy*x1,V-pytest*x1,V-ruff*x1	none	no	0	none	none
verification/v5-audit/logs/item6-valgrind/test_dispatch_only_sha3-neon.log	yes	yes (per PR description)	mypy --strict, ruff, black; the benchmark baseline files are read by the baseline-justification gate (NC-36)	V-black*x1,V-gate*x61,V-mypy*x1,V-pytest*x1,V-ruff*x1	none	no	0	none	none
verification/v5-audit/logs/item6-valgrind/test_dispatch_only_sha3-sve2.log	yes	yes (per PR description)	mypy --strict, ruff, black; the benchmark baseline files are read by the baseline-justification gate (NC-36)	V-black*x1,V-gate*x61,V-mypy*x1,V-pytest*x1,V-ruff*x1	none	no	0	none	none
verification/v5-audit/logs/item6-valgrind/test_dispatch_only_x25519-avx2.log	yes	yes (per PR description)	mypy --strict, ruff, black; the benchmark baseline files are read by the baseline-justification gate (NC-36)	V-black*x1,V-gate*x61,V-mypy*x1,V-pytest*x1,V-ruff*x1	none	no	0	none	none
verification/v5-audit/logs/item6-valgrind/test_dudect_verdict.log	yes	yes (per PR description)	mypy --strict, ruff, black; the benchmark baseline files are read by the baseline-justification gate (NC-36)	V-black*x1,V-gate*x61,V-mypy*x1,V-pytest*x1,V-ruff*x1	none	no	0	none	none
verification/v5-audit/logs/item6-valgrind/test_ed25519.log	yes	yes (per PR description)	mypy --strict, ruff, black; the benchmark baseline files are read by the baseline-justification gate (NC-36)	V-black*x1,V-gate*x61,V-mypy*x1,V-pytest*x1,V-ruff*x1	none	no	0	none	none
verification/v5-audit/logs/item6-valgrind/test_ed25519_canonical_r.log	yes	yes (per PR description)	mypy --strict, ruff, black; the benchmark baseline files are read by the baseline-justification gate (NC-36)	V-black*x1,V-gate*x61,V-mypy*x1,V-pytest*x1,V-ruff*x1	none	no	0	none	none
verification/v5-audit/logs/item6-valgrind/test_ed25519_canonical_s.log	yes	yes (per PR description)	mypy --strict, ruff, black; the benchmark baseline files are read by the baseline-justification gate (NC-36)	V-black*x1,V-gate*x61,V-mypy*x1,V-pytest*x1,V-ruff*x1	none	no	0	none	none
verification/v5-audit/logs/item6-valgrind/test_ed25519_scalarmult_contract.log	yes	yes (per PR description)	mypy --strict, ruff, black; the benchmark baseline files are read by the baseline-justification gate (NC-36)	V-black*x1,V-gate*x61,V-mypy*x1,V-pytest*x1,V-ruff*x1	none	no	0	none	none
verification/v5-audit/logs/item6-valgrind/test_ed25519_unaligned_input.log	yes	yes (per PR description)	mypy --strict, ruff, black; the benchmark baseline files are read by the baseline-justification gate (NC-36)	V-black*x1,V-gate*x61,V-mypy*x1,V-pytest*x1,V-ruff*x1	none	no	0	none	none
verification/v5-audit/logs/item6-valgrind/test_field_bench.log	yes	yes (per PR description)	mypy --strict, ruff, black; the benchmark baseline files are read by the baseline-justification gate (NC-36)	V-black*x1,V-gate*x61,V-mypy*x1,V-pytest*x1,V-ruff*x1	none	no	0	none	none
verification/v5-audit/logs/item6-valgrind/test_frost.log	yes	yes (per PR description)	mypy --strict, ruff, black; the benchmark baseline files are read by the baseline-justification gate (NC-36)	V-black*x1,V-gate*x61,V-mypy*x1,V-pytest*x1,V-ruff*x1	none	no	0	none	none
verification/v5-audit/logs/item6-valgrind/test_hkdf.log	yes	yes (per PR description)	mypy --strict, ruff, black; the benchmark baseline files are read by the baseline-justification gate (NC-36)	V-black*x1,V-gate*x61,V-mypy*x1,V-pytest*x1,V-ruff*x1	none	no	0	none	none
verification/v5-audit/logs/item6-valgrind/test_kat.log	yes	yes (per PR description)	mypy --strict, ruff, black; the benchmark baseline files are read by the baseline-justification gate (NC-36)	V-black*x1,V-gate*x61,V-mypy*x1,V-pytest*x1,V-ruff*x1	none	no	0	none	none
verification/v5-audit/logs/item6-valgrind/test_keccak_bmi_equiv.log	yes	yes (per PR description)	mypy --strict, ruff, black; the benchmark baseline files are read by the baseline-justification gate (NC-36)	V-black*x1,V-gate*x61,V-mypy*x1,V-pytest*x1,V-ruff*x1	none	no	0	none	none
verification/v5-audit/logs/item6-valgrind/test_keccak_equiv.log	yes	yes (per PR description)	mypy --strict, ruff, black; the benchmark baseline files are read by the baseline-justification gate (NC-36)	V-black*x1,V-gate*x61,V-mypy*x1,V-pytest*x1,V-ruff*x1	none	no	0	none	none
verification/v5-audit/logs/item6-valgrind/test_kyber_cbd2_equiv.log	yes	yes (per PR description)	mypy --strict, ruff, black; the benchmark baseline files are read by the baseline-justification gate (NC-36)	V-black*x1,V-gate*x61,V-mypy*x1,V-pytest*x1,V-ruff*x1	none	no	0	none	none
verification/v5-audit/logs/item6-valgrind/test_kyber_compress.log	yes	yes (per PR description)	mypy --strict, ruff, black; the benchmark baseline files are read by the baseline-justification gate (NC-36)	V-black*x1,V-gate*x61,V-mypy*x1,V-pytest*x1,V-ruff*x1	none	no	0	none	none
verification/v5-audit/logs/item6-valgrind/test_kyber_cpa.log	yes	yes (per PR description)	mypy --strict, ruff, black; the benchmark baseline files are read by the baseline-justification gate (NC-36)	V-black*x1,V-gate*x61,V-mypy*x1,V-pytest*x1,V-ruff*x1	none	no	0	none	none
verification/v5-audit/logs/item6-valgrind/test_kyber_debug.log	yes	yes (per PR description)	mypy --strict, ruff, black; the benchmark baseline files are read by the baseline-justification gate (NC-36)	V-black*x1,V-gate*x61,V-mypy*x1,V-pytest*x1,V-ruff*x1	none	no	0	none	none
verification/v5-audit/logs/item6-valgrind/test_kyber_ntt_equiv.log	yes	yes (per PR description)	mypy --strict, ruff, black; the benchmark baseline files are read by the baseline-justification gate (NC-36)	V-black*x1,V-gate*x61,V-mypy*x1,V-pytest*x1,V-ruff*x1	none	no	0	none	none
verification/v5-audit/logs/item6-valgrind/test_kyber_poly_equiv.log	yes	yes (per PR description)	mypy --strict, ruff, black; the benchmark baseline files are read by the baseline-justification gate (NC-36)	V-black*x1,V-gate*x61,V-mypy*x1,V-pytest*x1,V-ruff*x1	none	no	0	none	none
verification/v5-audit/logs/item6-valgrind/test_kyber_sample_ntt.log	yes	yes (per PR description)	mypy --strict, ruff, black; the benchmark baseline files are read by the baseline-justification gate (NC-36)	V-black*x1,V-gate*x61,V-mypy*x1,V-pytest*x1,V-ruff*x1	none	no	0	none	none
verification/v5-audit/logs/item6-valgrind/test_lms.log	yes	yes (per PR description)	mypy --strict, ruff, black; the benchmark baseline files are read by the baseline-justification gate (NC-36)	V-black*x1,V-gate*x61,V-mypy*x1,V-pytest*x1,V-ruff*x1	none	no	0	none	none
verification/v5-audit/logs/item6-valgrind/test_nistp.log	yes	yes (per PR description)	mypy --strict, ruff, black; the benchmark baseline files are read by the baseline-justification gate (NC-36)	V-black*x1,V-gate*x61,V-mypy*x1,V-pytest*x1,V-ruff*x1	none	no	0	none	none
verification/v5-audit/logs/item6-valgrind/test_nistp_mont_mulx_equiv.log	yes	yes (per PR description)	mypy --strict, ruff, black; the benchmark baseline files are read by the baseline-justification gate (NC-36)	V-black*x1,V-gate*x61,V-mypy*x1,V-pytest*x1,V-ruff*x1	none	no	0	none	none
verification/v5-audit/logs/item6-valgrind/test_platform_rand_generic.log	yes	yes (per PR description)	mypy --strict, ruff, black; the benchmark baseline files are read by the baseline-justification gate (NC-36)	V-black*x1,V-gate*x61,V-mypy*x1,V-pytest*x1,V-ruff*x1	none	no	0	none	none
verification/v5-audit/logs/item6-valgrind/test_pq_parser_stack.log	yes	yes (per PR description)	mypy --strict, ruff, black; the benchmark baseline files are read by the baseline-justification gate (NC-36)	V-black*x1,V-gate*x61,V-mypy*x1,V-pytest*x1,V-ruff*x1	none	no	0	none	none
verification/v5-audit/logs/item6-valgrind/test_pq_privkey_check_determinism.log	yes	yes (per PR description)	mypy --strict, ruff, black; the benchmark baseline files are read by the baseline-justification gate (NC-36)	V-black*x1,V-gate*x61,V-mypy*x1,V-pytest*x1,V-ruff*x1	none	no	0	none	none
verification/v5-audit/logs/item6-valgrind/test_secp256k1.log	yes	yes (per PR description)	mypy --strict, ruff, black; the benchmark baseline files are read by the baseline-justification gate (NC-36)	V-black*x1,V-gate*x61,V-mypy*x1,V-pytest*x1,V-ruff*x1	none	no	0	none	none
verification/v5-audit/logs/item6-valgrind/test_secure_free_scrub.log	yes	yes (per PR description)	mypy --strict, ruff, black; the benchmark baseline files are read by the baseline-justification gate (NC-36)	V-black*x1,V-gate*x61,V-mypy*x1,V-pytest*x1,V-ruff*x1	none	no	0	none	none
verification/v5-audit/logs/item6-valgrind/test_secure_memory_dontdump.log	yes	yes (per PR description)	mypy --strict, ruff, black; the benchmark baseline files are read by the baseline-justification gate (NC-36)	V-black*x1,V-gate*x61,V-mypy*x1,V-pytest*x1,V-ruff*x1	none	no	0	none	none
verification/v5-audit/logs/item6-valgrind/test_sha256_dispatch_equiv.log	yes	yes (per PR description)	mypy --strict, ruff, black; the benchmark baseline files are read by the baseline-justification gate (NC-36)	V-black*x1,V-gate*x61,V-mypy*x1,V-pytest*x1,V-ruff*x1	none	no	0	none	none
verification/v5-audit/logs/item6-valgrind/test_sha256_neon_kat.log	yes	yes (per PR description)	mypy --strict, ruff, black; the benchmark baseline files are read by the baseline-justification gate (NC-36)	V-black*x1,V-gate*x61,V-mypy*x1,V-pytest*x1,V-ruff*x1	none	no	0	none	none
verification/v5-audit/logs/item6-valgrind/test_sha3.log	yes	yes (per PR description)	mypy --strict, ruff, black; the benchmark baseline files are read by the baseline-justification gate (NC-36)	V-black*x1,V-gate*x61,V-mypy*x1,V-pytest*x1,V-ruff*x1	none	no	0	none	none
verification/v5-audit/logs/item6-valgrind/test_sha3_512_stream.log	yes	yes (per PR description)	mypy --strict, ruff, black; the benchmark baseline files are read by the baseline-justification gate (NC-36)	V-black*x1,V-gate*x61,V-mypy*x1,V-pytest*x1,V-ruff*x1	none	no	0	none	none
verification/v5-audit/logs/item6-valgrind/test_sha3_avx512_kat.log	yes	yes (per PR description)	mypy --strict, ruff, black; the benchmark baseline files are read by the baseline-justification gate (NC-36)	V-black*x1,V-gate*x61,V-mypy*x1,V-pytest*x1,V-ruff*x1	none	no	0	none	none
verification/v5-audit/logs/item6-valgrind/test_sha3_wrapper_equiv.log	yes	yes (per PR description)	mypy --strict, ruff, black; the benchmark baseline files are read by the baseline-justification gate (NC-36)	V-black*x1,V-gate*x61,V-mypy*x1,V-pytest*x1,V-ruff*x1	none	no	0	none	none
verification/v5-audit/logs/item6-valgrind/test_sha3_x4.log	yes	yes (per PR description)	mypy --strict, ruff, black; the benchmark baseline files are read by the baseline-justification gate (NC-36)	V-black*x1,V-gate*x61,V-mypy*x1,V-pytest*x1,V-ruff*x1	none	no	0	none	none
verification/v5-audit/logs/item6-valgrind/test_sha512_kat.log	yes	yes (per PR description)	mypy --strict, ruff, black; the benchmark baseline files are read by the baseline-justification gate (NC-36)	V-black*x1,V-gate*x61,V-mypy*x1,V-pytest*x1,V-ruff*x1	none	no	0	none	none
verification/v5-audit/logs/item6-valgrind/test_sphincs_simd_equiv.log	yes	yes (per PR description)	mypy --strict, ruff, black; the benchmark baseline files are read by the baseline-justification gate (NC-36)	V-black*x1,V-gate*x61,V-mypy*x1,V-pytest*x1,V-ruff*x1	none	no	0	none	none
verification/v5-audit/logs/item6-valgrind/test_x25519.log	yes	yes (per PR description)	mypy --strict, ruff, black; the benchmark baseline files are read by the baseline-justification gate (NC-36)	V-black*x1,V-gate*x61,V-mypy*x1,V-pytest*x1,V-ruff*x1	none	no	0	none	none
verification/v5-audit/logs/item6-valgrind/test_x25519_fe64_mulx_equiv.log	yes	yes (per PR description)	mypy --strict, ruff, black; the benchmark baseline files are read by the baseline-justification gate (NC-36)	V-black*x1,V-gate*x61,V-mypy*x1,V-pytest*x1,V-ruff*x1	none	no	0	none	none
verification/v5-audit/logs/item6-valgrind/test_x25519_field_equiv.log	yes	yes (per PR description)	mypy --strict, ruff, black; the benchmark baseline files are read by the baseline-justification gate (NC-36)	V-black*x1,V-gate*x61,V-mypy*x1,V-pytest*x1,V-ruff*x1	none	no	0	none	none
verification/v5-audit/logs/item6-valgrind/test_x25519_mulx_override.log	yes	yes (per PR description)	mypy --strict, ruff, black; the benchmark baseline files are read by the baseline-justification gate (NC-36)	V-black*x1,V-gate*x61,V-mypy*x1,V-pytest*x1,V-ruff*x1	none	no	0	none	none
verification/v5-audit/logs/item6-valgrind/test_x25519_path.log	yes	yes (per PR description)	mypy --strict, ruff, black; the benchmark baseline files are read by the baseline-justification gate (NC-36)	V-black*x1,V-gate*x61,V-mypy*x1,V-pytest*x1,V-ruff*x1	none	no	0	none	none
verification/v5-audit/logs/item7-negative-control.log	yes	yes (per PR description)	mypy --strict, ruff, black; the benchmark baseline files are read by the baseline-justification gate (NC-36)	V-black*x1,V-gate*x61,V-mypy*x1,V-pytest*x1,V-ruff*x1	none	no	0	none	none
verification/v5-audit/logs/item7-soak-60min-VOID-selfinflicted.log	yes	yes (per PR description)	mypy --strict, ruff, black; the benchmark baseline files are read by the baseline-justification gate (NC-36)	V-black*x1,V-gate*x61,V-mypy*x1,V-pytest*x1,V-ruff*x1	none	no	0	none	none
verification/v5-audit/logs/item7-soak-clean.log	yes	yes (per PR description)	mypy --strict, ruff, black; the benchmark baseline files are read by the baseline-justification gate (NC-36)	V-black*x1,V-gate*x61,V-mypy*x1,V-pytest*x1,V-ruff*x1	none	no	0	none	none
verification/v5-audit/logs/item7-soak.log	yes	yes (per PR description)	mypy --strict, ruff, black; the benchmark baseline files are read by the baseline-justification gate (NC-36)	V-black*x1,V-gate*x61,V-mypy*x1,V-pytest*x1,V-ruff*x1	none	no	0	none	none
verification/v5-audit/logs/item7-tracemalloc-probe.log	yes	yes (per PR description)	mypy --strict, ruff, black; the benchmark baseline files are read by the baseline-justification gate (NC-36)	V-black*x1,V-gate*x61,V-mypy*x1,V-pytest*x1,V-ruff*x1	none	no	0	none	none
verification/v5-audit/logs/item7-twowindow.log	yes	yes (per PR description)	mypy --strict, ruff, black; the benchmark baseline files are read by the baseline-justification gate (NC-36)	V-black*x1,V-gate*x61,V-mypy*x1,V-pytest*x1,V-ruff*x1	none	no	0	none	none
verification/v5-audit/logs/item8-clean.log	yes	yes (per PR description)	mypy --strict, ruff, black; the benchmark baseline files are read by the baseline-justification gate (NC-36)	V-black*x1,V-gate*x61,V-mypy*x1,V-pytest*x1,V-ruff*x1	none	no	0	none	none
verification/v5-audit/logs/item8-negative-control.log	yes	yes (per PR description)	mypy --strict, ruff, black; the benchmark baseline files are read by the baseline-justification gate (NC-36)	V-black*x1,V-gate*x61,V-mypy*x1,V-pytest*x1,V-ruff*x1	none	no	0	none	none
verification/v5-audit/logs/item9-clean-scan-run1.log	yes	yes (per PR description)	mypy --strict, ruff, black; the benchmark baseline files are read by the baseline-justification gate (NC-36)	V-black*x1,V-gate*x61,V-mypy*x1,V-pytest*x1,V-ruff*x1	none	no	0	none	none
verification/v5-audit/logs/item9-clean-scan-run2.log	yes	yes (per PR description)	mypy --strict, ruff, black; the benchmark baseline files are read by the baseline-justification gate (NC-36)	V-black*x1,V-gate*x61,V-mypy*x1,V-pytest*x1,V-ruff*x1	none	no	0	none	none
verification/v5-audit/logs/item9-clean-scan-run3.log	yes	yes (per PR description)	mypy --strict, ruff, black; the benchmark baseline files are read by the baseline-justification gate (NC-36)	V-black*x1,V-gate*x61,V-mypy*x1,V-pytest*x1,V-ruff*x1	none	no	0	none	none
verification/v5-audit/logs/item9-clean-scan.log	yes	yes (per PR description)	mypy --strict, ruff, black; the benchmark baseline files are read by the baseline-justification gate (NC-36)	V-black*x1,V-gate*x61,V-mypy*x1,V-pytest*x1,V-ruff*x1	none	no	0	none	none
verification/v5-audit/logs/item9-trufflehog-negctl.log	yes	yes (per PR description)	mypy --strict, ruff, black; the benchmark baseline files are read by the baseline-justification gate (NC-36)	V-black*x1,V-gate*x61,V-mypy*x1,V-pytest*x1,V-ruff*x1	none	no	0	none	none
verification/v5-audit/logs/phase0-artifacts-mcp.log	yes	yes (per PR description)	mypy --strict, ruff, black; the benchmark baseline files are read by the baseline-justification gate (NC-36)	V-black*x1,V-gate*x61,V-mypy*x1,V-pytest*x1,V-ruff*x1	none	no	0	none	none
verification/v5-audit/logs/phase0-artifacts.log	yes	yes (per PR description)	mypy --strict, ruff, black; the benchmark baseline files are read by the baseline-justification gate (NC-36)	V-black*x1,V-gate*x61,V-mypy*x1,V-pytest*x1,V-ruff*x1	none	no	0	none	none
verification/v5-audit/logs/phase0-census-commits.log	yes	yes (per PR description)	mypy --strict, ruff, black; the benchmark baseline files are read by the baseline-justification gate (NC-36)	V-black*x1,V-gate*x61,V-mypy*x1,V-pytest*x1,V-ruff*x1	none	no	0	none	none
verification/v5-audit/logs/phase0-census-cpuflags.log	yes	yes (per PR description)	mypy --strict, ruff, black; the benchmark baseline files are read by the baseline-justification gate (NC-36)	V-black*x1,V-gate*x61,V-mypy*x1,V-pytest*x1,V-ruff*x1	none	no	0	none	none
verification/v5-audit/logs/phase0-census-pytest.log	yes	yes (per PR description)	mypy --strict, ruff, black; the benchmark baseline files are read by the baseline-justification gate (NC-36)	V-black*x1,V-gate*x61,V-mypy*x1,V-pytest*x1,V-ruff*x1	none	no	0	none	none
verification/v5-audit/logs/phase0-commit-census.log	yes	yes (per PR description)	mypy --strict, ruff, black; the benchmark baseline files are read by the baseline-justification gate (NC-36)	V-black*x1,V-gate*x61,V-mypy*x1,V-pytest*x1,V-ruff*x1	none	no	0	none	none
verification/v5-audit/logs/phase0-diff-drift-rootcause.log	yes	yes (per PR description)	mypy --strict, ruff, black; the benchmark baseline files are read by the baseline-justification gate (NC-36)	V-black*x1,V-gate*x61,V-mypy*x1,V-pytest*x1,V-ruff*x1	none	no	0	none	none
verification/v5-audit/logs/phase0-diff-stat.log	yes	yes (per PR description)	mypy --strict, ruff, black; the benchmark baseline files are read by the baseline-justification gate (NC-36)	V-black*x1,V-gate*x61,V-mypy*x1,V-pytest*x1,V-ruff*x1	none	no	0	none	none
verification/v5-audit/logs/phase0-docker-retry.log	yes	yes (per PR description)	mypy --strict, ruff, black; the benchmark baseline files are read by the baseline-justification gate (NC-36)	V-black*x1,V-gate*x61,V-mypy*x1,V-pytest*x1,V-ruff*x1	none	no	0	none	none
verification/v5-audit/logs/phase0-docker.log	yes	yes (per PR description)	mypy --strict, ruff, black; the benchmark baseline files are read by the baseline-justification gate (NC-36)	V-black*x1,V-gate*x61,V-mypy*x1,V-pytest*x1,V-ruff*x1	none	no	0	none	none
verification/v5-audit/logs/phase0-egress-v2.log	yes	yes (per PR description)	mypy --strict, ruff, black; the benchmark baseline files are read by the baseline-justification gate (NC-36)	V-black*x1,V-gate*x61,V-mypy*x1,V-pytest*x1,V-ruff*x1	none	no	0	none	none
verification/v5-audit/logs/phase0-egress-v3.log	yes	yes (per PR description)	mypy --strict, ruff, black; the benchmark baseline files are read by the baseline-justification gate (NC-36)	V-black*x1,V-gate*x61,V-mypy*x1,V-pytest*x1,V-ruff*x1	none	no	0	none	none
verification/v5-audit/logs/phase0-egress.log	yes	yes (per PR description)	mypy --strict, ruff, black; the benchmark baseline files are read by the baseline-justification gate (NC-36)	V-black*x1,V-gate*x61,V-mypy*x1,V-pytest*x1,V-ruff*x1	none	no	0	none	none
verification/v5-audit/logs/phase0-filelist.log	yes	yes (per PR description)	mypy --strict, ruff, black; the benchmark baseline files are read by the baseline-justification gate (NC-36)	V-black*x1,V-gate*x61,V-mypy*x1,V-pytest*x1,V-ruff*x1	none	no	0	none	none
verification/v5-audit/logs/phase0-ledger-verify.log	yes	yes (per PR description)	mypy --strict, ruff, black; the benchmark baseline files are read by the baseline-justification gate (NC-36)	V-black*x1,V-gate*x61,V-mypy*x1,V-pytest*x1,V-ruff*x1	none	no	0	none	none
verification/v5-audit/logs/phase0-silicon.log	yes	yes (per PR description)	mypy --strict, ruff, black; the benchmark baseline files are read by the baseline-justification gate (NC-36)	V-black*x1,V-gate*x61,V-mypy*x1,V-pytest*x1,V-ruff*x1	none	no	0	none	none
verification/v5-audit/logs/phase0-test-census.log	yes	yes (per PR description)	mypy --strict, ruff, black; the benchmark baseline files are read by the baseline-justification gate (NC-36)	V-black*x1,V-gate*x61,V-mypy*x1,V-pytest*x1,V-ruff*x1	none	no	0	none	none
verification/v5-audit/phase0.md	yes	yes (per PR description)	documentation gates (reference integrity, documented counts, source paths, release state, headers) and Phase B claim reproductions	V-black*x1,V-gate*x61,V-mypy*x1,V-pytest*x1,V-ruff*x1	none	no	0	none	none
verification/v5-audit/refleak_soak.py	yes	yes (per PR description)	mypy --strict, ruff, black; the benchmark baseline files are read by the baseline-justification gate (NC-36)	V-black*x1,V-gate*x61,V-mypy*x1,V-pytest*x1,V-ruff*x1	none	no	0	NC-26	none
verification/v5-audit/run.sh	yes	yes (per PR description)	shell entry points: header, line-ending and secrets gates; the workflow-command gate checks the steps that call them	V-black*x1,V-gate*x61,V-mypy*x1,V-pytest*x1,V-ruff*x1	none	no	0	none	none
verification/v5-audit/valgrind_suite.sh	yes	yes (per PR description)	shell entry points: header, line-ending and secrets gates; the workflow-command gate checks the steps that call them	V-black*x1,V-gate*x61,V-mypy*x1,V-pytest*x1,V-ruff*x1	none	no	0	none	none
wiki/Adaptive-Posture.md	yes	yes (per PR description)	documentation gates (reference integrity, documented counts, source paths, release state, headers) and Phase B claim reproductions	V-gate*x61	none	no	0	none	none
wiki/Architecture.md	yes	yes (per PR description)	documentation gates (reference integrity, documented counts, source paths, release state, headers) and Phase B claim reproductions	V-gate*x61	none	no	0	none	none
wiki/C-API-Reference.md	yes	yes (per PR description)	documentation gates (reference integrity, documented counts, source paths, release state, headers) and Phase B claim reproductions	V-gate*x61	none	no	0	none	none
wiki/Cryptography-Algorithms.md	yes	yes (per PR description)	documentation gates (reference integrity, documented counts, source paths, release state, headers) and Phase B claim reproductions	V-gate*x61	none	no	0	none	none
wiki/Home.md	yes	yes (per PR description)	documentation gates (reference integrity, documented counts, source paths, release state, headers) and Phase B claim reproductions	V-gate*x61	none	no	0	none	none
wiki/Performance-Benchmarks.md	yes	yes (per PR description)	documentation gates (reference integrity, documented counts, source paths, release state, headers) and Phase B claim reproductions	V-gate*x61	none	no	0	none	none
wiki/Post-Quantum-Cryptography.md	yes	yes (per PR description)	documentation gates (reference integrity, documented counts, source paths, release state, headers) and Phase B claim reproductions	V-gate*x61	none	no	0	none	none
wiki/Secure-Memory.md	yes	yes (per PR description)	documentation gates (reference integrity, documented counts, source paths, release state, headers) and Phase B claim reproductions	V-gate*x61	none	no	0	none	none
wiki/Security-Model.md	yes	yes (per PR description)	documentation gates (reference integrity, documented counts, source paths, release state, headers) and Phase B claim reproductions	V-gate*x61	none	no	0	none	none
wiki/_Footer.md	yes	yes (per PR description)	documentation gates (reference integrity, documented counts, source paths, release state, headers) and Phase B claim reproductions	V-gate*x61	none	no	0	none	none
wycheproof_vectors/README.md	yes	yes (per PR description)	documentation gates (reference integrity, documented counts, source paths, release state, headers) and Phase B claim reproductions	F-*x32,V-ctest*x14,V-gate*x61,V-pytest*x1	none	no	0	none	none
wycheproof_vectors/run_wycheproof.py	yes	yes (per PR description)	consumed by the KAT/ACVP/Wycheproof tests in both suites and by the provenance gates	F-*x32,V-ctest*x14,V-gate*x61,V-pytest*x1	none	no	0	none	none
