--- AVX/AVX2/AVX-512 (YMM/ZMM)  (-mavx2, -mavx512f -mavx512vl) ---
    ama_aes256_encrypt_block_consttime              242  *** NON-KERNEL ***
    ama_aes256_gcm_decrypt_vaes_avx2                110  kernel
    ama_aes256_gcm_encrypt_vaes_avx2                121  kernel
    ama_aes256_key_expansion_consttime                2  *** NON-KERNEL ***
    ama_aes_sbox_consttime                          346  *** NON-KERNEL ***
    ama_agent_binding_authorize                       4  *** NON-KERNEL ***
    ama_agent_binding_check                           4  *** NON-KERNEL ***
    ama_agent_binding_context                         4  *** NON-KERNEL ***
    ama_agent_binding_encode                          4  *** NON-KERNEL ***
    ama_agent_binding_init                            4  *** NON-KERNEL ***
    ama_argon2_g_avx2                               183  kernel
    ama_argon2id_core                               104  *** NON-KERNEL ***
    ama_ascon_aead128_encrypt                       201  *** NON-KERNEL ***
    ama_ascon_aead_absorb_ad                         97  *** NON-KERNEL ***
    ama_ascon_aead_absorb_ct                        197  *** NON-KERNEL ***
    ama_ascon_hash256                                97  *** NON-KERNEL ***
    ama_chacha20_block_x8_avx2                      283  kernel
    ama_chacha20poly1305_decrypt                      4  *** NON-KERNEL ***
    ama_chacha20poly1305_encrypt                      4  *** NON-KERNEL ***
    ama_dilithium_invntt_avx2                       532  kernel
    ama_dilithium_ntt_avx2                          429  kernel
    ama_dilithium_ntt_bench                         108  *** NON-KERNEL ***
    ama_dilithium_ntt_generic_ref                   108  *** NON-KERNEL ***
    ama_dilithium_poly_pointwise_avx2                96  kernel
    ama_dilithium_rej_uniform_avx2                    9  kernel
    ama_ed25519_double_scalarmult_public              1  *** NON-KERNEL ***
    ama_ed25519_keypair                               2  *** NON-KERNEL ***
    ama_ed25519_point_from_scalar                     6  *** NON-KERNEL ***
    ama_ed25519_sc_muladd                             2  *** NON-KERNEL ***
    ama_ed25519_sc_reduce                             2  *** NON-KERNEL ***
    ama_ed25519_scalarmult_public                     1  *** NON-KERNEL ***
    ama_ed25519_sha512                                7  *** NON-KERNEL ***
    ama_frost_aggregate                              28  *** NON-KERNEL ***
    ama_frost_keygen_trusted_dealer                  10  *** NON-KERNEL ***
    ama_frost_round2_sign                            34  *** NON-KERNEL ***
    ama_hkdf                                          7  *** NON-KERNEL ***
    ama_hkdf_agent_bound                             16  *** NON-KERNEL ***
    ama_hmac_sha256                                  10  *** NON-KERNEL ***
    ama_hmac_sha256_2                                10  *** NON-KERNEL ***
    ama_hmac_sha384                                  36  *** NON-KERNEL ***
    ama_hmac_sha512_3.constprop.0                    79  *** NON-KERNEL ***
    ama_keccak_f1600_avx2                            44  kernel
    ama_keccak_f1600_x4_avx2                        235  kernel
    ama_kyber_cbd2_avx2                               7  kernel
    ama_kyber_invntt_avx2                           297  kernel
    ama_kyber_ntt_avx2                              246  kernel
    ama_nistp_ecdh                                  170  *** NON-KERNEL ***
    ama_nistp_keypair                                18  *** NON-KERNEL ***
    ama_nistp_point_decode                          265  *** NON-KERNEL ***
    ama_nistp_pubkey_from_privkey                   264  *** NON-KERNEL ***
    ama_nistp_sig_der_to_raw                         32  *** NON-KERNEL ***
    ama_nistp_sig_raw_to_der                         32  *** NON-KERNEL ***
    ama_pbkdf2_hmac_sha256                           69  *** NON-KERNEL ***
    ama_pbkdf2_hmac_sha512                           98  *** NON-KERNEL ***
    ama_secp256k1_ecdsa_verify_ex                    37  *** NON-KERNEL ***
    ama_secp256k1_point_mul                          20  *** NON-KERNEL ***
    ama_secp256k1_pubkey_decompress                   8  *** NON-KERNEL ***
    ama_secp256k1_pubkey_from_privkey                18  *** NON-KERNEL ***
    ama_sha256_init                                   2  *** NON-KERNEL ***
    ama_sha384                                        6  *** NON-KERNEL ***
    ama_sha3_256                                     18  *** NON-KERNEL ***
    ama_sha3_384                                     77  *** NON-KERNEL ***
    ama_sha3_512                                     51  *** NON-KERNEL ***
    ama_sha3_512_final                                8  *** NON-KERNEL ***
    ama_sha3_512_update                               6  *** NON-KERNEL ***
    ama_sha3_final                                   16  *** NON-KERNEL ***
    ama_sha3_update                                  24  *** NON-KERNEL ***
    ama_sha512                                        4  *** NON-KERNEL ***
    ama_sha512_ctx_update.constprop.0                 4  *** NON-KERNEL ***
    ama_sha512_transform                             70  *** NON-KERNEL ***
    ama_shake128                                    204  *** NON-KERNEL ***
    ama_shake128_inc_absorb                          30  *** NON-KERNEL ***
    ama_shake128_inc_finalize                        15  *** NON-KERNEL ***
    ama_shake128_x4_absorb_once                      15  *** NON-KERNEL ***
    ama_shake256                                    160  *** NON-KERNEL ***
    ama_shake256_inc_finalize                        16  *** NON-KERNEL ***
    ama_shake256_x4_absorb_once                      16  *** NON-KERNEL ***
    ama_slhdsa_verify                                 1  *** NON-KERNEL ***
    ama_sphincs_keypair                              10  *** NON-KERNEL ***
    ama_sphincs_verify                                7  *** NON-KERNEL ***
    ama_sphincs_wots_chain_avx2                       6  kernel
    ama_x25519_scalarmult_x4_avx2                   750  kernel
    argon2_G_scalar                                  48  *** NON-KERNEL ***
    blake2b_compress                                  8  *** NON-KERNEL ***
    blake2b_long_impl                                42  *** NON-KERNEL ***
    chacha20_block                                    2  *** NON-KERNEL ***
    chacha20_xor.constprop.0                         54  *** NON-KERNEL ***
    compute_binding_factor                            4  *** NON-KERNEL ***
    compute_group_commitment                          4  *** NON-KERNEL ***
    curved25519_scalarmult_basepoint                  2  *** NON-KERNEL ***
    der_parse_integer                                 7  *** NON-KERNEL ***
    dil_invntt_scalar                               171  *** NON-KERNEL ***
    dil_keygen_internal                             684  *** NON-KERNEL ***
    dil_matrix_pointwise_rowwise                    164  *** NON-KERNEL ***
    dil_ntt                                         108  *** NON-KERNEL ***
    dil_poly_uniform                                  2  *** NON-KERNEL ***
    dil_poly_uniform_eta                              4  *** NON-KERNEL ***
    dil_polyeta_pack.part.0                         527  *** NON-KERNEL ***
    dil_polyeta_unpack.isra.0                       302  *** NON-KERNEL ***
    dil_polyvec_uniform_eta                           4  *** NON-KERNEL ***
    dil_polyw1_pack.part.0                          355  *** NON-KERNEL ***
    dil_pubkey_from_sk                              537  *** NON-KERNEL ***
    dil_sample_uniform_n                              5  *** NON-KERNEL ***
    dil_sign_internal                              1259  *** NON-KERNEL ***
    dil_verify_internal                             791  *** NON-KERNEL ***
    dispatch_bench_kyber_ntt.constprop.0            256  *** NON-KERNEL ***
    dispatch_init_internal                          278  *** NON-KERNEL ***
    ed25519_hash_final                                3  *** NON-KERNEL ***
    ed25519_publickey                                10  *** NON-KERNEL ***
    ed25519_sign                                     28  *** NON-KERNEL ***
    ed25519_sign_open                                40  *** NON-KERNEL ***
    ed25519_sign_open_batch                          68  *** NON-KERNEL ***
    expand256_modm.constprop.1                        9  *** NON-KERNEL ***
    fe25519_10_contract                               2  kernel
    fe64_tobytes                                      2  *** NON-KERNEL ***
    fe_mul_x4                                       411  kernel
    ge25519_double_scalarmult_vartime               195  *** NON-KERNEL ***
    ge25519_pack                                      2  *** NON-KERNEL ***
    ge25519_scalarmult_base_niels.constprop.0         3  *** NON-KERNEL ***
    ge25519_unpack_negative_vartime                  58  *** NON-KERNEL ***
    hmac_sha3_256                                    36  *** NON-KERNEL ***
    keccak_absorb.constprop.0                        12  *** NON-KERNEL ***
    kyber_cpapke_enc                               1242  *** NON-KERNEL ***
    kyber_decapsulate_internal                     2938  *** NON-KERNEL ***
    kyber_encapsulate_internal                        8  *** NON-KERNEL ***
    kyber_gennoise                                   33  *** NON-KERNEL ***
    kyber_invntt_scalar                             130  *** NON-KERNEL ***
    kyber_keygen_internal                           996  *** NON-KERNEL ***
    kyber_ntt_scalar                                353  *** NON-KERNEL ***
    kyber_poly_cbd3                                 266  *** NON-KERNEL ***
    kyber_poly_cbd_eta                              472  *** NON-KERNEL ***
    kyber_poly_uniform                                2  *** NON-KERNEL ***
    nistp_bits2int                                   65  *** NON-KERNEL ***
    nistp_comb_build.constprop.0                    105  *** NON-KERNEL ***
    nistp_comb_build.constprop.1                     80  *** NON-KERNEL ***
    nistp_comb_build.constprop.2                     75  *** NON-KERNEL ***
    nistp_cond_sub_mod                               76  *** NON-KERNEL ***
    nistp_der_parse_int                              60  *** NON-KERNEL ***
    nistp_ecdsa_sign_core                           768  *** NON-KERNEL ***
    nistp_ecdsa_verify_rs                           573  *** NON-KERNEL ***
    nistp_jac_add                                   178  *** NON-KERNEL ***
    nistp_jac_double                                 52  *** NON-KERNEL ***
    nistp_jac_double.constprop.0                     14  *** NON-KERNEL ***
    nistp_jac_double.constprop.1                     14  *** NON-KERNEL ***
    nistp_jac_double.constprop.2                     24  *** NON-KERNEL ***
    nistp_jac_to_affine                              18  *** NON-KERNEL ***
    nistp_load_point                                 89  *** NON-KERNEL ***
    nistp_mod_sub                                    76  *** NON-KERNEL ***
    nistp_mont_mul                                    9  *** NON-KERNEL ***
    nistp_mont_pow                                    2  *** NON-KERNEL ***
    nistp_scalar_is_high                             23  *** NON-KERNEL ***
    nistp_scalar_load                                 2  *** NON-KERNEL ***
    nistp_scalar_mul_generator                       14  *** NON-KERNEL ***
    nonce_generate                                    6  *** NON-KERNEL ***
    poly_compress                                   468  *** NON-KERNEL ***
    poly_tobytes                                    465  *** NON-KERNEL ***
    polyvec_basemul_acc                             643  *** NON-KERNEL ***
    sc_cond_sub_n                                     6  *** NON-KERNEL ***
    sc_from_bytes                                     4  *** NON-KERNEL ***
    sc_inv                                            4  *** NON-KERNEL ***
    sc_mul                                            4  *** NON-KERNEL ***
    scalar_random                                     2  *** NON-KERNEL ***
    secp256k1_aff_from_bytes_checked                  3  *** NON-KERNEL ***
    secp256k1_comb_build                             19  *** NON-KERNEL ***
    secp256k1_ecdsa_sign_scalars                     31  *** NON-KERNEL ***
    secp256k1_fe_inv                                  2  *** NON-KERNEL ***
    secp256k1_fe_to_bytes                             2  *** NON-KERNEL ***
    secp256k1_jac_add                                55  *** NON-KERNEL ***
    secp256k1_jac_double                             11  *** NON-KERNEL ***
    secp256k1_point_mul_generator                    26  *** NON-KERNEL ***
    sha256_compress_scalar                           13  *** NON-KERNEL ***
    sha2_F                                            2  *** NON-KERNEL ***
    sha2_HT                                           8  *** NON-KERNEL ***
    sha2_H_msg                                       20  *** NON-KERNEL ***
    sha2_PRF_msg                                     79  *** NON-KERNEL ***
    sha512_blocks                                    24  *** NON-KERNEL ***
    sha512_blocks.constprop.0                        24  *** NON-KERNEL ***
    slh_ht_verify                                     1  *** NON-KERNEL ***
    slh_ht_verify.constprop.0                        13  *** NON-KERNEL ***
    slh_sign_internal                                 2  *** NON-KERNEL ***
    slh_sign_internal.constprop.0                    39  *** NON-KERNEL ***
    slh_wots_checksum                                31  *** NON-KERNEL ***
    slh_wots_pk_from_sig.constprop.0                 14  *** NON-KERNEL ***
    slh_wots_sign.constprop.0                        14  *** NON-KERNEL ***
    slh_xmss_treehash.constprop.0                    16  *** NON-KERNEL ***
    x25519_canonicalize_u                             6  *** NON-KERNEL ***
    x25519_scalarmult                                22  *** NON-KERNEL ***
--- AES-NI  (-maes (and -mvaes for the VAES kernel)) ---
    ama_aes256_expand_key_avx2                       13  kernel
    ama_aes256_gcm_decrypt_avx2                     266  kernel
    ama_aes256_gcm_decrypt_vaes_avx2                126  kernel
    ama_aes256_gcm_encrypt_avx2                     280  kernel
    ama_aes256_gcm_encrypt_vaes_avx2                 84  kernel
--- PCLMULQDQ  (-mpclmul (and -mvpclmulqdq for the VAES kernel)) ---
    ama_aes256_gcm_decrypt_avx2                      76  kernel
    ama_aes256_gcm_decrypt_vaes_avx2                 52  kernel
    ama_aes256_gcm_encrypt_avx2                     108  kernel
    ama_aes256_gcm_encrypt_vaes_avx2                 40  kernel
--- SHA-NI (Intel SHA Extensions)  (-msha) ---
    ama_sha256_compress_x86_shani                    56  kernel
--- BMI1/BMI2/ADX  (-mbmi -mbmi2, -mbmi2 -madx) ---
    ama_keccak_f1600_bmi                            108  kernel
    ama_nistp_mont_mul4_mulx                        120  kernel
    ama_x25519_fe64_mul_mulx                         59  kernel
    ama_x25519_fe64_sq_mulx                          45  kernel
--- SSSE3  (-mssse3) ---
    (none in this object)
--- SSE4.1  (-msse4.1) ---
    (none in this object)

read 491 symbol(s), 158,812 instruction(s); 25686 CPUID-gated instruction(s) across 7 ISA famil(ies), 170 symbol(s) outside a kernel

ISA SCOPING CHECK FAILED:
  - [AVX/AVX2/AVX-512 (YMM/ZMM)] ama_aes256_encrypt_block_consttime: 242 occurrence(s) in a non-kernel symbol. AVX2/AVX-512 code must live in src/c/avx2 or src/c/avx512, compiled under per-file -mavx2/-mavx512. An occurrence here means the per-file scoping regressed (a library-wide -mavx2, or a direct call that let a kernel inline out of its TU): the object now executes AVX/AVX2/AVX-512 (YMM/ZMM) on a path the dispatcher never gated on a CPUID check, so it faults on a host that lacks the feature. If this symbol really is a scoped kernel helper, rename it to carry the family's marker or add it to that family's allowlist with the TU it lives in.
  - [AVX/AVX2/AVX-512 (YMM/ZMM)] ama_aes256_key_expansion_consttime: 2 occurrence(s) in a non-kernel symbol. AVX2/AVX-512 code must live in src/c/avx2 or src/c/avx512, compiled under per-file -mavx2/-mavx512. An occurrence here means the per-file scoping regressed (a library-wide -mavx2, or a direct call that let a kernel inline out of its TU): the object now executes AVX/AVX2/AVX-512 (YMM/ZMM) on a path the dispatcher never gated on a CPUID check, so it faults on a host that lacks the feature. If this symbol really is a scoped kernel helper, rename it to carry the family's marker or add it to that family's allowlist with the TU it lives in.
  - [AVX/AVX2/AVX-512 (YMM/ZMM)] ama_aes_sbox_consttime: 346 occurrence(s) in a non-kernel symbol. AVX2/AVX-512 code must live in src/c/avx2 or src/c/avx512, compiled under per-file -mavx2/-mavx512. An occurrence here means the per-file scoping regressed (a library-wide -mavx2, or a direct call that let a kernel inline out of its TU): the object now executes AVX/AVX2/AVX-512 (YMM/ZMM) on a path the dispatcher never gated on a CPUID check, so it faults on a host that lacks the feature. If this symbol really is a scoped kernel helper, rename it to carry the family's marker or add it to that family's allowlist with the TU it lives in.
  - [AVX/AVX2/AVX-512 (YMM/ZMM)] ama_agent_binding_authorize: 4 occurrence(s) in a non-kernel symbol. AVX2/AVX-512 code must live in src/c/avx2 or src/c/avx512, compiled under per-file -mavx2/-mavx512. An occurrence here means the per-file scoping regressed (a library-wide -mavx2, or a direct call that let a kernel inline out of its TU): the object now executes AVX/AVX2/AVX-512 (YMM/ZMM) on a path the dispatcher never gated on a CPUID check, so it faults on a host that lacks the feature. If this symbol really is a scoped kernel helper, rename it to carry the family's marker or add it to that family's allowlist with the TU it lives in.
  - [AVX/AVX2/AVX-512 (YMM/ZMM)] ama_agent_binding_check: 4 occurrence(s) in a non-kernel symbol. AVX2/AVX-512 code must live in src/c/avx2 or src/c/avx512, compiled under per-file -mavx2/-mavx512. An occurrence here means the per-file scoping regressed (a library-wide -mavx2, or a direct call that let a kernel inline out of its TU): the object now executes AVX/AVX2/AVX-512 (YMM/ZMM) on a path the dispatcher never gated on a CPUID check, so it faults on a host that lacks the feature. If this symbol really is a scoped kernel helper, rename it to carry the family's marker or add it to that family's allowlist with the TU it lives in.
  - [AVX/AVX2/AVX-512 (YMM/ZMM)] ama_agent_binding_context: 4 occurrence(s) in a non-kernel symbol. AVX2/AVX-512 code must live in src/c/avx2 or src/c/avx512, compiled under per-file -mavx2/-mavx512. An occurrence here means the per-file scoping regressed (a library-wide -mavx2, or a direct call that let a kernel inline out of its TU): the object now executes AVX/AVX2/AVX-512 (YMM/ZMM) on a path the dispatcher never gated on a CPUID check, so it faults on a host that lacks the feature. If this symbol really is a scoped kernel helper, rename it to carry the family's marker or add it to that family's allowlist with the TU it lives in.
  - [AVX/AVX2/AVX-512 (YMM/ZMM)] ama_agent_binding_encode: 4 occurrence(s) in a non-kernel symbol. AVX2/AVX-512 code must live in src/c/avx2 or src/c/avx512, compiled under per-file -mavx2/-mavx512. An occurrence here means the per-file scoping regressed (a library-wide -mavx2, or a direct call that let a kernel inline out of its TU): the object now executes AVX/AVX2/AVX-512 (YMM/ZMM) on a path the dispatcher never gated on a CPUID check, so it faults on a host that lacks the feature. If this symbol really is a scoped kernel helper, rename it to carry the family's marker or add it to that family's allowlist with the TU it lives in.
  - [AVX/AVX2/AVX-512 (YMM/ZMM)] ama_agent_binding_init: 4 occurrence(s) in a non-kernel symbol. AVX2/AVX-512 code must live in src/c/avx2 or src/c/avx512, compiled under per-file -mavx2/-mavx512. An occurrence here means the per-file scoping regressed (a library-wide -mavx2, or a direct call that let a kernel inline out of its TU): the object now executes AVX/AVX2/AVX-512 (YMM/ZMM) on a path the dispatcher never gated on a CPUID check, so it faults on a host that lacks the feature. If this symbol really is a scoped kernel helper, rename it to carry the family's marker or add it to that family's allowlist with the TU it lives in.
  - [AVX/AVX2/AVX-512 (YMM/ZMM)] ama_argon2id_core: 104 occurrence(s) in a non-kernel symbol. AVX2/AVX-512 code must live in src/c/avx2 or src/c/avx512, compiled under per-file -mavx2/-mavx512. An occurrence here means the per-file scoping regressed (a library-wide -mavx2, or a direct call that let a kernel inline out of its TU): the object now executes AVX/AVX2/AVX-512 (YMM/ZMM) on a path the dispatcher never gated on a CPUID check, so it faults on a host that lacks the feature. If this symbol really is a scoped kernel helper, rename it to carry the family's marker or add it to that family's allowlist with the TU it lives in.
  - [AVX/AVX2/AVX-512 (YMM/ZMM)] ama_ascon_aead128_encrypt: 201 occurrence(s) in a non-kernel symbol. AVX2/AVX-512 code must live in src/c/avx2 or src/c/avx512, compiled under per-file -mavx2/-mavx512. An occurrence here means the per-file scoping regressed (a library-wide -mavx2, or a direct call that let a kernel inline out of its TU): the object now executes AVX/AVX2/AVX-512 (YMM/ZMM) on a path the dispatcher never gated on a CPUID check, so it faults on a host that lacks the feature. If this symbol really is a scoped kernel helper, rename it to carry the family's marker or add it to that family's allowlist with the TU it lives in.
  - [AVX/AVX2/AVX-512 (YMM/ZMM)] ama_ascon_aead_absorb_ad: 97 occurrence(s) in a non-kernel symbol. AVX2/AVX-512 code must live in src/c/avx2 or src/c/avx512, compiled under per-file -mavx2/-mavx512. An occurrence here means the per-file scoping regressed (a library-wide -mavx2, or a direct call that let a kernel inline out of its TU): the object now executes AVX/AVX2/AVX-512 (YMM/ZMM) on a path the dispatcher never gated on a CPUID check, so it faults on a host that lacks the feature. If this symbol really is a scoped kernel helper, rename it to carry the family's marker or add it to that family's allowlist with the TU it lives in.
  - [AVX/AVX2/AVX-512 (YMM/ZMM)] ama_ascon_aead_absorb_ct: 197 occurrence(s) in a non-kernel symbol. AVX2/AVX-512 code must live in src/c/avx2 or src/c/avx512, compiled under per-file -mavx2/-mavx512. An occurrence here means the per-file scoping regressed (a library-wide -mavx2, or a direct call that let a kernel inline out of its TU): the object now executes AVX/AVX2/AVX-512 (YMM/ZMM) on a path the dispatcher never gated on a CPUID check, so it faults on a host that lacks the feature. If this symbol really is a scoped kernel helper, rename it to carry the family's marker or add it to that family's allowlist with the TU it lives in.
  - [AVX/AVX2/AVX-512 (YMM/ZMM)] ama_ascon_hash256: 97 occurrence(s) in a non-kernel symbol. AVX2/AVX-512 code must live in src/c/avx2 or src/c/avx512, compiled under per-file -mavx2/-mavx512. An occurrence here means the per-file scoping regressed (a library-wide -mavx2, or a direct call that let a kernel inline out of its TU): the object now executes AVX/AVX2/AVX-512 (YMM/ZMM) on a path the dispatcher never gated on a CPUID check, so it faults on a host that lacks the feature. If this symbol really is a scoped kernel helper, rename it to carry the family's marker or add it to that family's allowlist with the TU it lives in.
  - [AVX/AVX2/AVX-512 (YMM/ZMM)] ama_chacha20poly1305_decrypt: 4 occurrence(s) in a non-kernel symbol. AVX2/AVX-512 code must live in src/c/avx2 or src/c/avx512, compiled under per-file -mavx2/-mavx512. An occurrence here means the per-file scoping regressed (a library-wide -mavx2, or a direct call that let a kernel inline out of its TU): the object now executes AVX/AVX2/AVX-512 (YMM/ZMM) on a path the dispatcher never gated on a CPUID check, so it faults on a host that lacks the feature. If this symbol really is a scoped kernel helper, rename it to carry the family's marker or add it to that family's allowlist with the TU it lives in.
  - [AVX/AVX2/AVX-512 (YMM/ZMM)] ama_chacha20poly1305_encrypt: 4 occurrence(s) in a non-kernel symbol. AVX2/AVX-512 code must live in src/c/avx2 or src/c/avx512, compiled under per-file -mavx2/-mavx512. An occurrence here means the per-file scoping regressed (a library-wide -mavx2, or a direct call that let a kernel inline out of its TU): the object now executes AVX/AVX2/AVX-512 (YMM/ZMM) on a path the dispatcher never gated on a CPUID check, so it faults on a host that lacks the feature. If this symbol really is a scoped kernel helper, rename it to carry the family's marker or add it to that family's allowlist with the TU it lives in.
  - [AVX/AVX2/AVX-512 (YMM/ZMM)] ama_dilithium_ntt_bench: 108 occurrence(s) in a non-kernel symbol. AVX2/AVX-512 code must live in src/c/avx2 or src/c/avx512, compiled under per-file -mavx2/-mavx512. An occurrence here means the per-file scoping regressed (a library-wide -mavx2, or a direct call that let a kernel inline out of its TU): the object now executes AVX/AVX2/AVX-512 (YMM/ZMM) on a path the dispatcher never gated on a CPUID check, so it faults on a host that lacks the feature. If this symbol really is a scoped kernel helper, rename it to carry the family's marker or add it to that family's allowlist with the TU it lives in.
  - [AVX/AVX2/AVX-512 (YMM/ZMM)] ama_dilithium_ntt_generic_ref: 108 occurrence(s) in a non-kernel symbol. AVX2/AVX-512 code must live in src/c/avx2 or src/c/avx512, compiled under per-file -mavx2/-mavx512. An occurrence here means the per-file scoping regressed (a library-wide -mavx2, or a direct call that let a kernel inline out of its TU): the object now executes AVX/AVX2/AVX-512 (YMM/ZMM) on a path the dispatcher never gated on a CPUID check, so it faults on a host that lacks the feature. If this symbol really is a scoped kernel helper, rename it to carry the family's marker or add it to that family's allowlist with the TU it lives in.
  - [AVX/AVX2/AVX-512 (YMM/ZMM)] ama_ed25519_double_scalarmult_public: 1 occurrence(s) in a non-kernel symbol. AVX2/AVX-512 code must live in src/c/avx2 or src/c/avx512, compiled under per-file -mavx2/-mavx512. An occurrence here means the per-file scoping regressed (a library-wide -mavx2, or a direct call that let a kernel inline out of its TU): the object now executes AVX/AVX2/AVX-512 (YMM/ZMM) on a path the dispatcher never gated on a CPUID check, so it faults on a host that lacks the feature. If this symbol really is a scoped kernel helper, rename it to carry the family's marker or add it to that family's allowlist with the TU it lives in.
  - [AVX/AVX2/AVX-512 (YMM/ZMM)] ama_ed25519_keypair: 2 occurrence(s) in a non-kernel symbol. AVX2/AVX-512 code must live in src/c/avx2 or src/c/avx512, compiled under per-file -mavx2/-mavx512. An occurrence here means the per-file scoping regressed (a library-wide -mavx2, or a direct call that let a kernel inline out of its TU): the object now executes AVX/AVX2/AVX-512 (YMM/ZMM) on a path the dispatcher never gated on a CPUID check, so it faults on a host that lacks the feature. If this symbol really is a scoped kernel helper, rename it to carry the family's marker or add it to that family's allowlist with the TU it lives in.
  - [AVX/AVX2/AVX-512 (YMM/ZMM)] ama_ed25519_point_from_scalar: 6 occurrence(s) in a non-kernel symbol. AVX2/AVX-512 code must live in src/c/avx2 or src/c/avx512, compiled under per-file -mavx2/-mavx512. An occurrence here means the per-file scoping regressed (a library-wide -mavx2, or a direct call that let a kernel inline out of its TU): the object now executes AVX/AVX2/AVX-512 (YMM/ZMM) on a path the dispatcher never gated on a CPUID check, so it faults on a host that lacks the feature. If this symbol really is a scoped kernel helper, rename it to carry the family's marker or add it to that family's allowlist with the TU it lives in.
  - [AVX/AVX2/AVX-512 (YMM/ZMM)] ama_ed25519_sc_muladd: 2 occurrence(s) in a non-kernel symbol. AVX2/AVX-512 code must live in src/c/avx2 or src/c/avx512, compiled under per-file -mavx2/-mavx512. An occurrence here means the per-file scoping regressed (a library-wide -mavx2, or a direct call that let a kernel inline out of its TU): the object now executes AVX/AVX2/AVX-512 (YMM/ZMM) on a path the dispatcher never gated on a CPUID check, so it faults on a host that lacks the feature. If this symbol really is a scoped kernel helper, rename it to carry the family's marker or add it to that family's allowlist with the TU it lives in.
  - [AVX/AVX2/AVX-512 (YMM/ZMM)] ama_ed25519_sc_reduce: 2 occurrence(s) in a non-kernel symbol. AVX2/AVX-512 code must live in src/c/avx2 or src/c/avx512, compiled under per-file -mavx2/-mavx512. An occurrence here means the per-file scoping regressed (a library-wide -mavx2, or a direct call that let a kernel inline out of its TU): the object now executes AVX/AVX2/AVX-512 (YMM/ZMM) on a path the dispatcher never gated on a CPUID check, so it faults on a host that lacks the feature. If this symbol really is a scoped kernel helper, rename it to carry the family's marker or add it to that family's allowlist with the TU it lives in.
  - [AVX/AVX2/AVX-512 (YMM/ZMM)] ama_ed25519_scalarmult_public: 1 occurrence(s) in a non-kernel symbol. AVX2/AVX-512 code must live in src/c/avx2 or src/c/avx512, compiled under per-file -mavx2/-mavx512. An occurrence here means the per-file scoping regressed (a library-wide -mavx2, or a direct call that let a kernel inline out of its TU): the object now executes AVX/AVX2/AVX-512 (YMM/ZMM) on a path the dispatcher never gated on a CPUID check, so it faults on a host that lacks the feature. If this symbol really is a scoped kernel helper, rename it to carry the family's marker or add it to that family's allowlist with the TU it lives in.
  - [AVX/AVX2/AVX-512 (YMM/ZMM)] ama_ed25519_sha512: 7 occurrence(s) in a non-kernel symbol. AVX2/AVX-512 code must live in src/c/avx2 or src/c/avx512, compiled under per-file -mavx2/-mavx512. An occurrence here means the per-file scoping regressed (a library-wide -mavx2, or a direct call that let a kernel inline out of its TU): the object now executes AVX/AVX2/AVX-512 (YMM/ZMM) on a path the dispatcher never gated on a CPUID check, so it faults on a host that lacks the feature. If this symbol really is a scoped kernel helper, rename it to carry the family's marker or add it to that family's allowlist with the TU it lives in.
  - [AVX/AVX2/AVX-512 (YMM/ZMM)] ama_frost_aggregate: 28 occurrence(s) in a non-kernel symbol. AVX2/AVX-512 code must live in src/c/avx2 or src/c/avx512, compiled under per-file -mavx2/-mavx512. An occurrence here means the per-file scoping regressed (a library-wide -mavx2, or a direct call that let a kernel inline out of its TU): the object now executes AVX/AVX2/AVX-512 (YMM/ZMM) on a path the dispatcher never gated on a CPUID check, so it faults on a host that lacks the feature. If this symbol really is a scoped kernel helper, rename it to carry the family's marker or add it to that family's allowlist with the TU it lives in.
  - [AVX/AVX2/AVX-512 (YMM/ZMM)] ama_frost_keygen_trusted_dealer: 10 occurrence(s) in a non-kernel symbol. AVX2/AVX-512 code must live in src/c/avx2 or src/c/avx512, compiled under per-file -mavx2/-mavx512. An occurrence here means the per-file scoping regressed (a library-wide -mavx2, or a direct call that let a kernel inline out of its TU): the object now executes AVX/AVX2/AVX-512 (YMM/ZMM) on a path the dispatcher never gated on a CPUID check, so it faults on a host that lacks the feature. If this symbol really is a scoped kernel helper, rename it to carry the family's marker or add it to that family's allowlist with the TU it lives in.
  - [AVX/AVX2/AVX-512 (YMM/ZMM)] ama_frost_round2_sign: 34 occurrence(s) in a non-kernel symbol. AVX2/AVX-512 code must live in src/c/avx2 or src/c/avx512, compiled under per-file -mavx2/-mavx512. An occurrence here means the per-file scoping regressed (a library-wide -mavx2, or a direct call that let a kernel inline out of its TU): the object now executes AVX/AVX2/AVX-512 (YMM/ZMM) on a path the dispatcher never gated on a CPUID check, so it faults on a host that lacks the feature. If this symbol really is a scoped kernel helper, rename it to carry the family's marker or add it to that family's allowlist with the TU it lives in.
  - [AVX/AVX2/AVX-512 (YMM/ZMM)] ama_hkdf: 7 occurrence(s) in a non-kernel symbol. AVX2/AVX-512 code must live in src/c/avx2 or src/c/avx512, compiled under per-file -mavx2/-mavx512. An occurrence here means the per-file scoping regressed (a library-wide -mavx2, or a direct call that let a kernel inline out of its TU): the object now executes AVX/AVX2/AVX-512 (YMM/ZMM) on a path the dispatcher never gated on a CPUID check, so it faults on a host that lacks the feature. If this symbol really is a scoped kernel helper, rename it to carry the family's marker or add it to that family's allowlist with the TU it lives in.
  - [AVX/AVX2/AVX-512 (YMM/ZMM)] ama_hkdf_agent_bound: 16 occurrence(s) in a non-kernel symbol. AVX2/AVX-512 code must live in src/c/avx2 or src/c/avx512, compiled under per-file -mavx2/-mavx512. An occurrence here means the per-file scoping regressed (a library-wide -mavx2, or a direct call that let a kernel inline out of its TU): the object now executes AVX/AVX2/AVX-512 (YMM/ZMM) on a path the dispatcher never gated on a CPUID check, so it faults on a host that lacks the feature. If this symbol really is a scoped kernel helper, rename it to carry the family's marker or add it to that family's allowlist with the TU it lives in.
  - [AVX/AVX2/AVX-512 (YMM/ZMM)] ama_hmac_sha256: 10 occurrence(s) in a non-kernel symbol. AVX2/AVX-512 code must live in src/c/avx2 or src/c/avx512, compiled under per-file -mavx2/-mavx512. An occurrence here means the per-file scoping regressed (a library-wide -mavx2, or a direct call that let a kernel inline out of its TU): the object now executes AVX/AVX2/AVX-512 (YMM/ZMM) on a path the dispatcher never gated on a CPUID check, so it faults on a host that lacks the feature. If this symbol really is a scoped kernel helper, rename it to carry the family's marker or add it to that family's allowlist with the TU it lives in.
  - [AVX/AVX2/AVX-512 (YMM/ZMM)] ama_hmac_sha256_2: 10 occurrence(s) in a non-kernel symbol. AVX2/AVX-512 code must live in src/c/avx2 or src/c/avx512, compiled under per-file -mavx2/-mavx512. An occurrence here means the per-file scoping regressed (a library-wide -mavx2, or a direct call that let a kernel inline out of its TU): the object now executes AVX/AVX2/AVX-512 (YMM/ZMM) on a path the dispatcher never gated on a CPUID check, so it faults on a host that lacks the feature. If this symbol really is a scoped kernel helper, rename it to carry the family's marker or add it to that family's allowlist with the TU it lives in.
  - [AVX/AVX2/AVX-512 (YMM/ZMM)] ama_hmac_sha384: 36 occurrence(s) in a non-kernel symbol. AVX2/AVX-512 code must live in src/c/avx2 or src/c/avx512, compiled under per-file -mavx2/-mavx512. An occurrence here means the per-file scoping regressed (a library-wide -mavx2, or a direct call that let a kernel inline out of its TU): the object now executes AVX/AVX2/AVX-512 (YMM/ZMM) on a path the dispatcher never gated on a CPUID check, so it faults on a host that lacks the feature. If this symbol really is a scoped kernel helper, rename it to carry the family's marker or add it to that family's allowlist with the TU it lives in.
  - [AVX/AVX2/AVX-512 (YMM/ZMM)] ama_hmac_sha512_3.constprop.0: 79 occurrence(s) in a non-kernel symbol. AVX2/AVX-512 code must live in src/c/avx2 or src/c/avx512, compiled under per-file -mavx2/-mavx512. An occurrence here means the per-file scoping regressed (a library-wide -mavx2, or a direct call that let a kernel inline out of its TU): the object now executes AVX/AVX2/AVX-512 (YMM/ZMM) on a path the dispatcher never gated on a CPUID check, so it faults on a host that lacks the feature. If this symbol really is a scoped kernel helper, rename it to carry the family's marker or add it to that family's allowlist with the TU it lives in.
  - [AVX/AVX2/AVX-512 (YMM/ZMM)] ama_nistp_ecdh: 170 occurrence(s) in a non-kernel symbol. AVX2/AVX-512 code must live in src/c/avx2 or src/c/avx512, compiled under per-file -mavx2/-mavx512. An occurrence here means the per-file scoping regressed (a library-wide -mavx2, or a direct call that let a kernel inline out of its TU): the object now executes AVX/AVX2/AVX-512 (YMM/ZMM) on a path the dispatcher never gated on a CPUID check, so it faults on a host that lacks the feature. If this symbol really is a scoped kernel helper, rename it to carry the family's marker or add it to that family's allowlist with the TU it lives in.
  - [AVX/AVX2/AVX-512 (YMM/ZMM)] ama_nistp_keypair: 18 occurrence(s) in a non-kernel symbol. AVX2/AVX-512 code must live in src/c/avx2 or src/c/avx512, compiled under per-file -mavx2/-mavx512. An occurrence here means the per-file scoping regressed (a library-wide -mavx2, or a direct call that let a kernel inline out of its TU): the object now executes AVX/AVX2/AVX-512 (YMM/ZMM) on a path the dispatcher never gated on a CPUID check, so it faults on a host that lacks the feature. If this symbol really is a scoped kernel helper, rename it to carry the family's marker or add it to that family's allowlist with the TU it lives in.
  - [AVX/AVX2/AVX-512 (YMM/ZMM)] ama_nistp_point_decode: 265 occurrence(s) in a non-kernel symbol. AVX2/AVX-512 code must live in src/c/avx2 or src/c/avx512, compiled under per-file -mavx2/-mavx512. An occurrence here means the per-file scoping regressed (a library-wide -mavx2, or a direct call that let a kernel inline out of its TU): the object now executes AVX/AVX2/AVX-512 (YMM/ZMM) on a path the dispatcher never gated on a CPUID check, so it faults on a host that lacks the feature. If this symbol really is a scoped kernel helper, rename it to carry the family's marker or add it to that family's allowlist with the TU it lives in.
  - [AVX/AVX2/AVX-512 (YMM/ZMM)] ama_nistp_pubkey_from_privkey: 264 occurrence(s) in a non-kernel symbol. AVX2/AVX-512 code must live in src/c/avx2 or src/c/avx512, compiled under per-file -mavx2/-mavx512. An occurrence here means the per-file scoping regressed (a library-wide -mavx2, or a direct call that let a kernel inline out of its TU): the object now executes AVX/AVX2/AVX-512 (YMM/ZMM) on a path the dispatcher never gated on a CPUID check, so it faults on a host that lacks the feature. If this symbol really is a scoped kernel helper, rename it to carry the family's marker or add it to that family's allowlist with the TU it lives in.
  - [AVX/AVX2/AVX-512 (YMM/ZMM)] ama_nistp_sig_der_to_raw: 32 occurrence(s) in a non-kernel symbol. AVX2/AVX-512 code must live in src/c/avx2 or src/c/avx512, compiled under per-file -mavx2/-mavx512. An occurrence here means the per-file scoping regressed (a library-wide -mavx2, or a direct call that let a kernel inline out of its TU): the object now executes AVX/AVX2/AVX-512 (YMM/ZMM) on a path the dispatcher never gated on a CPUID check, so it faults on a host that lacks the feature. If this symbol really is a scoped kernel helper, rename it to carry the family's marker or add it to that family's allowlist with the TU it lives in.
  - [AVX/AVX2/AVX-512 (YMM/ZMM)] ama_nistp_sig_raw_to_der: 32 occurrence(s) in a non-kernel symbol. AVX2/AVX-512 code must live in src/c/avx2 or src/c/avx512, compiled under per-file -mavx2/-mavx512. An occurrence here means the per-file scoping regressed (a library-wide -mavx2, or a direct call that let a kernel inline out of its TU): the object now executes AVX/AVX2/AVX-512 (YMM/ZMM) on a path the dispatcher never gated on a CPUID check, so it faults on a host that lacks the feature. If this symbol really is a scoped kernel helper, rename it to carry the family's marker or add it to that family's allowlist with the TU it lives in.
  - [AVX/AVX2/AVX-512 (YMM/ZMM)] ama_pbkdf2_hmac_sha256: 69 occurrence(s) in a non-kernel symbol. AVX2/AVX-512 code must live in src/c/avx2 or src/c/avx512, compiled under per-file -mavx2/-mavx512. An occurrence here means the per-file scoping regressed (a library-wide -mavx2, or a direct call that let a kernel inline out of its TU): the object now executes AVX/AVX2/AVX-512 (YMM/ZMM) on a path the dispatcher never gated on a CPUID check, so it faults on a host that lacks the feature. If this symbol really is a scoped kernel helper, rename it to carry the family's marker or add it to that family's allowlist with the TU it lives in.
  - [AVX/AVX2/AVX-512 (YMM/ZMM)] ama_pbkdf2_hmac_sha512: 98 occurrence(s) in a non-kernel symbol. AVX2/AVX-512 code must live in src/c/avx2 or src/c/avx512, compiled under per-file -mavx2/-mavx512. An occurrence here means the per-file scoping regressed (a library-wide -mavx2, or a direct call that let a kernel inline out of its TU): the object now executes AVX/AVX2/AVX-512 (YMM/ZMM) on a path the dispatcher never gated on a CPUID check, so it faults on a host that lacks the feature. If this symbol really is a scoped kernel helper, rename it to carry the family's marker or add it to that family's allowlist with the TU it lives in.
  - [AVX/AVX2/AVX-512 (YMM/ZMM)] ama_secp256k1_ecdsa_verify_ex: 37 occurrence(s) in a non-kernel symbol. AVX2/AVX-512 code must live in src/c/avx2 or src/c/avx512, compiled under per-file -mavx2/-mavx512. An occurrence here means the per-file scoping regressed (a library-wide -mavx2, or a direct call that let a kernel inline out of its TU): the object now executes AVX/AVX2/AVX-512 (YMM/ZMM) on a path the dispatcher never gated on a CPUID check, so it faults on a host that lacks the feature. If this symbol really is a scoped kernel helper, rename it to carry the family's marker or add it to that family's allowlist with the TU it lives in.
  - [AVX/AVX2/AVX-512 (YMM/ZMM)] ama_secp256k1_point_mul: 20 occurrence(s) in a non-kernel symbol. AVX2/AVX-512 code must live in src/c/avx2 or src/c/avx512, compiled under per-file -mavx2/-mavx512. An occurrence here means the per-file scoping regressed (a library-wide -mavx2, or a direct call that let a kernel inline out of its TU): the object now executes AVX/AVX2/AVX-512 (YMM/ZMM) on a path the dispatcher never gated on a CPUID check, so it faults on a host that lacks the feature. If this symbol really is a scoped kernel helper, rename it to carry the family's marker or add it to that family's allowlist with the TU it lives in.
  - [AVX/AVX2/AVX-512 (YMM/ZMM)] ama_secp256k1_pubkey_decompress: 8 occurrence(s) in a non-kernel symbol. AVX2/AVX-512 code must live in src/c/avx2 or src/c/avx512, compiled under per-file -mavx2/-mavx512. An occurrence here means the per-file scoping regressed (a library-wide -mavx2, or a direct call that let a kernel inline out of its TU): the object now executes AVX/AVX2/AVX-512 (YMM/ZMM) on a path the dispatcher never gated on a CPUID check, so it faults on a host that lacks the feature. If this symbol really is a scoped kernel helper, rename it to carry the family's marker or add it to that family's allowlist with the TU it lives in.
  - [AVX/AVX2/AVX-512 (YMM/ZMM)] ama_secp256k1_pubkey_from_privkey: 18 occurrence(s) in a non-kernel symbol. AVX2/AVX-512 code must live in src/c/avx2 or src/c/avx512, compiled under per-file -mavx2/-mavx512. An occurrence here means the per-file scoping regressed (a library-wide -mavx2, or a direct call that let a kernel inline out of its TU): the object now executes AVX/AVX2/AVX-512 (YMM/ZMM) on a path the dispatcher never gated on a CPUID check, so it faults on a host that lacks the feature. If this symbol really is a scoped kernel helper, rename it to carry the family's marker or add it to that family's allowlist with the TU it lives in.
  - [AVX/AVX2/AVX-512 (YMM/ZMM)] ama_sha256_init: 2 occurrence(s) in a non-kernel symbol. AVX2/AVX-512 code must live in src/c/avx2 or src/c/avx512, compiled under per-file -mavx2/-mavx512. An occurrence here means the per-file scoping regressed (a library-wide -mavx2, or a direct call that let a kernel inline out of its TU): the object now executes AVX/AVX2/AVX-512 (YMM/ZMM) on a path the dispatcher never gated on a CPUID check, so it faults on a host that lacks the feature. If this symbol really is a scoped kernel helper, rename it to carry the family's marker or add it to that family's allowlist with the TU it lives in.
  - [AVX/AVX2/AVX-512 (YMM/ZMM)] ama_sha384: 6 occurrence(s) in a non-kernel symbol. AVX2/AVX-512 code must live in src/c/avx2 or src/c/avx512, compiled under per-file -mavx2/-mavx512. An occurrence here means the per-file scoping regressed (a library-wide -mavx2, or a direct call that let a kernel inline out of its TU): the object now executes AVX/AVX2/AVX-512 (YMM/ZMM) on a path the dispatcher never gated on a CPUID check, so it faults on a host that lacks the feature. If this symbol really is a scoped kernel helper, rename it to carry the family's marker or add it to that family's allowlist with the TU it lives in.
  - [AVX/AVX2/AVX-512 (YMM/ZMM)] ama_sha3_256: 18 occurrence(s) in a non-kernel symbol. AVX2/AVX-512 code must live in src/c/avx2 or src/c/avx512, compiled under per-file -mavx2/-mavx512. An occurrence here means the per-file scoping regressed (a library-wide -mavx2, or a direct call that let a kernel inline out of its TU): the object now executes AVX/AVX2/AVX-512 (YMM/ZMM) on a path the dispatcher never gated on a CPUID check, so it faults on a host that lacks the feature. If this symbol really is a scoped kernel helper, rename it to carry the family's marker or add it to that family's allowlist with the TU it lives in.
  - [AVX/AVX2/AVX-512 (YMM/ZMM)] ama_sha3_384: 77 occurrence(s) in a non-kernel symbol. AVX2/AVX-512 code must live in src/c/avx2 or src/c/avx512, compiled under per-file -mavx2/-mavx512. An occurrence here means the per-file scoping regressed (a library-wide -mavx2, or a direct call that let a kernel inline out of its TU): the object now executes AVX/AVX2/AVX-512 (YMM/ZMM) on a path the dispatcher never gated on a CPUID check, so it faults on a host that lacks the feature. If this symbol really is a scoped kernel helper, rename it to carry the family's marker or add it to that family's allowlist with the TU it lives in.
  - [AVX/AVX2/AVX-512 (YMM/ZMM)] ama_sha3_512: 51 occurrence(s) in a non-kernel symbol. AVX2/AVX-512 code must live in src/c/avx2 or src/c/avx512, compiled under per-file -mavx2/-mavx512. An occurrence here means the per-file scoping regressed (a library-wide -mavx2, or a direct call that let a kernel inline out of its TU): the object now executes AVX/AVX2/AVX-512 (YMM/ZMM) on a path the dispatcher never gated on a CPUID check, so it faults on a host that lacks the feature. If this symbol really is a scoped kernel helper, rename it to carry the family's marker or add it to that family's allowlist with the TU it lives in.
  - [AVX/AVX2/AVX-512 (YMM/ZMM)] ama_sha3_512_final: 8 occurrence(s) in a non-kernel symbol. AVX2/AVX-512 code must live in src/c/avx2 or src/c/avx512, compiled under per-file -mavx2/-mavx512. An occurrence here means the per-file scoping regressed (a library-wide -mavx2, or a direct call that let a kernel inline out of its TU): the object now executes AVX/AVX2/AVX-512 (YMM/ZMM) on a path the dispatcher never gated on a CPUID check, so it faults on a host that lacks the feature. If this symbol really is a scoped kernel helper, rename it to carry the family's marker or add it to that family's allowlist with the TU it lives in.
  - [AVX/AVX2/AVX-512 (YMM/ZMM)] ama_sha3_512_update: 6 occurrence(s) in a non-kernel symbol. AVX2/AVX-512 code must live in src/c/avx2 or src/c/avx512, compiled under per-file -mavx2/-mavx512. An occurrence here means the per-file scoping regressed (a library-wide -mavx2, or a direct call that let a kernel inline out of its TU): the object now executes AVX/AVX2/AVX-512 (YMM/ZMM) on a path the dispatcher never gated on a CPUID check, so it faults on a host that lacks the feature. If this symbol really is a scoped kernel helper, rename it to carry the family's marker or add it to that family's allowlist with the TU it lives in.
  - [AVX/AVX2/AVX-512 (YMM/ZMM)] ama_sha3_final: 16 occurrence(s) in a non-kernel symbol. AVX2/AVX-512 code must live in src/c/avx2 or src/c/avx512, compiled under per-file -mavx2/-mavx512. An occurrence here means the per-file scoping regressed (a library-wide -mavx2, or a direct call that let a kernel inline out of its TU): the object now executes AVX/AVX2/AVX-512 (YMM/ZMM) on a path the dispatcher never gated on a CPUID check, so it faults on a host that lacks the feature. If this symbol really is a scoped kernel helper, rename it to carry the family's marker or add it to that family's allowlist with the TU it lives in.
  - [AVX/AVX2/AVX-512 (YMM/ZMM)] ama_sha3_update: 24 occurrence(s) in a non-kernel symbol. AVX2/AVX-512 code must live in src/c/avx2 or src/c/avx512, compiled under per-file -mavx2/-mavx512. An occurrence here means the per-file scoping regressed (a library-wide -mavx2, or a direct call that let a kernel inline out of its TU): the object now executes AVX/AVX2/AVX-512 (YMM/ZMM) on a path the dispatcher never gated on a CPUID check, so it faults on a host that lacks the feature. If this symbol really is a scoped kernel helper, rename it to carry the family's marker or add it to that family's allowlist with the TU it lives in.
  - [AVX/AVX2/AVX-512 (YMM/ZMM)] ama_sha512: 4 occurrence(s) in a non-kernel symbol. AVX2/AVX-512 code must live in src/c/avx2 or src/c/avx512, compiled under per-file -mavx2/-mavx512. An occurrence here means the per-file scoping regressed (a library-wide -mavx2, or a direct call that let a kernel inline out of its TU): the object now executes AVX/AVX2/AVX-512 (YMM/ZMM) on a path the dispatcher never gated on a CPUID check, so it faults on a host that lacks the feature. If this symbol really is a scoped kernel helper, rename it to carry the family's marker or add it to that family's allowlist with the TU it lives in.
  - [AVX/AVX2/AVX-512 (YMM/ZMM)] ama_sha512_ctx_update.constprop.0: 4 occurrence(s) in a non-kernel symbol. AVX2/AVX-512 code must live in src/c/avx2 or src/c/avx512, compiled under per-file -mavx2/-mavx512. An occurrence here means the per-file scoping regressed (a library-wide -mavx2, or a direct call that let a kernel inline out of its TU): the object now executes AVX/AVX2/AVX-512 (YMM/ZMM) on a path the dispatcher never gated on a CPUID check, so it faults on a host that lacks the feature. If this symbol really is a scoped kernel helper, rename it to carry the family's marker or add it to that family's allowlist with the TU it lives in.
  - [AVX/AVX2/AVX-512 (YMM/ZMM)] ama_sha512_transform: 70 occurrence(s) in a non-kernel symbol. AVX2/AVX-512 code must live in src/c/avx2 or src/c/avx512, compiled under per-file -mavx2/-mavx512. An occurrence here means the per-file scoping regressed (a library-wide -mavx2, or a direct call that let a kernel inline out of its TU): the object now executes AVX/AVX2/AVX-512 (YMM/ZMM) on a path the dispatcher never gated on a CPUID check, so it faults on a host that lacks the feature. If this symbol really is a scoped kernel helper, rename it to carry the family's marker or add it to that family's allowlist with the TU it lives in.
  - [AVX/AVX2/AVX-512 (YMM/ZMM)] ama_shake128: 204 occurrence(s) in a non-kernel symbol. AVX2/AVX-512 code must live in src/c/avx2 or src/c/avx512, compiled under per-file -mavx2/-mavx512. An occurrence here means the per-file scoping regressed (a library-wide -mavx2, or a direct call that let a kernel inline out of its TU): the object now executes AVX/AVX2/AVX-512 (YMM/ZMM) on a path the dispatcher never gated on a CPUID check, so it faults on a host that lacks the feature. If this symbol really is a scoped kernel helper, rename it to carry the family's marker or add it to that family's allowlist with the TU it lives in.
  - [AVX/AVX2/AVX-512 (YMM/ZMM)] ama_shake128_inc_absorb: 30 occurrence(s) in a non-kernel symbol. AVX2/AVX-512 code must live in src/c/avx2 or src/c/avx512, compiled under per-file -mavx2/-mavx512. An occurrence here means the per-file scoping regressed (a library-wide -mavx2, or a direct call that let a kernel inline out of its TU): the object now executes AVX/AVX2/AVX-512 (YMM/ZMM) on a path the dispatcher never gated on a CPUID check, so it faults on a host that lacks the feature. If this symbol really is a scoped kernel helper, rename it to carry the family's marker or add it to that family's allowlist with the TU it lives in.
  - [AVX/AVX2/AVX-512 (YMM/ZMM)] ama_shake128_inc_finalize: 15 occurrence(s) in a non-kernel symbol. AVX2/AVX-512 code must live in src/c/avx2 or src/c/avx512, compiled under per-file -mavx2/-mavx512. An occurrence here means the per-file scoping regressed (a library-wide -mavx2, or a direct call that let a kernel inline out of its TU): the object now executes AVX/AVX2/AVX-512 (YMM/ZMM) on a path the dispatcher never gated on a CPUID check, so it faults on a host that lacks the feature. If this symbol really is a scoped kernel helper, rename it to carry the family's marker or add it to that family's allowlist with the TU it lives in.
  - [AVX/AVX2/AVX-512 (YMM/ZMM)] ama_shake128_x4_absorb_once: 15 occurrence(s) in a non-kernel symbol. AVX2/AVX-512 code must live in src/c/avx2 or src/c/avx512, compiled under per-file -mavx2/-mavx512. An occurrence here means the per-file scoping regressed (a library-wide -mavx2, or a direct call that let a kernel inline out of its TU): the object now executes AVX/AVX2/AVX-512 (YMM/ZMM) on a path the dispatcher never gated on a CPUID check, so it faults on a host that lacks the feature. If this symbol really is a scoped kernel helper, rename it to carry the family's marker or add it to that family's allowlist with the TU it lives in.
  - [AVX/AVX2/AVX-512 (YMM/ZMM)] ama_shake256: 160 occurrence(s) in a non-kernel symbol. AVX2/AVX-512 code must live in src/c/avx2 or src/c/avx512, compiled under per-file -mavx2/-mavx512. An occurrence here means the per-file scoping regressed (a library-wide -mavx2, or a direct call that let a kernel inline out of its TU): the object now executes AVX/AVX2/AVX-512 (YMM/ZMM) on a path the dispatcher never gated on a CPUID check, so it faults on a host that lacks the feature. If this symbol really is a scoped kernel helper, rename it to carry the family's marker or add it to that family's allowlist with the TU it lives in.
  - [AVX/AVX2/AVX-512 (YMM/ZMM)] ama_shake256_inc_finalize: 16 occurrence(s) in a non-kernel symbol. AVX2/AVX-512 code must live in src/c/avx2 or src/c/avx512, compiled under per-file -mavx2/-mavx512. An occurrence here means the per-file scoping regressed (a library-wide -mavx2, or a direct call that let a kernel inline out of its TU): the object now executes AVX/AVX2/AVX-512 (YMM/ZMM) on a path the dispatcher never gated on a CPUID check, so it faults on a host that lacks the feature. If this symbol really is a scoped kernel helper, rename it to carry the family's marker or add it to that family's allowlist with the TU it lives in.
  - [AVX/AVX2/AVX-512 (YMM/ZMM)] ama_shake256_x4_absorb_once: 16 occurrence(s) in a non-kernel symbol. AVX2/AVX-512 code must live in src/c/avx2 or src/c/avx512, compiled under per-file -mavx2/-mavx512. An occurrence here means the per-file scoping regressed (a library-wide -mavx2, or a direct call that let a kernel inline out of its TU): the object now executes AVX/AVX2/AVX-512 (YMM/ZMM) on a path the dispatcher never gated on a CPUID check, so it faults on a host that lacks the feature. If this symbol really is a scoped kernel helper, rename it to carry the family's marker or add it to that family's allowlist with the TU it lives in.
  - [AVX/AVX2/AVX-512 (YMM/ZMM)] ama_slhdsa_verify: 1 occurrence(s) in a non-kernel symbol. AVX2/AVX-512 code must live in src/c/avx2 or src/c/avx512, compiled under per-file -mavx2/-mavx512. An occurrence here means the per-file scoping regressed (a library-wide -mavx2, or a direct call that let a kernel inline out of its TU): the object now executes AVX/AVX2/AVX-512 (YMM/ZMM) on a path the dispatcher never gated on a CPUID check, so it faults on a host that lacks the feature. If this symbol really is a scoped kernel helper, rename it to carry the family's marker or add it to that family's allowlist with the TU it lives in.
  - [AVX/AVX2/AVX-512 (YMM/ZMM)] ama_sphincs_keypair: 10 occurrence(s) in a non-kernel symbol. AVX2/AVX-512 code must live in src/c/avx2 or src/c/avx512, compiled under per-file -mavx2/-mavx512. An occurrence here means the per-file scoping regressed (a library-wide -mavx2, or a direct call that let a kernel inline out of its TU): the object now executes AVX/AVX2/AVX-512 (YMM/ZMM) on a path the dispatcher never gated on a CPUID check, so it faults on a host that lacks the feature. If this symbol really is a scoped kernel helper, rename it to carry the family's marker or add it to that family's allowlist with the TU it lives in.
  - [AVX/AVX2/AVX-512 (YMM/ZMM)] ama_sphincs_verify: 7 occurrence(s) in a non-kernel symbol. AVX2/AVX-512 code must live in src/c/avx2 or src/c/avx512, compiled under per-file -mavx2/-mavx512. An occurrence here means the per-file scoping regressed (a library-wide -mavx2, or a direct call that let a kernel inline out of its TU): the object now executes AVX/AVX2/AVX-512 (YMM/ZMM) on a path the dispatcher never gated on a CPUID check, so it faults on a host that lacks the feature. If this symbol really is a scoped kernel helper, rename it to carry the family's marker or add it to that family's allowlist with the TU it lives in.
  - [AVX/AVX2/AVX-512 (YMM/ZMM)] argon2_G_scalar: 48 occurrence(s) in a non-kernel symbol. AVX2/AVX-512 code must live in src/c/avx2 or src/c/avx512, compiled under per-file -mavx2/-mavx512. An occurrence here means the per-file scoping regressed (a library-wide -mavx2, or a direct call that let a kernel inline out of its TU): the object now executes AVX/AVX2/AVX-512 (YMM/ZMM) on a path the dispatcher never gated on a CPUID check, so it faults on a host that lacks the feature. If this symbol really is a scoped kernel helper, rename it to carry the family's marker or add it to that family's allowlist with the TU it lives in.
  - [AVX/AVX2/AVX-512 (YMM/ZMM)] blake2b_compress: 8 occurrence(s) in a non-kernel symbol. AVX2/AVX-512 code must live in src/c/avx2 or src/c/avx512, compiled under per-file -mavx2/-mavx512. An occurrence here means the per-file scoping regressed (a library-wide -mavx2, or a direct call that let a kernel inline out of its TU): the object now executes AVX/AVX2/AVX-512 (YMM/ZMM) on a path the dispatcher never gated on a CPUID check, so it faults on a host that lacks the feature. If this symbol really is a scoped kernel helper, rename it to carry the family's marker or add it to that family's allowlist with the TU it lives in.
  - [AVX/AVX2/AVX-512 (YMM/ZMM)] blake2b_long_impl: 42 occurrence(s) in a non-kernel symbol. AVX2/AVX-512 code must live in src/c/avx2 or src/c/avx512, compiled under per-file -mavx2/-mavx512. An occurrence here means the per-file scoping regressed (a library-wide -mavx2, or a direct call that let a kernel inline out of its TU): the object now executes AVX/AVX2/AVX-512 (YMM/ZMM) on a path the dispatcher never gated on a CPUID check, so it faults on a host that lacks the feature. If this symbol really is a scoped kernel helper, rename it to carry the family's marker or add it to that family's allowlist with the TU it lives in.
  - [AVX/AVX2/AVX-512 (YMM/ZMM)] chacha20_block: 2 occurrence(s) in a non-kernel symbol. AVX2/AVX-512 code must live in src/c/avx2 or src/c/avx512, compiled under per-file -mavx2/-mavx512. An occurrence here means the per-file scoping regressed (a library-wide -mavx2, or a direct call that let a kernel inline out of its TU): the object now executes AVX/AVX2/AVX-512 (YMM/ZMM) on a path the dispatcher never gated on a CPUID check, so it faults on a host that lacks the feature. If this symbol really is a scoped kernel helper, rename it to carry the family's marker or add it to that family's allowlist with the TU it lives in.
  - [AVX/AVX2/AVX-512 (YMM/ZMM)] chacha20_xor.constprop.0: 54 occurrence(s) in a non-kernel symbol. AVX2/AVX-512 code must live in src/c/avx2 or src/c/avx512, compiled under per-file -mavx2/-mavx512. An occurrence here means the per-file scoping regressed (a library-wide -mavx2, or a direct call that let a kernel inline out of its TU): the object now executes AVX/AVX2/AVX-512 (YMM/ZMM) on a path the dispatcher never gated on a CPUID check, so it faults on a host that lacks the feature. If this symbol really is a scoped kernel helper, rename it to carry the family's marker or add it to that family's allowlist with the TU it lives in.
  - [AVX/AVX2/AVX-512 (YMM/ZMM)] compute_binding_factor: 4 occurrence(s) in a non-kernel symbol. AVX2/AVX-512 code must live in src/c/avx2 or src/c/avx512, compiled under per-file -mavx2/-mavx512. An occurrence here means the per-file scoping regressed (a library-wide -mavx2, or a direct call that let a kernel inline out of its TU): the object now executes AVX/AVX2/AVX-512 (YMM/ZMM) on a path the dispatcher never gated on a CPUID check, so it faults on a host that lacks the feature. If this symbol really is a scoped kernel helper, rename it to carry the family's marker or add it to that family's allowlist with the TU it lives in.
  - [AVX/AVX2/AVX-512 (YMM/ZMM)] compute_group_commitment: 4 occurrence(s) in a non-kernel symbol. AVX2/AVX-512 code must live in src/c/avx2 or src/c/avx512, compiled under per-file -mavx2/-mavx512. An occurrence here means the per-file scoping regressed (a library-wide -mavx2, or a direct call that let a kernel inline out of its TU): the object now executes AVX/AVX2/AVX-512 (YMM/ZMM) on a path the dispatcher never gated on a CPUID check, so it faults on a host that lacks the feature. If this symbol really is a scoped kernel helper, rename it to carry the family's marker or add it to that family's allowlist with the TU it lives in.
  - [AVX/AVX2/AVX-512 (YMM/ZMM)] curved25519_scalarmult_basepoint: 2 occurrence(s) in a non-kernel symbol. AVX2/AVX-512 code must live in src/c/avx2 or src/c/avx512, compiled under per-file -mavx2/-mavx512. An occurrence here means the per-file scoping regressed (a library-wide -mavx2, or a direct call that let a kernel inline out of its TU): the object now executes AVX/AVX2/AVX-512 (YMM/ZMM) on a path the dispatcher never gated on a CPUID check, so it faults on a host that lacks the feature. If this symbol really is a scoped kernel helper, rename it to carry the family's marker or add it to that family's allowlist with the TU it lives in.
  - [AVX/AVX2/AVX-512 (YMM/ZMM)] der_parse_integer: 7 occurrence(s) in a non-kernel symbol. AVX2/AVX-512 code must live in src/c/avx2 or src/c/avx512, compiled under per-file -mavx2/-mavx512. An occurrence here means the per-file scoping regressed (a library-wide -mavx2, or a direct call that let a kernel inline out of its TU): the object now executes AVX/AVX2/AVX-512 (YMM/ZMM) on a path the dispatcher never gated on a CPUID check, so it faults on a host that lacks the feature. If this symbol really is a scoped kernel helper, rename it to carry the family's marker or add it to that family's allowlist with the TU it lives in.
  - [AVX/AVX2/AVX-512 (YMM/ZMM)] dil_invntt_scalar: 171 occurrence(s) in a non-kernel symbol. AVX2/AVX-512 code must live in src/c/avx2 or src/c/avx512, compiled under per-file -mavx2/-mavx512. An occurrence here means the per-file scoping regressed (a library-wide -mavx2, or a direct call that let a kernel inline out of its TU): the object now executes AVX/AVX2/AVX-512 (YMM/ZMM) on a path the dispatcher never gated on a CPUID check, so it faults on a host that lacks the feature. If this symbol really is a scoped kernel helper, rename it to carry the family's marker or add it to that family's allowlist with the TU it lives in.
  - [AVX/AVX2/AVX-512 (YMM/ZMM)] dil_keygen_internal: 684 occurrence(s) in a non-kernel symbol. AVX2/AVX-512 code must live in src/c/avx2 or src/c/avx512, compiled under per-file -mavx2/-mavx512. An occurrence here means the per-file scoping regressed (a library-wide -mavx2, or a direct call that let a kernel inline out of its TU): the object now executes AVX/AVX2/AVX-512 (YMM/ZMM) on a path the dispatcher never gated on a CPUID check, so it faults on a host that lacks the feature. If this symbol really is a scoped kernel helper, rename it to carry the family's marker or add it to that family's allowlist with the TU it lives in.
  - [AVX/AVX2/AVX-512 (YMM/ZMM)] dil_matrix_pointwise_rowwise: 164 occurrence(s) in a non-kernel symbol. AVX2/AVX-512 code must live in src/c/avx2 or src/c/avx512, compiled under per-file -mavx2/-mavx512. An occurrence here means the per-file scoping regressed (a library-wide -mavx2, or a direct call that let a kernel inline out of its TU): the object now executes AVX/AVX2/AVX-512 (YMM/ZMM) on a path the dispatcher never gated on a CPUID check, so it faults on a host that lacks the feature. If this symbol really is a scoped kernel helper, rename it to carry the family's marker or add it to that family's allowlist with the TU it lives in.
  - [AVX/AVX2/AVX-512 (YMM/ZMM)] dil_ntt: 108 occurrence(s) in a non-kernel symbol. AVX2/AVX-512 code must live in src/c/avx2 or src/c/avx512, compiled under per-file -mavx2/-mavx512. An occurrence here means the per-file scoping regressed (a library-wide -mavx2, or a direct call that let a kernel inline out of its TU): the object now executes AVX/AVX2/AVX-512 (YMM/ZMM) on a path the dispatcher never gated on a CPUID check, so it faults on a host that lacks the feature. If this symbol really is a scoped kernel helper, rename it to carry the family's marker or add it to that family's allowlist with the TU it lives in.
  - [AVX/AVX2/AVX-512 (YMM/ZMM)] dil_poly_uniform: 2 occurrence(s) in a non-kernel symbol. AVX2/AVX-512 code must live in src/c/avx2 or src/c/avx512, compiled under per-file -mavx2/-mavx512. An occurrence here means the per-file scoping regressed (a library-wide -mavx2, or a direct call that let a kernel inline out of its TU): the object now executes AVX/AVX2/AVX-512 (YMM/ZMM) on a path the dispatcher never gated on a CPUID check, so it faults on a host that lacks the feature. If this symbol really is a scoped kernel helper, rename it to carry the family's marker or add it to that family's allowlist with the TU it lives in.
  - [AVX/AVX2/AVX-512 (YMM/ZMM)] dil_poly_uniform_eta: 4 occurrence(s) in a non-kernel symbol. AVX2/AVX-512 code must live in src/c/avx2 or src/c/avx512, compiled under per-file -mavx2/-mavx512. An occurrence here means the per-file scoping regressed (a library-wide -mavx2, or a direct call that let a kernel inline out of its TU): the object now executes AVX/AVX2/AVX-512 (YMM/ZMM) on a path the dispatcher never gated on a CPUID check, so it faults on a host that lacks the feature. If this symbol really is a scoped kernel helper, rename it to carry the family's marker or add it to that family's allowlist with the TU it lives in.
  - [AVX/AVX2/AVX-512 (YMM/ZMM)] dil_polyeta_pack.part.0: 527 occurrence(s) in a non-kernel symbol. AVX2/AVX-512 code must live in src/c/avx2 or src/c/avx512, compiled under per-file -mavx2/-mavx512. An occurrence here means the per-file scoping regressed (a library-wide -mavx2, or a direct call that let a kernel inline out of its TU): the object now executes AVX/AVX2/AVX-512 (YMM/ZMM) on a path the dispatcher never gated on a CPUID check, so it faults on a host that lacks the feature. If this symbol really is a scoped kernel helper, rename it to carry the family's marker or add it to that family's allowlist with the TU it lives in.
  - [AVX/AVX2/AVX-512 (YMM/ZMM)] dil_polyeta_unpack.isra.0: 302 occurrence(s) in a non-kernel symbol. AVX2/AVX-512 code must live in src/c/avx2 or src/c/avx512, compiled under per-file -mavx2/-mavx512. An occurrence here means the per-file scoping regressed (a library-wide -mavx2, or a direct call that let a kernel inline out of its TU): the object now executes AVX/AVX2/AVX-512 (YMM/ZMM) on a path the dispatcher never gated on a CPUID check, so it faults on a host that lacks the feature. If this symbol really is a scoped kernel helper, rename it to carry the family's marker or add it to that family's allowlist with the TU it lives in.
  - [AVX/AVX2/AVX-512 (YMM/ZMM)] dil_polyvec_uniform_eta: 4 occurrence(s) in a non-kernel symbol. AVX2/AVX-512 code must live in src/c/avx2 or src/c/avx512, compiled under per-file -mavx2/-mavx512. An occurrence here means the per-file scoping regressed (a library-wide -mavx2, or a direct call that let a kernel inline out of its TU): the object now executes AVX/AVX2/AVX-512 (YMM/ZMM) on a path the dispatcher never gated on a CPUID check, so it faults on a host that lacks the feature. If this symbol really is a scoped kernel helper, rename it to carry the family's marker or add it to that family's allowlist with the TU it lives in.
  - [AVX/AVX2/AVX-512 (YMM/ZMM)] dil_polyw1_pack.part.0: 355 occurrence(s) in a non-kernel symbol. AVX2/AVX-512 code must live in src/c/avx2 or src/c/avx512, compiled under per-file -mavx2/-mavx512. An occurrence here means the per-file scoping regressed (a library-wide -mavx2, or a direct call that let a kernel inline out of its TU): the object now executes AVX/AVX2/AVX-512 (YMM/ZMM) on a path the dispatcher never gated on a CPUID check, so it faults on a host that lacks the feature. If this symbol really is a scoped kernel helper, rename it to carry the family's marker or add it to that family's allowlist with the TU it lives in.
  - [AVX/AVX2/AVX-512 (YMM/ZMM)] dil_pubkey_from_sk: 537 occurrence(s) in a non-kernel symbol. AVX2/AVX-512 code must live in src/c/avx2 or src/c/avx512, compiled under per-file -mavx2/-mavx512. An occurrence here means the per-file scoping regressed (a library-wide -mavx2, or a direct call that let a kernel inline out of its TU): the object now executes AVX/AVX2/AVX-512 (YMM/ZMM) on a path the dispatcher never gated on a CPUID check, so it faults on a host that lacks the feature. If this symbol really is a scoped kernel helper, rename it to carry the family's marker or add it to that family's allowlist with the TU it lives in.
  - [AVX/AVX2/AVX-512 (YMM/ZMM)] dil_sample_uniform_n: 5 occurrence(s) in a non-kernel symbol. AVX2/AVX-512 code must live in src/c/avx2 or src/c/avx512, compiled under per-file -mavx2/-mavx512. An occurrence here means the per-file scoping regressed (a library-wide -mavx2, or a direct call that let a kernel inline out of its TU): the object now executes AVX/AVX2/AVX-512 (YMM/ZMM) on a path the dispatcher never gated on a CPUID check, so it faults on a host that lacks the feature. If this symbol really is a scoped kernel helper, rename it to carry the family's marker or add it to that family's allowlist with the TU it lives in.
  - [AVX/AVX2/AVX-512 (YMM/ZMM)] dil_sign_internal: 1259 occurrence(s) in a non-kernel symbol. AVX2/AVX-512 code must live in src/c/avx2 or src/c/avx512, compiled under per-file -mavx2/-mavx512. An occurrence here means the per-file scoping regressed (a library-wide -mavx2, or a direct call that let a kernel inline out of its TU): the object now executes AVX/AVX2/AVX-512 (YMM/ZMM) on a path the dispatcher never gated on a CPUID check, so it faults on a host that lacks the feature. If this symbol really is a scoped kernel helper, rename it to carry the family's marker or add it to that family's allowlist with the TU it lives in.
  - [AVX/AVX2/AVX-512 (YMM/ZMM)] dil_verify_internal: 791 occurrence(s) in a non-kernel symbol. AVX2/AVX-512 code must live in src/c/avx2 or src/c/avx512, compiled under per-file -mavx2/-mavx512. An occurrence here means the per-file scoping regressed (a library-wide -mavx2, or a direct call that let a kernel inline out of its TU): the object now executes AVX/AVX2/AVX-512 (YMM/ZMM) on a path the dispatcher never gated on a CPUID check, so it faults on a host that lacks the feature. If this symbol really is a scoped kernel helper, rename it to carry the family's marker or add it to that family's allowlist with the TU it lives in.
  - [AVX/AVX2/AVX-512 (YMM/ZMM)] dispatch_bench_kyber_ntt.constprop.0: 256 occurrence(s) in a non-kernel symbol. AVX2/AVX-512 code must live in src/c/avx2 or src/c/avx512, compiled under per-file -mavx2/-mavx512. An occurrence here means the per-file scoping regressed (a library-wide -mavx2, or a direct call that let a kernel inline out of its TU): the object now executes AVX/AVX2/AVX-512 (YMM/ZMM) on a path the dispatcher never gated on a CPUID check, so it faults on a host that lacks the feature. If this symbol really is a scoped kernel helper, rename it to carry the family's marker or add it to that family's allowlist with the TU it lives in.
  - [AVX/AVX2/AVX-512 (YMM/ZMM)] dispatch_init_internal: 278 occurrence(s) in a non-kernel symbol. AVX2/AVX-512 code must live in src/c/avx2 or src/c/avx512, compiled under per-file -mavx2/-mavx512. An occurrence here means the per-file scoping regressed (a library-wide -mavx2, or a direct call that let a kernel inline out of its TU): the object now executes AVX/AVX2/AVX-512 (YMM/ZMM) on a path the dispatcher never gated on a CPUID check, so it faults on a host that lacks the feature. If this symbol really is a scoped kernel helper, rename it to carry the family's marker or add it to that family's allowlist with the TU it lives in.
  - [AVX/AVX2/AVX-512 (YMM/ZMM)] ed25519_hash_final: 3 occurrence(s) in a non-kernel symbol. AVX2/AVX-512 code must live in src/c/avx2 or src/c/avx512, compiled under per-file -mavx2/-mavx512. An occurrence here means the per-file scoping regressed (a library-wide -mavx2, or a direct call that let a kernel inline out of its TU): the object now executes AVX/AVX2/AVX-512 (YMM/ZMM) on a path the dispatcher never gated on a CPUID check, so it faults on a host that lacks the feature. If this symbol really is a scoped kernel helper, rename it to carry the family's marker or add it to that family's allowlist with the TU it lives in.
  - [AVX/AVX2/AVX-512 (YMM/ZMM)] ed25519_publickey: 10 occurrence(s) in a non-kernel symbol. AVX2/AVX-512 code must live in src/c/avx2 or src/c/avx512, compiled under per-file -mavx2/-mavx512. An occurrence here means the per-file scoping regressed (a library-wide -mavx2, or a direct call that let a kernel inline out of its TU): the object now executes AVX/AVX2/AVX-512 (YMM/ZMM) on a path the dispatcher never gated on a CPUID check, so it faults on a host that lacks the feature. If this symbol really is a scoped kernel helper, rename it to carry the family's marker or add it to that family's allowlist with the TU it lives in.
  - [AVX/AVX2/AVX-512 (YMM/ZMM)] ed25519_sign: 28 occurrence(s) in a non-kernel symbol. AVX2/AVX-512 code must live in src/c/avx2 or src/c/avx512, compiled under per-file -mavx2/-mavx512. An occurrence here means the per-file scoping regressed (a library-wide -mavx2, or a direct call that let a kernel inline out of its TU): the object now executes AVX/AVX2/AVX-512 (YMM/ZMM) on a path the dispatcher never gated on a CPUID check, so it faults on a host that lacks the feature. If this symbol really is a scoped kernel helper, rename it to carry the family's marker or add it to that family's allowlist with the TU it lives in.
  - [AVX/AVX2/AVX-512 (YMM/ZMM)] ed25519_sign_open: 40 occurrence(s) in a non-kernel symbol. AVX2/AVX-512 code must live in src/c/avx2 or src/c/avx512, compiled under per-file -mavx2/-mavx512. An occurrence here means the per-file scoping regressed (a library-wide -mavx2, or a direct call that let a kernel inline out of its TU): the object now executes AVX/AVX2/AVX-512 (YMM/ZMM) on a path the dispatcher never gated on a CPUID check, so it faults on a host that lacks the feature. If this symbol really is a scoped kernel helper, rename it to carry the family's marker or add it to that family's allowlist with the TU it lives in.
  - [AVX/AVX2/AVX-512 (YMM/ZMM)] ed25519_sign_open_batch: 68 occurrence(s) in a non-kernel symbol. AVX2/AVX-512 code must live in src/c/avx2 or src/c/avx512, compiled under per-file -mavx2/-mavx512. An occurrence here means the per-file scoping regressed (a library-wide -mavx2, or a direct call that let a kernel inline out of its TU): the object now executes AVX/AVX2/AVX-512 (YMM/ZMM) on a path the dispatcher never gated on a CPUID check, so it faults on a host that lacks the feature. If this symbol really is a scoped kernel helper, rename it to carry the family's marker or add it to that family's allowlist with the TU it lives in.
  - [AVX/AVX2/AVX-512 (YMM/ZMM)] expand256_modm.constprop.1: 9 occurrence(s) in a non-kernel symbol. AVX2/AVX-512 code must live in src/c/avx2 or src/c/avx512, compiled under per-file -mavx2/-mavx512. An occurrence here means the per-file scoping regressed (a library-wide -mavx2, or a direct call that let a kernel inline out of its TU): the object now executes AVX/AVX2/AVX-512 (YMM/ZMM) on a path the dispatcher never gated on a CPUID check, so it faults on a host that lacks the feature. If this symbol really is a scoped kernel helper, rename it to carry the family's marker or add it to that family's allowlist with the TU it lives in.
  - [AVX/AVX2/AVX-512 (YMM/ZMM)] fe64_tobytes: 2 occurrence(s) in a non-kernel symbol. AVX2/AVX-512 code must live in src/c/avx2 or src/c/avx512, compiled under per-file -mavx2/-mavx512. An occurrence here means the per-file scoping regressed (a library-wide -mavx2, or a direct call that let a kernel inline out of its TU): the object now executes AVX/AVX2/AVX-512 (YMM/ZMM) on a path the dispatcher never gated on a CPUID check, so it faults on a host that lacks the feature. If this symbol really is a scoped kernel helper, rename it to carry the family's marker or add it to that family's allowlist with the TU it lives in.
  - [AVX/AVX2/AVX-512 (YMM/ZMM)] ge25519_double_scalarmult_vartime: 195 occurrence(s) in a non-kernel symbol. AVX2/AVX-512 code must live in src/c/avx2 or src/c/avx512, compiled under per-file -mavx2/-mavx512. An occurrence here means the per-file scoping regressed (a library-wide -mavx2, or a direct call that let a kernel inline out of its TU): the object now executes AVX/AVX2/AVX-512 (YMM/ZMM) on a path the dispatcher never gated on a CPUID check, so it faults on a host that lacks the feature. If this symbol really is a scoped kernel helper, rename it to carry the family's marker or add it to that family's allowlist with the TU it lives in.
  - [AVX/AVX2/AVX-512 (YMM/ZMM)] ge25519_pack: 2 occurrence(s) in a non-kernel symbol. AVX2/AVX-512 code must live in src/c/avx2 or src/c/avx512, compiled under per-file -mavx2/-mavx512. An occurrence here means the per-file scoping regressed (a library-wide -mavx2, or a direct call that let a kernel inline out of its TU): the object now executes AVX/AVX2/AVX-512 (YMM/ZMM) on a path the dispatcher never gated on a CPUID check, so it faults on a host that lacks the feature. If this symbol really is a scoped kernel helper, rename it to carry the family's marker or add it to that family's allowlist with the TU it lives in.
  - [AVX/AVX2/AVX-512 (YMM/ZMM)] ge25519_scalarmult_base_niels.constprop.0: 3 occurrence(s) in a non-kernel symbol. AVX2/AVX-512 code must live in src/c/avx2 or src/c/avx512, compiled under per-file -mavx2/-mavx512. An occurrence here means the per-file scoping regressed (a library-wide -mavx2, or a direct call that let a kernel inline out of its TU): the object now executes AVX/AVX2/AVX-512 (YMM/ZMM) on a path the dispatcher never gated on a CPUID check, so it faults on a host that lacks the feature. If this symbol really is a scoped kernel helper, rename it to carry the family's marker or add it to that family's allowlist with the TU it lives in.
  - [AVX/AVX2/AVX-512 (YMM/ZMM)] ge25519_unpack_negative_vartime: 58 occurrence(s) in a non-kernel symbol. AVX2/AVX-512 code must live in src/c/avx2 or src/c/avx512, compiled under per-file -mavx2/-mavx512. An occurrence here means the per-file scoping regressed (a library-wide -mavx2, or a direct call that let a kernel inline out of its TU): the object now executes AVX/AVX2/AVX-512 (YMM/ZMM) on a path the dispatcher never gated on a CPUID check, so it faults on a host that lacks the feature. If this symbol really is a scoped kernel helper, rename it to carry the family's marker or add it to that family's allowlist with the TU it lives in.
  - [AVX/AVX2/AVX-512 (YMM/ZMM)] hmac_sha3_256: 36 occurrence(s) in a non-kernel symbol. AVX2/AVX-512 code must live in src/c/avx2 or src/c/avx512, compiled under per-file -mavx2/-mavx512. An occurrence here means the per-file scoping regressed (a library-wide -mavx2, or a direct call that let a kernel inline out of its TU): the object now executes AVX/AVX2/AVX-512 (YMM/ZMM) on a path the dispatcher never gated on a CPUID check, so it faults on a host that lacks the feature. If this symbol really is a scoped kernel helper, rename it to carry the family's marker or add it to that family's allowlist with the TU it lives in.
  - [AVX/AVX2/AVX-512 (YMM/ZMM)] keccak_absorb.constprop.0: 12 occurrence(s) in a non-kernel symbol. AVX2/AVX-512 code must live in src/c/avx2 or src/c/avx512, compiled under per-file -mavx2/-mavx512. An occurrence here means the per-file scoping regressed (a library-wide -mavx2, or a direct call that let a kernel inline out of its TU): the object now executes AVX/AVX2/AVX-512 (YMM/ZMM) on a path the dispatcher never gated on a CPUID check, so it faults on a host that lacks the feature. If this symbol really is a scoped kernel helper, rename it to carry the family's marker or add it to that family's allowlist with the TU it lives in.
  - [AVX/AVX2/AVX-512 (YMM/ZMM)] kyber_cpapke_enc: 1242 occurrence(s) in a non-kernel symbol. AVX2/AVX-512 code must live in src/c/avx2 or src/c/avx512, compiled under per-file -mavx2/-mavx512. An occurrence here means the per-file scoping regressed (a library-wide -mavx2, or a direct call that let a kernel inline out of its TU): the object now executes AVX/AVX2/AVX-512 (YMM/ZMM) on a path the dispatcher never gated on a CPUID check, so it faults on a host that lacks the feature. If this symbol really is a scoped kernel helper, rename it to carry the family's marker or add it to that family's allowlist with the TU it lives in.
  - [AVX/AVX2/AVX-512 (YMM/ZMM)] kyber_decapsulate_internal: 2938 occurrence(s) in a non-kernel symbol. AVX2/AVX-512 code must live in src/c/avx2 or src/c/avx512, compiled under per-file -mavx2/-mavx512. An occurrence here means the per-file scoping regressed (a library-wide -mavx2, or a direct call that let a kernel inline out of its TU): the object now executes AVX/AVX2/AVX-512 (YMM/ZMM) on a path the dispatcher never gated on a CPUID check, so it faults on a host that lacks the feature. If this symbol really is a scoped kernel helper, rename it to carry the family's marker or add it to that family's allowlist with the TU it lives in.
  - [AVX/AVX2/AVX-512 (YMM/ZMM)] kyber_encapsulate_internal: 8 occurrence(s) in a non-kernel symbol. AVX2/AVX-512 code must live in src/c/avx2 or src/c/avx512, compiled under per-file -mavx2/-mavx512. An occurrence here means the per-file scoping regressed (a library-wide -mavx2, or a direct call that let a kernel inline out of its TU): the object now executes AVX/AVX2/AVX-512 (YMM/ZMM) on a path the dispatcher never gated on a CPUID check, so it faults on a host that lacks the feature. If this symbol really is a scoped kernel helper, rename it to carry the family's marker or add it to that family's allowlist with the TU it lives in.
  - [AVX/AVX2/AVX-512 (YMM/ZMM)] kyber_gennoise: 33 occurrence(s) in a non-kernel symbol. AVX2/AVX-512 code must live in src/c/avx2 or src/c/avx512, compiled under per-file -mavx2/-mavx512. An occurrence here means the per-file scoping regressed (a library-wide -mavx2, or a direct call that let a kernel inline out of its TU): the object now executes AVX/AVX2/AVX-512 (YMM/ZMM) on a path the dispatcher never gated on a CPUID check, so it faults on a host that lacks the feature. If this symbol really is a scoped kernel helper, rename it to carry the family's marker or add it to that family's allowlist with the TU it lives in.
  - [AVX/AVX2/AVX-512 (YMM/ZMM)] kyber_invntt_scalar: 130 occurrence(s) in a non-kernel symbol. AVX2/AVX-512 code must live in src/c/avx2 or src/c/avx512, compiled under per-file -mavx2/-mavx512. An occurrence here means the per-file scoping regressed (a library-wide -mavx2, or a direct call that let a kernel inline out of its TU): the object now executes AVX/AVX2/AVX-512 (YMM/ZMM) on a path the dispatcher never gated on a CPUID check, so it faults on a host that lacks the feature. If this symbol really is a scoped kernel helper, rename it to carry the family's marker or add it to that family's allowlist with the TU it lives in.
  - [AVX/AVX2/AVX-512 (YMM/ZMM)] kyber_keygen_internal: 996 occurrence(s) in a non-kernel symbol. AVX2/AVX-512 code must live in src/c/avx2 or src/c/avx512, compiled under per-file -mavx2/-mavx512. An occurrence here means the per-file scoping regressed (a library-wide -mavx2, or a direct call that let a kernel inline out of its TU): the object now executes AVX/AVX2/AVX-512 (YMM/ZMM) on a path the dispatcher never gated on a CPUID check, so it faults on a host that lacks the feature. If this symbol really is a scoped kernel helper, rename it to carry the family's marker or add it to that family's allowlist with the TU it lives in.
  - [AVX/AVX2/AVX-512 (YMM/ZMM)] kyber_ntt_scalar: 353 occurrence(s) in a non-kernel symbol. AVX2/AVX-512 code must live in src/c/avx2 or src/c/avx512, compiled under per-file -mavx2/-mavx512. An occurrence here means the per-file scoping regressed (a library-wide -mavx2, or a direct call that let a kernel inline out of its TU): the object now executes AVX/AVX2/AVX-512 (YMM/ZMM) on a path the dispatcher never gated on a CPUID check, so it faults on a host that lacks the feature. If this symbol really is a scoped kernel helper, rename it to carry the family's marker or add it to that family's allowlist with the TU it lives in.
  - [AVX/AVX2/AVX-512 (YMM/ZMM)] kyber_poly_cbd3: 266 occurrence(s) in a non-kernel symbol. AVX2/AVX-512 code must live in src/c/avx2 or src/c/avx512, compiled under per-file -mavx2/-mavx512. An occurrence here means the per-file scoping regressed (a library-wide -mavx2, or a direct call that let a kernel inline out of its TU): the object now executes AVX/AVX2/AVX-512 (YMM/ZMM) on a path the dispatcher never gated on a CPUID check, so it faults on a host that lacks the feature. If this symbol really is a scoped kernel helper, rename it to carry the family's marker or add it to that family's allowlist with the TU it lives in.
  - [AVX/AVX2/AVX-512 (YMM/ZMM)] kyber_poly_cbd_eta: 472 occurrence(s) in a non-kernel symbol. AVX2/AVX-512 code must live in src/c/avx2 or src/c/avx512, compiled under per-file -mavx2/-mavx512. An occurrence here means the per-file scoping regressed (a library-wide -mavx2, or a direct call that let a kernel inline out of its TU): the object now executes AVX/AVX2/AVX-512 (YMM/ZMM) on a path the dispatcher never gated on a CPUID check, so it faults on a host that lacks the feature. If this symbol really is a scoped kernel helper, rename it to carry the family's marker or add it to that family's allowlist with the TU it lives in.
  - [AVX/AVX2/AVX-512 (YMM/ZMM)] kyber_poly_uniform: 2 occurrence(s) in a non-kernel symbol. AVX2/AVX-512 code must live in src/c/avx2 or src/c/avx512, compiled under per-file -mavx2/-mavx512. An occurrence here means the per-file scoping regressed (a library-wide -mavx2, or a direct call that let a kernel inline out of its TU): the object now executes AVX/AVX2/AVX-512 (YMM/ZMM) on a path the dispatcher never gated on a CPUID check, so it faults on a host that lacks the feature. If this symbol really is a scoped kernel helper, rename it to carry the family's marker or add it to that family's allowlist with the TU it lives in.
  - [AVX/AVX2/AVX-512 (YMM/ZMM)] nistp_bits2int: 65 occurrence(s) in a non-kernel symbol. AVX2/AVX-512 code must live in src/c/avx2 or src/c/avx512, compiled under per-file -mavx2/-mavx512. An occurrence here means the per-file scoping regressed (a library-wide -mavx2, or a direct call that let a kernel inline out of its TU): the object now executes AVX/AVX2/AVX-512 (YMM/ZMM) on a path the dispatcher never gated on a CPUID check, so it faults on a host that lacks the feature. If this symbol really is a scoped kernel helper, rename it to carry the family's marker or add it to that family's allowlist with the TU it lives in.
  - [AVX/AVX2/AVX-512 (YMM/ZMM)] nistp_comb_build.constprop.0: 105 occurrence(s) in a non-kernel symbol. AVX2/AVX-512 code must live in src/c/avx2 or src/c/avx512, compiled under per-file -mavx2/-mavx512. An occurrence here means the per-file scoping regressed (a library-wide -mavx2, or a direct call that let a kernel inline out of its TU): the object now executes AVX/AVX2/AVX-512 (YMM/ZMM) on a path the dispatcher never gated on a CPUID check, so it faults on a host that lacks the feature. If this symbol really is a scoped kernel helper, rename it to carry the family's marker or add it to that family's allowlist with the TU it lives in.
  - [AVX/AVX2/AVX-512 (YMM/ZMM)] nistp_comb_build.constprop.1: 80 occurrence(s) in a non-kernel symbol. AVX2/AVX-512 code must live in src/c/avx2 or src/c/avx512, compiled under per-file -mavx2/-mavx512. An occurrence here means the per-file scoping regressed (a library-wide -mavx2, or a direct call that let a kernel inline out of its TU): the object now executes AVX/AVX2/AVX-512 (YMM/ZMM) on a path the dispatcher never gated on a CPUID check, so it faults on a host that lacks the feature. If this symbol really is a scoped kernel helper, rename it to carry the family's marker or add it to that family's allowlist with the TU it lives in.
  - [AVX/AVX2/AVX-512 (YMM/ZMM)] nistp_comb_build.constprop.2: 75 occurrence(s) in a non-kernel symbol. AVX2/AVX-512 code must live in src/c/avx2 or src/c/avx512, compiled under per-file -mavx2/-mavx512. An occurrence here means the per-file scoping regressed (a library-wide -mavx2, or a direct call that let a kernel inline out of its TU): the object now executes AVX/AVX2/AVX-512 (YMM/ZMM) on a path the dispatcher never gated on a CPUID check, so it faults on a host that lacks the feature. If this symbol really is a scoped kernel helper, rename it to carry the family's marker or add it to that family's allowlist with the TU it lives in.
  - [AVX/AVX2/AVX-512 (YMM/ZMM)] nistp_cond_sub_mod: 76 occurrence(s) in a non-kernel symbol. AVX2/AVX-512 code must live in src/c/avx2 or src/c/avx512, compiled under per-file -mavx2/-mavx512. An occurrence here means the per-file scoping regressed (a library-wide -mavx2, or a direct call that let a kernel inline out of its TU): the object now executes AVX/AVX2/AVX-512 (YMM/ZMM) on a path the dispatcher never gated on a CPUID check, so it faults on a host that lacks the feature. If this symbol really is a scoped kernel helper, rename it to carry the family's marker or add it to that family's allowlist with the TU it lives in.
  - [AVX/AVX2/AVX-512 (YMM/ZMM)] nistp_der_parse_int: 60 occurrence(s) in a non-kernel symbol. AVX2/AVX-512 code must live in src/c/avx2 or src/c/avx512, compiled under per-file -mavx2/-mavx512. An occurrence here means the per-file scoping regressed (a library-wide -mavx2, or a direct call that let a kernel inline out of its TU): the object now executes AVX/AVX2/AVX-512 (YMM/ZMM) on a path the dispatcher never gated on a CPUID check, so it faults on a host that lacks the feature. If this symbol really is a scoped kernel helper, rename it to carry the family's marker or add it to that family's allowlist with the TU it lives in.
  - [AVX/AVX2/AVX-512 (YMM/ZMM)] nistp_ecdsa_sign_core: 768 occurrence(s) in a non-kernel symbol. AVX2/AVX-512 code must live in src/c/avx2 or src/c/avx512, compiled under per-file -mavx2/-mavx512. An occurrence here means the per-file scoping regressed (a library-wide -mavx2, or a direct call that let a kernel inline out of its TU): the object now executes AVX/AVX2/AVX-512 (YMM/ZMM) on a path the dispatcher never gated on a CPUID check, so it faults on a host that lacks the feature. If this symbol really is a scoped kernel helper, rename it to carry the family's marker or add it to that family's allowlist with the TU it lives in.
  - [AVX/AVX2/AVX-512 (YMM/ZMM)] nistp_ecdsa_verify_rs: 573 occurrence(s) in a non-kernel symbol. AVX2/AVX-512 code must live in src/c/avx2 or src/c/avx512, compiled under per-file -mavx2/-mavx512. An occurrence here means the per-file scoping regressed (a library-wide -mavx2, or a direct call that let a kernel inline out of its TU): the object now executes AVX/AVX2/AVX-512 (YMM/ZMM) on a path the dispatcher never gated on a CPUID check, so it faults on a host that lacks the feature. If this symbol really is a scoped kernel helper, rename it to carry the family's marker or add it to that family's allowlist with the TU it lives in.
  - [AVX/AVX2/AVX-512 (YMM/ZMM)] nistp_jac_add: 178 occurrence(s) in a non-kernel symbol. AVX2/AVX-512 code must live in src/c/avx2 or src/c/avx512, compiled under per-file -mavx2/-mavx512. An occurrence here means the per-file scoping regressed (a library-wide -mavx2, or a direct call that let a kernel inline out of its TU): the object now executes AVX/AVX2/AVX-512 (YMM/ZMM) on a path the dispatcher never gated on a CPUID check, so it faults on a host that lacks the feature. If this symbol really is a scoped kernel helper, rename it to carry the family's marker or add it to that family's allowlist with the TU it lives in.
  - [AVX/AVX2/AVX-512 (YMM/ZMM)] nistp_jac_double: 52 occurrence(s) in a non-kernel symbol. AVX2/AVX-512 code must live in src/c/avx2 or src/c/avx512, compiled under per-file -mavx2/-mavx512. An occurrence here means the per-file scoping regressed (a library-wide -mavx2, or a direct call that let a kernel inline out of its TU): the object now executes AVX/AVX2/AVX-512 (YMM/ZMM) on a path the dispatcher never gated on a CPUID check, so it faults on a host that lacks the feature. If this symbol really is a scoped kernel helper, rename it to carry the family's marker or add it to that family's allowlist with the TU it lives in.
  - [AVX/AVX2/AVX-512 (YMM/ZMM)] nistp_jac_double.constprop.0: 14 occurrence(s) in a non-kernel symbol. AVX2/AVX-512 code must live in src/c/avx2 or src/c/avx512, compiled under per-file -mavx2/-mavx512. An occurrence here means the per-file scoping regressed (a library-wide -mavx2, or a direct call that let a kernel inline out of its TU): the object now executes AVX/AVX2/AVX-512 (YMM/ZMM) on a path the dispatcher never gated on a CPUID check, so it faults on a host that lacks the feature. If this symbol really is a scoped kernel helper, rename it to carry the family's marker or add it to that family's allowlist with the TU it lives in.
  - [AVX/AVX2/AVX-512 (YMM/ZMM)] nistp_jac_double.constprop.1: 14 occurrence(s) in a non-kernel symbol. AVX2/AVX-512 code must live in src/c/avx2 or src/c/avx512, compiled under per-file -mavx2/-mavx512. An occurrence here means the per-file scoping regressed (a library-wide -mavx2, or a direct call that let a kernel inline out of its TU): the object now executes AVX/AVX2/AVX-512 (YMM/ZMM) on a path the dispatcher never gated on a CPUID check, so it faults on a host that lacks the feature. If this symbol really is a scoped kernel helper, rename it to carry the family's marker or add it to that family's allowlist with the TU it lives in.
  - [AVX/AVX2/AVX-512 (YMM/ZMM)] nistp_jac_double.constprop.2: 24 occurrence(s) in a non-kernel symbol. AVX2/AVX-512 code must live in src/c/avx2 or src/c/avx512, compiled under per-file -mavx2/-mavx512. An occurrence here means the per-file scoping regressed (a library-wide -mavx2, or a direct call that let a kernel inline out of its TU): the object now executes AVX/AVX2/AVX-512 (YMM/ZMM) on a path the dispatcher never gated on a CPUID check, so it faults on a host that lacks the feature. If this symbol really is a scoped kernel helper, rename it to carry the family's marker or add it to that family's allowlist with the TU it lives in.
  - [AVX/AVX2/AVX-512 (YMM/ZMM)] nistp_jac_to_affine: 18 occurrence(s) in a non-kernel symbol. AVX2/AVX-512 code must live in src/c/avx2 or src/c/avx512, compiled under per-file -mavx2/-mavx512. An occurrence here means the per-file scoping regressed (a library-wide -mavx2, or a direct call that let a kernel inline out of its TU): the object now executes AVX/AVX2/AVX-512 (YMM/ZMM) on a path the dispatcher never gated on a CPUID check, so it faults on a host that lacks the feature. If this symbol really is a scoped kernel helper, rename it to carry the family's marker or add it to that family's allowlist with the TU it lives in.
  - [AVX/AVX2/AVX-512 (YMM/ZMM)] nistp_load_point: 89 occurrence(s) in a non-kernel symbol. AVX2/AVX-512 code must live in src/c/avx2 or src/c/avx512, compiled under per-file -mavx2/-mavx512. An occurrence here means the per-file scoping regressed (a library-wide -mavx2, or a direct call that let a kernel inline out of its TU): the object now executes AVX/AVX2/AVX-512 (YMM/ZMM) on a path the dispatcher never gated on a CPUID check, so it faults on a host that lacks the feature. If this symbol really is a scoped kernel helper, rename it to carry the family's marker or add it to that family's allowlist with the TU it lives in.
  - [AVX/AVX2/AVX-512 (YMM/ZMM)] nistp_mod_sub: 76 occurrence(s) in a non-kernel symbol. AVX2/AVX-512 code must live in src/c/avx2 or src/c/avx512, compiled under per-file -mavx2/-mavx512. An occurrence here means the per-file scoping regressed (a library-wide -mavx2, or a direct call that let a kernel inline out of its TU): the object now executes AVX/AVX2/AVX-512 (YMM/ZMM) on a path the dispatcher never gated on a CPUID check, so it faults on a host that lacks the feature. If this symbol really is a scoped kernel helper, rename it to carry the family's marker or add it to that family's allowlist with the TU it lives in.
  - [AVX/AVX2/AVX-512 (YMM/ZMM)] nistp_mont_mul: 9 occurrence(s) in a non-kernel symbol. AVX2/AVX-512 code must live in src/c/avx2 or src/c/avx512, compiled under per-file -mavx2/-mavx512. An occurrence here means the per-file scoping regressed (a library-wide -mavx2, or a direct call that let a kernel inline out of its TU): the object now executes AVX/AVX2/AVX-512 (YMM/ZMM) on a path the dispatcher never gated on a CPUID check, so it faults on a host that lacks the feature. If this symbol really is a scoped kernel helper, rename it to carry the family's marker or add it to that family's allowlist with the TU it lives in.
  - [AVX/AVX2/AVX-512 (YMM/ZMM)] nistp_mont_pow: 2 occurrence(s) in a non-kernel symbol. AVX2/AVX-512 code must live in src/c/avx2 or src/c/avx512, compiled under per-file -mavx2/-mavx512. An occurrence here means the per-file scoping regressed (a library-wide -mavx2, or a direct call that let a kernel inline out of its TU): the object now executes AVX/AVX2/AVX-512 (YMM/ZMM) on a path the dispatcher never gated on a CPUID check, so it faults on a host that lacks the feature. If this symbol really is a scoped kernel helper, rename it to carry the family's marker or add it to that family's allowlist with the TU it lives in.
  - [AVX/AVX2/AVX-512 (YMM/ZMM)] nistp_scalar_is_high: 23 occurrence(s) in a non-kernel symbol. AVX2/AVX-512 code must live in src/c/avx2 or src/c/avx512, compiled under per-file -mavx2/-mavx512. An occurrence here means the per-file scoping regressed (a library-wide -mavx2, or a direct call that let a kernel inline out of its TU): the object now executes AVX/AVX2/AVX-512 (YMM/ZMM) on a path the dispatcher never gated on a CPUID check, so it faults on a host that lacks the feature. If this symbol really is a scoped kernel helper, rename it to carry the family's marker or add it to that family's allowlist with the TU it lives in.
  - [AVX/AVX2/AVX-512 (YMM/ZMM)] nistp_scalar_load: 2 occurrence(s) in a non-kernel symbol. AVX2/AVX-512 code must live in src/c/avx2 or src/c/avx512, compiled under per-file -mavx2/-mavx512. An occurrence here means the per-file scoping regressed (a library-wide -mavx2, or a direct call that let a kernel inline out of its TU): the object now executes AVX/AVX2/AVX-512 (YMM/ZMM) on a path the dispatcher never gated on a CPUID check, so it faults on a host that lacks the feature. If this symbol really is a scoped kernel helper, rename it to carry the family's marker or add it to that family's allowlist with the TU it lives in.
  - [AVX/AVX2/AVX-512 (YMM/ZMM)] nistp_scalar_mul_generator: 14 occurrence(s) in a non-kernel symbol. AVX2/AVX-512 code must live in src/c/avx2 or src/c/avx512, compiled under per-file -mavx2/-mavx512. An occurrence here means the per-file scoping regressed (a library-wide -mavx2, or a direct call that let a kernel inline out of its TU): the object now executes AVX/AVX2/AVX-512 (YMM/ZMM) on a path the dispatcher never gated on a CPUID check, so it faults on a host that lacks the feature. If this symbol really is a scoped kernel helper, rename it to carry the family's marker or add it to that family's allowlist with the TU it lives in.
  - [AVX/AVX2/AVX-512 (YMM/ZMM)] nonce_generate: 6 occurrence(s) in a non-kernel symbol. AVX2/AVX-512 code must live in src/c/avx2 or src/c/avx512, compiled under per-file -mavx2/-mavx512. An occurrence here means the per-file scoping regressed (a library-wide -mavx2, or a direct call that let a kernel inline out of its TU): the object now executes AVX/AVX2/AVX-512 (YMM/ZMM) on a path the dispatcher never gated on a CPUID check, so it faults on a host that lacks the feature. If this symbol really is a scoped kernel helper, rename it to carry the family's marker or add it to that family's allowlist with the TU it lives in.
  - [AVX/AVX2/AVX-512 (YMM/ZMM)] poly_compress: 468 occurrence(s) in a non-kernel symbol. AVX2/AVX-512 code must live in src/c/avx2 or src/c/avx512, compiled under per-file -mavx2/-mavx512. An occurrence here means the per-file scoping regressed (a library-wide -mavx2, or a direct call that let a kernel inline out of its TU): the object now executes AVX/AVX2/AVX-512 (YMM/ZMM) on a path the dispatcher never gated on a CPUID check, so it faults on a host that lacks the feature. If this symbol really is a scoped kernel helper, rename it to carry the family's marker or add it to that family's allowlist with the TU it lives in.
  - [AVX/AVX2/AVX-512 (YMM/ZMM)] poly_tobytes: 465 occurrence(s) in a non-kernel symbol. AVX2/AVX-512 code must live in src/c/avx2 or src/c/avx512, compiled under per-file -mavx2/-mavx512. An occurrence here means the per-file scoping regressed (a library-wide -mavx2, or a direct call that let a kernel inline out of its TU): the object now executes AVX/AVX2/AVX-512 (YMM/ZMM) on a path the dispatcher never gated on a CPUID check, so it faults on a host that lacks the feature. If this symbol really is a scoped kernel helper, rename it to carry the family's marker or add it to that family's allowlist with the TU it lives in.
  - [AVX/AVX2/AVX-512 (YMM/ZMM)] polyvec_basemul_acc: 643 occurrence(s) in a non-kernel symbol. AVX2/AVX-512 code must live in src/c/avx2 or src/c/avx512, compiled under per-file -mavx2/-mavx512. An occurrence here means the per-file scoping regressed (a library-wide -mavx2, or a direct call that let a kernel inline out of its TU): the object now executes AVX/AVX2/AVX-512 (YMM/ZMM) on a path the dispatcher never gated on a CPUID check, so it faults on a host that lacks the feature. If this symbol really is a scoped kernel helper, rename it to carry the family's marker or add it to that family's allowlist with the TU it lives in.
  - [AVX/AVX2/AVX-512 (YMM/ZMM)] sc_cond_sub_n: 6 occurrence(s) in a non-kernel symbol. AVX2/AVX-512 code must live in src/c/avx2 or src/c/avx512, compiled under per-file -mavx2/-mavx512. An occurrence here means the per-file scoping regressed (a library-wide -mavx2, or a direct call that let a kernel inline out of its TU): the object now executes AVX/AVX2/AVX-512 (YMM/ZMM) on a path the dispatcher never gated on a CPUID check, so it faults on a host that lacks the feature. If this symbol really is a scoped kernel helper, rename it to carry the family's marker or add it to that family's allowlist with the TU it lives in.
  - [AVX/AVX2/AVX-512 (YMM/ZMM)] sc_from_bytes: 4 occurrence(s) in a non-kernel symbol. AVX2/AVX-512 code must live in src/c/avx2 or src/c/avx512, compiled under per-file -mavx2/-mavx512. An occurrence here means the per-file scoping regressed (a library-wide -mavx2, or a direct call that let a kernel inline out of its TU): the object now executes AVX/AVX2/AVX-512 (YMM/ZMM) on a path the dispatcher never gated on a CPUID check, so it faults on a host that lacks the feature. If this symbol really is a scoped kernel helper, rename it to carry the family's marker or add it to that family's allowlist with the TU it lives in.
  - [AVX/AVX2/AVX-512 (YMM/ZMM)] sc_inv: 4 occurrence(s) in a non-kernel symbol. AVX2/AVX-512 code must live in src/c/avx2 or src/c/avx512, compiled under per-file -mavx2/-mavx512. An occurrence here means the per-file scoping regressed (a library-wide -mavx2, or a direct call that let a kernel inline out of its TU): the object now executes AVX/AVX2/AVX-512 (YMM/ZMM) on a path the dispatcher never gated on a CPUID check, so it faults on a host that lacks the feature. If this symbol really is a scoped kernel helper, rename it to carry the family's marker or add it to that family's allowlist with the TU it lives in.
  - [AVX/AVX2/AVX-512 (YMM/ZMM)] sc_mul: 4 occurrence(s) in a non-kernel symbol. AVX2/AVX-512 code must live in src/c/avx2 or src/c/avx512, compiled under per-file -mavx2/-mavx512. An occurrence here means the per-file scoping regressed (a library-wide -mavx2, or a direct call that let a kernel inline out of its TU): the object now executes AVX/AVX2/AVX-512 (YMM/ZMM) on a path the dispatcher never gated on a CPUID check, so it faults on a host that lacks the feature. If this symbol really is a scoped kernel helper, rename it to carry the family's marker or add it to that family's allowlist with the TU it lives in.
  - [AVX/AVX2/AVX-512 (YMM/ZMM)] scalar_random: 2 occurrence(s) in a non-kernel symbol. AVX2/AVX-512 code must live in src/c/avx2 or src/c/avx512, compiled under per-file -mavx2/-mavx512. An occurrence here means the per-file scoping regressed (a library-wide -mavx2, or a direct call that let a kernel inline out of its TU): the object now executes AVX/AVX2/AVX-512 (YMM/ZMM) on a path the dispatcher never gated on a CPUID check, so it faults on a host that lacks the feature. If this symbol really is a scoped kernel helper, rename it to carry the family's marker or add it to that family's allowlist with the TU it lives in.
  - [AVX/AVX2/AVX-512 (YMM/ZMM)] secp256k1_aff_from_bytes_checked: 3 occurrence(s) in a non-kernel symbol. AVX2/AVX-512 code must live in src/c/avx2 or src/c/avx512, compiled under per-file -mavx2/-mavx512. An occurrence here means the per-file scoping regressed (a library-wide -mavx2, or a direct call that let a kernel inline out of its TU): the object now executes AVX/AVX2/AVX-512 (YMM/ZMM) on a path the dispatcher never gated on a CPUID check, so it faults on a host that lacks the feature. If this symbol really is a scoped kernel helper, rename it to carry the family's marker or add it to that family's allowlist with the TU it lives in.
  - [AVX/AVX2/AVX-512 (YMM/ZMM)] secp256k1_comb_build: 19 occurrence(s) in a non-kernel symbol. AVX2/AVX-512 code must live in src/c/avx2 or src/c/avx512, compiled under per-file -mavx2/-mavx512. An occurrence here means the per-file scoping regressed (a library-wide -mavx2, or a direct call that let a kernel inline out of its TU): the object now executes AVX/AVX2/AVX-512 (YMM/ZMM) on a path the dispatcher never gated on a CPUID check, so it faults on a host that lacks the feature. If this symbol really is a scoped kernel helper, rename it to carry the family's marker or add it to that family's allowlist with the TU it lives in.
  - [AVX/AVX2/AVX-512 (YMM/ZMM)] secp256k1_ecdsa_sign_scalars: 31 occurrence(s) in a non-kernel symbol. AVX2/AVX-512 code must live in src/c/avx2 or src/c/avx512, compiled under per-file -mavx2/-mavx512. An occurrence here means the per-file scoping regressed (a library-wide -mavx2, or a direct call that let a kernel inline out of its TU): the object now executes AVX/AVX2/AVX-512 (YMM/ZMM) on a path the dispatcher never gated on a CPUID check, so it faults on a host that lacks the feature. If this symbol really is a scoped kernel helper, rename it to carry the family's marker or add it to that family's allowlist with the TU it lives in.
  - [AVX/AVX2/AVX-512 (YMM/ZMM)] secp256k1_fe_inv: 2 occurrence(s) in a non-kernel symbol. AVX2/AVX-512 code must live in src/c/avx2 or src/c/avx512, compiled under per-file -mavx2/-mavx512. An occurrence here means the per-file scoping regressed (a library-wide -mavx2, or a direct call that let a kernel inline out of its TU): the object now executes AVX/AVX2/AVX-512 (YMM/ZMM) on a path the dispatcher never gated on a CPUID check, so it faults on a host that lacks the feature. If this symbol really is a scoped kernel helper, rename it to carry the family's marker or add it to that family's allowlist with the TU it lives in.
  - [AVX/AVX2/AVX-512 (YMM/ZMM)] secp256k1_fe_to_bytes: 2 occurrence(s) in a non-kernel symbol. AVX2/AVX-512 code must live in src/c/avx2 or src/c/avx512, compiled under per-file -mavx2/-mavx512. An occurrence here means the per-file scoping regressed (a library-wide -mavx2, or a direct call that let a kernel inline out of its TU): the object now executes AVX/AVX2/AVX-512 (YMM/ZMM) on a path the dispatcher never gated on a CPUID check, so it faults on a host that lacks the feature. If this symbol really is a scoped kernel helper, rename it to carry the family's marker or add it to that family's allowlist with the TU it lives in.
  - [AVX/AVX2/AVX-512 (YMM/ZMM)] secp256k1_jac_add: 55 occurrence(s) in a non-kernel symbol. AVX2/AVX-512 code must live in src/c/avx2 or src/c/avx512, compiled under per-file -mavx2/-mavx512. An occurrence here means the per-file scoping regressed (a library-wide -mavx2, or a direct call that let a kernel inline out of its TU): the object now executes AVX/AVX2/AVX-512 (YMM/ZMM) on a path the dispatcher never gated on a CPUID check, so it faults on a host that lacks the feature. If this symbol really is a scoped kernel helper, rename it to carry the family's marker or add it to that family's allowlist with the TU it lives in.
  - [AVX/AVX2/AVX-512 (YMM/ZMM)] secp256k1_jac_double: 11 occurrence(s) in a non-kernel symbol. AVX2/AVX-512 code must live in src/c/avx2 or src/c/avx512, compiled under per-file -mavx2/-mavx512. An occurrence here means the per-file scoping regressed (a library-wide -mavx2, or a direct call that let a kernel inline out of its TU): the object now executes AVX/AVX2/AVX-512 (YMM/ZMM) on a path the dispatcher never gated on a CPUID check, so it faults on a host that lacks the feature. If this symbol really is a scoped kernel helper, rename it to carry the family's marker or add it to that family's allowlist with the TU it lives in.
  - [AVX/AVX2/AVX-512 (YMM/ZMM)] secp256k1_point_mul_generator: 26 occurrence(s) in a non-kernel symbol. AVX2/AVX-512 code must live in src/c/avx2 or src/c/avx512, compiled under per-file -mavx2/-mavx512. An occurrence here means the per-file scoping regressed (a library-wide -mavx2, or a direct call that let a kernel inline out of its TU): the object now executes AVX/AVX2/AVX-512 (YMM/ZMM) on a path the dispatcher never gated on a CPUID check, so it faults on a host that lacks the feature. If this symbol really is a scoped kernel helper, rename it to carry the family's marker or add it to that family's allowlist with the TU it lives in.
  - [AVX/AVX2/AVX-512 (YMM/ZMM)] sha256_compress_scalar: 13 occurrence(s) in a non-kernel symbol. AVX2/AVX-512 code must live in src/c/avx2 or src/c/avx512, compiled under per-file -mavx2/-mavx512. An occurrence here means the per-file scoping regressed (a library-wide -mavx2, or a direct call that let a kernel inline out of its TU): the object now executes AVX/AVX2/AVX-512 (YMM/ZMM) on a path the dispatcher never gated on a CPUID check, so it faults on a host that lacks the feature. If this symbol really is a scoped kernel helper, rename it to carry the family's marker or add it to that family's allowlist with the TU it lives in.
  - [AVX/AVX2/AVX-512 (YMM/ZMM)] sha2_F: 2 occurrence(s) in a non-kernel symbol. AVX2/AVX-512 code must live in src/c/avx2 or src/c/avx512, compiled under per-file -mavx2/-mavx512. An occurrence here means the per-file scoping regressed (a library-wide -mavx2, or a direct call that let a kernel inline out of its TU): the object now executes AVX/AVX2/AVX-512 (YMM/ZMM) on a path the dispatcher never gated on a CPUID check, so it faults on a host that lacks the feature. If this symbol really is a scoped kernel helper, rename it to carry the family's marker or add it to that family's allowlist with the TU it lives in.
  - [AVX/AVX2/AVX-512 (YMM/ZMM)] sha2_HT: 8 occurrence(s) in a non-kernel symbol. AVX2/AVX-512 code must live in src/c/avx2 or src/c/avx512, compiled under per-file -mavx2/-mavx512. An occurrence here means the per-file scoping regressed (a library-wide -mavx2, or a direct call that let a kernel inline out of its TU): the object now executes AVX/AVX2/AVX-512 (YMM/ZMM) on a path the dispatcher never gated on a CPUID check, so it faults on a host that lacks the feature. If this symbol really is a scoped kernel helper, rename it to carry the family's marker or add it to that family's allowlist with the TU it lives in.
  - [AVX/AVX2/AVX-512 (YMM/ZMM)] sha2_H_msg: 20 occurrence(s) in a non-kernel symbol. AVX2/AVX-512 code must live in src/c/avx2 or src/c/avx512, compiled under per-file -mavx2/-mavx512. An occurrence here means the per-file scoping regressed (a library-wide -mavx2, or a direct call that let a kernel inline out of its TU): the object now executes AVX/AVX2/AVX-512 (YMM/ZMM) on a path the dispatcher never gated on a CPUID check, so it faults on a host that lacks the feature. If this symbol really is a scoped kernel helper, rename it to carry the family's marker or add it to that family's allowlist with the TU it lives in.
  - [AVX/AVX2/AVX-512 (YMM/ZMM)] sha2_PRF_msg: 79 occurrence(s) in a non-kernel symbol. AVX2/AVX-512 code must live in src/c/avx2 or src/c/avx512, compiled under per-file -mavx2/-mavx512. An occurrence here means the per-file scoping regressed (a library-wide -mavx2, or a direct call that let a kernel inline out of its TU): the object now executes AVX/AVX2/AVX-512 (YMM/ZMM) on a path the dispatcher never gated on a CPUID check, so it faults on a host that lacks the feature. If this symbol really is a scoped kernel helper, rename it to carry the family's marker or add it to that family's allowlist with the TU it lives in.
  - [AVX/AVX2/AVX-512 (YMM/ZMM)] sha512_blocks: 24 occurrence(s) in a non-kernel symbol. AVX2/AVX-512 code must live in src/c/avx2 or src/c/avx512, compiled under per-file -mavx2/-mavx512. An occurrence here means the per-file scoping regressed (a library-wide -mavx2, or a direct call that let a kernel inline out of its TU): the object now executes AVX/AVX2/AVX-512 (YMM/ZMM) on a path the dispatcher never gated on a CPUID check, so it faults on a host that lacks the feature. If this symbol really is a scoped kernel helper, rename it to carry the family's marker or add it to that family's allowlist with the TU it lives in.
  - [AVX/AVX2/AVX-512 (YMM/ZMM)] sha512_blocks.constprop.0: 24 occurrence(s) in a non-kernel symbol. AVX2/AVX-512 code must live in src/c/avx2 or src/c/avx512, compiled under per-file -mavx2/-mavx512. An occurrence here means the per-file scoping regressed (a library-wide -mavx2, or a direct call that let a kernel inline out of its TU): the object now executes AVX/AVX2/AVX-512 (YMM/ZMM) on a path the dispatcher never gated on a CPUID check, so it faults on a host that lacks the feature. If this symbol really is a scoped kernel helper, rename it to carry the family's marker or add it to that family's allowlist with the TU it lives in.
  - [AVX/AVX2/AVX-512 (YMM/ZMM)] slh_ht_verify: 1 occurrence(s) in a non-kernel symbol. AVX2/AVX-512 code must live in src/c/avx2 or src/c/avx512, compiled under per-file -mavx2/-mavx512. An occurrence here means the per-file scoping regressed (a library-wide -mavx2, or a direct call that let a kernel inline out of its TU): the object now executes AVX/AVX2/AVX-512 (YMM/ZMM) on a path the dispatcher never gated on a CPUID check, so it faults on a host that lacks the feature. If this symbol really is a scoped kernel helper, rename it to carry the family's marker or add it to that family's allowlist with the TU it lives in.
  - [AVX/AVX2/AVX-512 (YMM/ZMM)] slh_ht_verify.constprop.0: 13 occurrence(s) in a non-kernel symbol. AVX2/AVX-512 code must live in src/c/avx2 or src/c/avx512, compiled under per-file -mavx2/-mavx512. An occurrence here means the per-file scoping regressed (a library-wide -mavx2, or a direct call that let a kernel inline out of its TU): the object now executes AVX/AVX2/AVX-512 (YMM/ZMM) on a path the dispatcher never gated on a CPUID check, so it faults on a host that lacks the feature. If this symbol really is a scoped kernel helper, rename it to carry the family's marker or add it to that family's allowlist with the TU it lives in.
  - [AVX/AVX2/AVX-512 (YMM/ZMM)] slh_sign_internal: 2 occurrence(s) in a non-kernel symbol. AVX2/AVX-512 code must live in src/c/avx2 or src/c/avx512, compiled under per-file -mavx2/-mavx512. An occurrence here means the per-file scoping regressed (a library-wide -mavx2, or a direct call that let a kernel inline out of its TU): the object now executes AVX/AVX2/AVX-512 (YMM/ZMM) on a path the dispatcher never gated on a CPUID check, so it faults on a host that lacks the feature. If this symbol really is a scoped kernel helper, rename it to carry the family's marker or add it to that family's allowlist with the TU it lives in.
  - [AVX/AVX2/AVX-512 (YMM/ZMM)] slh_sign_internal.constprop.0: 39 occurrence(s) in a non-kernel symbol. AVX2/AVX-512 code must live in src/c/avx2 or src/c/avx512, compiled under per-file -mavx2/-mavx512. An occurrence here means the per-file scoping regressed (a library-wide -mavx2, or a direct call that let a kernel inline out of its TU): the object now executes AVX/AVX2/AVX-512 (YMM/ZMM) on a path the dispatcher never gated on a CPUID check, so it faults on a host that lacks the feature. If this symbol really is a scoped kernel helper, rename it to carry the family's marker or add it to that family's allowlist with the TU it lives in.
  - [AVX/AVX2/AVX-512 (YMM/ZMM)] slh_wots_checksum: 31 occurrence(s) in a non-kernel symbol. AVX2/AVX-512 code must live in src/c/avx2 or src/c/avx512, compiled under per-file -mavx2/-mavx512. An occurrence here means the per-file scoping regressed (a library-wide -mavx2, or a direct call that let a kernel inline out of its TU): the object now executes AVX/AVX2/AVX-512 (YMM/ZMM) on a path the dispatcher never gated on a CPUID check, so it faults on a host that lacks the feature. If this symbol really is a scoped kernel helper, rename it to carry the family's marker or add it to that family's allowlist with the TU it lives in.
  - [AVX/AVX2/AVX-512 (YMM/ZMM)] slh_wots_pk_from_sig.constprop.0: 14 occurrence(s) in a non-kernel symbol. AVX2/AVX-512 code must live in src/c/avx2 or src/c/avx512, compiled under per-file -mavx2/-mavx512. An occurrence here means the per-file scoping regressed (a library-wide -mavx2, or a direct call that let a kernel inline out of its TU): the object now executes AVX/AVX2/AVX-512 (YMM/ZMM) on a path the dispatcher never gated on a CPUID check, so it faults on a host that lacks the feature. If this symbol really is a scoped kernel helper, rename it to carry the family's marker or add it to that family's allowlist with the TU it lives in.
  - [AVX/AVX2/AVX-512 (YMM/ZMM)] slh_wots_sign.constprop.0: 14 occurrence(s) in a non-kernel symbol. AVX2/AVX-512 code must live in src/c/avx2 or src/c/avx512, compiled under per-file -mavx2/-mavx512. An occurrence here means the per-file scoping regressed (a library-wide -mavx2, or a direct call that let a kernel inline out of its TU): the object now executes AVX/AVX2/AVX-512 (YMM/ZMM) on a path the dispatcher never gated on a CPUID check, so it faults on a host that lacks the feature. If this symbol really is a scoped kernel helper, rename it to carry the family's marker or add it to that family's allowlist with the TU it lives in.
  - [AVX/AVX2/AVX-512 (YMM/ZMM)] slh_xmss_treehash.constprop.0: 16 occurrence(s) in a non-kernel symbol. AVX2/AVX-512 code must live in src/c/avx2 or src/c/avx512, compiled under per-file -mavx2/-mavx512. An occurrence here means the per-file scoping regressed (a library-wide -mavx2, or a direct call that let a kernel inline out of its TU): the object now executes AVX/AVX2/AVX-512 (YMM/ZMM) on a path the dispatcher never gated on a CPUID check, so it faults on a host that lacks the feature. If this symbol really is a scoped kernel helper, rename it to carry the family's marker or add it to that family's allowlist with the TU it lives in.
  - [AVX/AVX2/AVX-512 (YMM/ZMM)] x25519_canonicalize_u: 6 occurrence(s) in a non-kernel symbol. AVX2/AVX-512 code must live in src/c/avx2 or src/c/avx512, compiled under per-file -mavx2/-mavx512. An occurrence here means the per-file scoping regressed (a library-wide -mavx2, or a direct call that let a kernel inline out of its TU): the object now executes AVX/AVX2/AVX-512 (YMM/ZMM) on a path the dispatcher never gated on a CPUID check, so it faults on a host that lacks the feature. If this symbol really is a scoped kernel helper, rename it to carry the family's marker or add it to that family's allowlist with the TU it lives in.
  - [AVX/AVX2/AVX-512 (YMM/ZMM)] x25519_scalarmult: 22 occurrence(s) in a non-kernel symbol. AVX2/AVX-512 code must live in src/c/avx2 or src/c/avx512, compiled under per-file -mavx2/-mavx512. An occurrence here means the per-file scoping regressed (a library-wide -mavx2, or a direct call that let a kernel inline out of its TU): the object now executes AVX/AVX2/AVX-512 (YMM/ZMM) on a path the dispatcher never gated on a CPUID check, so it faults on a host that lacks the feature. If this symbol really is a scoped kernel helper, rename it to carry the family's marker or add it to that family's allowlist with the TU it lives in.
  - [SSSE3] ama_sha256_compress_x86_shani is present but carries no SSSE3 instruction, though it is that family's kernel. A family-free one means the disassembly was not read correctly, and a clean result over it would be meaningless.
