id	line	col	operator	original	replacement	pytest_rc	self_run_rc	status	seconds	last_output
1	133	8	str-const	"ubuntu-latest"	""	1	0	killed	1.0	FAILED tests/test_workflow_command_checks.py::TestRunnerLabels::test_retired_macos_13_is_reported | !!!!!!!!!!!!!!!!!!!!!!!!!! stopping after 1 failures !!!!!!!!!!!!!!!!!!!!!!!!!!! | 1 failed in 0.23s
2	134	8	str-const	"ubuntu-24.04"	""	0	0	survived	2.7	........................................................................ [ 78%] | ...........................................................              [100%] | 275 passed in 1.60s
3	135	8	str-const	"ubuntu-22.04"	""	0	0	survived	2.8	........................................................................ [ 78%] | ...........................................................              [100%] | 275 passed in 1.69s
4	137	8	str-const	"ubuntu-24.04-arm"	""	1	0	killed	1.0	FAILED tests/test_workflow_command_checks.py::TestRunnerLabels::test_supported_labels_pass | !!!!!!!!!!!!!!!!!!!!!!!!!! stopping after 1 failures !!!!!!!!!!!!!!!!!!!!!!!!!!! | 1 failed, 3 passed in 0.24s
5	138	8	str-const	"ubuntu-22.04-arm"	""	0	0	survived	2.8	........................................................................ [ 78%] | ...........................................................              [100%] | 275 passed in 1.63s
6	140	8	str-const	"macos-latest"	""	1	0	killed	1.9	FAILED tests/test_workflow_command_checks.py::TestRepositoryWorkflows::test_repository_workflows_pass | !!!!!!!!!!!!!!!!!!!!!!!!!! stopping after 1 failures !!!!!!!!!!!!!!!!!!!!!!!!!!! | 1 failed, 98 passed in 1.14s
7	141	8	str-const	"macos-26"	""	0	0	survived	2.9	........................................................................ [ 78%] | ...........................................................              [100%] | 275 passed in 1.65s
8	142	8	str-const	"macos-15"	""	1	0	killed	1.0	FAILED tests/test_workflow_command_checks.py::TestRunnerLabels::test_supported_labels_pass | !!!!!!!!!!!!!!!!!!!!!!!!!! stopping after 1 failures !!!!!!!!!!!!!!!!!!!!!!!!!!! | 1 failed, 3 passed in 0.24s
9	143	8	str-const	"macos-14"	""	0	0	survived	2.8	........................................................................ [ 78%] | ...........................................................              [100%] | 275 passed in 1.64s
10	145	8	str-const	"macos-26-intel"	""	0	0	survived	2.8	........................................................................ [ 78%] | ...........................................................              [100%] | 275 passed in 1.64s
11	146	8	str-const	"macos-15-intel"	""	1	0	killed	1.0	FAILED tests/test_workflow_command_checks.py::TestRunnerLabels::test_supported_labels_pass | !!!!!!!!!!!!!!!!!!!!!!!!!! stopping after 1 failures !!!!!!!!!!!!!!!!!!!!!!!!!!! | 1 failed, 3 passed in 0.24s
12	148	8	str-const	"windows-latest"	""	1	0	killed	1.0	FAILED tests/test_workflow_command_checks.py::TestRunnerLabels::test_retired_macos_13_is_reported | !!!!!!!!!!!!!!!!!!!!!!!!!! stopping after 1 failures !!!!!!!!!!!!!!!!!!!!!!!!!!! | 1 failed in 0.23s
13	149	8	str-const	"windows-2025"	""	0	0	survived	2.9	........................................................................ [ 78%] | ...........................................................              [100%] | 275 passed in 1.67s
14	150	8	str-const	"windows-2022"	""	0	0	survived	2.8	........................................................................ [ 78%] | ...........................................................              [100%] | 275 passed in 1.68s
15	159	4	str-const	"macos-13"	""	1	0	killed	1.0	FAILED tests/test_workflow_command_checks.py::TestRunnerLabels::test_retired_macos_13_is_reported | !!!!!!!!!!!!!!!!!!!!!!!!!! stopping after 1 failures !!!!!!!!!!!!!!!!!!!!!!!!!!! | 1 failed in 0.23s
16	159	16	str-const	"macos-15-intel (Intel x86_64) or macos-15 (Apple Silicon arm64)"	""	0	0	survived	3.0	........................................................................ [ 78%] | ...........................................................              [100%] | 275 passed in 1.74s
17	160	4	str-const	"macos-12"	""	1	0	killed	2.4	FAILED tests/test_workflow_command_checks.py::TestEveryRunnerLabelInTheTablesIsEnforced::test_a_retired_label_is_reported_with_its_replacement[] | !!!!!!!!!!!!!!!!!!!!!!!!!! stopping after 1 failures !!!!!!!!!!!!!!!!!!!!!!!!!!! | 1 failed, 117 passed in 1.63s
18	160	16	str-const	"macos-15-intel (Intel x86_64) or macos-15 (Apple Silicon arm64)"	""	0	0	survived	2.9	........................................................................ [ 78%] | ...........................................................              [100%] | 275 passed in 1.71s
19	161	4	str-const	"macos-11"	""	1	0	killed	2.3	FAILED tests/test_workflow_command_checks.py::TestEveryRunnerLabelInTheTablesIsEnforced::test_a_retired_label_is_reported_with_its_replacement[] | !!!!!!!!!!!!!!!!!!!!!!!!!! stopping after 1 failures !!!!!!!!!!!!!!!!!!!!!!!!!!! | 1 failed, 117 passed in 1.55s
20	161	16	str-const	"macos-15-intel (Intel x86_64) or macos-15 (Apple Silicon arm64)"	""	0	0	survived	2.8	........................................................................ [ 78%] | ...........................................................              [100%] | 275 passed in 1.67s
21	162	4	str-const	"ubuntu-20.04"	""	1	0	killed	0.9	FAILED tests/test_workflow_command_checks.py::TestRunnerLabels::test_retired_label_names_its_replacement | !!!!!!!!!!!!!!!!!!!!!!!!!! stopping after 1 failures !!!!!!!!!!!!!!!!!!!!!!!!!!! | 1 failed, 1 passed in 0.22s
22	162	20	str-const	"ubuntu-24.04 or ubuntu-latest"	""	1	0	killed	1.0	FAILED tests/test_workflow_command_checks.py::TestRunnerLabels::test_retired_label_names_its_replacement | !!!!!!!!!!!!!!!!!!!!!!!!!! stopping after 1 failures !!!!!!!!!!!!!!!!!!!!!!!!!!! | 1 failed, 1 passed in 0.23s
23	163	4	str-const	"ubuntu-18.04"	""	1	0	killed	2.3	FAILED tests/test_workflow_command_checks.py::TestEveryRunnerLabelInTheTablesIsEnforced::test_a_retired_label_is_reported_with_its_replacement[] | !!!!!!!!!!!!!!!!!!!!!!!!!! stopping after 1 failures !!!!!!!!!!!!!!!!!!!!!!!!!!! | 1 failed, 117 passed in 1.58s
24	163	20	str-const	"ubuntu-24.04 or ubuntu-latest"	""	0	0	survived	2.9	........................................................................ [ 78%] | ...........................................................              [100%] | 275 passed in 1.63s
25	164	4	str-const	"windows-2019"	""	1	0	killed	2.5	FAILED tests/test_workflow_command_checks.py::TestEveryRunnerLabelInTheTablesIsEnforced::test_a_retired_label_is_reported_with_its_replacement[] | !!!!!!!!!!!!!!!!!!!!!!!!!! stopping after 1 failures !!!!!!!!!!!!!!!!!!!!!!!!!!! | 1 failed, 117 passed in 1.56s
26	164	20	str-const	"windows-2025 or windows-latest"	""	0	0	survived	3.0	........................................................................ [ 78%] | ...........................................................              [100%] | 275 passed in 1.70s
27	165	4	str-const	"windows-2016"	""	1	0	killed	2.3	FAILED tests/test_workflow_command_checks.py::TestEveryRunnerLabelInTheTablesIsEnforced::test_a_retired_label_is_reported_with_its_replacement[] | !!!!!!!!!!!!!!!!!!!!!!!!!! stopping after 1 failures !!!!!!!!!!!!!!!!!!!!!!!!!!! | 1 failed, 117 passed in 1.54s
28	165	20	str-const	"windows-2025 or windows-latest"	""	0	0	survived	2.9	........................................................................ [ 78%] | ...........................................................              [100%] | 275 passed in 1.68s
29	172	4	str-const	"softprops/action-gh-release"	""	1	0	killed	1.0	FAILED tests/test_workflow_command_checks.py::TestReleasePublishing::test_non_release_steps_are_ignored | !!!!!!!!!!!!!!!!!!!!!!!!!! stopping after 1 failures !!!!!!!!!!!!!!!!!!!!!!!!!!! | 1 failed, 30 passed in 0.26s
30	173	4	str-const	"step-security/action-gh-release"	""	1	0	killed	1.0	FAILED tests/test_workflow_command_checks.py::TestReleasePublishing::test_non_release_steps_are_ignored | !!!!!!!!!!!!!!!!!!!!!!!!!! stopping after 1 failures !!!!!!!!!!!!!!!!!!!!!!!!!!! | 1 failed, 30 passed in 0.26s
31	178	4	str-const	"CIBW_BEFORE_ALL_WINDOWS"	""	1	0	killed	2.4	FAILED tests/test_workflow_command_checks.py::TestEveryWindowsCommandKeyIsChecked::test_posix_quoting_under_the_key_is_reported[] | !!!!!!!!!!!!!!!!!!!!!!!!!! stopping after 1 failures !!!!!!!!!!!!!!!!!!!!!!!!!!! | 1 failed, 164 passed in 1.62s
32	179	4	str-const	"CIBW_BEFORE_BUILD_WINDOWS"	""	1	0	killed	0.9	FAILED tests/test_workflow_command_checks.py::TestWindowsQuoting::test_posix_single_quoting_in_windows_command_is_reported | !!!!!!!!!!!!!!!!!!!!!!!!!! stopping after 1 failures !!!!!!!!!!!!!!!!!!!!!!!!!!! | 1 failed, 14 passed in 0.24s
33	180	4	str-const	"CIBW_BEFORE_TEST_WINDOWS"	""	1	0	killed	2.4	FAILED tests/test_workflow_command_checks.py::TestEveryWindowsCommandKeyIsChecked::test_posix_quoting_under_the_key_is_reported[] | !!!!!!!!!!!!!!!!!!!!!!!!!! stopping after 1 failures !!!!!!!!!!!!!!!!!!!!!!!!!!! | 1 failed, 164 passed in 1.64s
34	181	4	str-const	"CIBW_TEST_COMMAND_WINDOWS"	""	1	0	killed	2.4	FAILED tests/test_workflow_command_checks.py::TestEveryWindowsCommandKeyIsChecked::test_posix_quoting_under_the_key_is_reported[] | !!!!!!!!!!!!!!!!!!!!!!!!!! stopping after 1 failures !!!!!!!!!!!!!!!!!!!!!!!!!!! | 1 failed, 164 passed in 1.63s
35	182	4	str-const	"CIBW_REPAIR_WHEEL_COMMAND_WINDOWS"	""	1	0	killed	2.4	FAILED tests/test_workflow_command_checks.py::TestEveryWindowsCommandKeyIsChecked::test_posix_quoting_under_the_key_is_reported[] | !!!!!!!!!!!!!!!!!!!!!!!!!! stopping after 1 failures !!!!!!!!!!!!!!!!!!!!!!!!!!! | 1 failed, 164 passed in 1.67s
36	208	18	str-const	'"'	''	1	0	killed	2.5	FAILED tests/test_workflow_command_checks.py::TestShellDoubleQuoteUnescaping::test_every_escape_in_the_table_is_applied[-"] | !!!!!!!!!!!!!!!!!!!!!!!!!! stopping after 1 failures !!!!!!!!!!!!!!!!!!!!!!!!!!! | 1 failed, 155 passed in 1.71s
37	208	23	str-const	'"'	''	1	0	killed	2.4	FAILED tests/test_workflow_command_checks.py::TestShellDoubleQuoteUnescaping::test_an_escape_at_the_very_end_is_applied | !!!!!!!!!!!!!!!!!!!!!!!!!! stopping after 1 failures !!!!!!!!!!!!!!!!!!!!!!!!!!! | 1 failed, 162 passed in 1.60s
38	208	28	str-const	"\\"	""	1	0	killed	2.4	FAILED tests/test_workflow_command_checks.py::TestShellDoubleQuoteUnescaping::test_an_escaped_backslash_consumes_both_characters | !!!!!!!!!!!!!!!!!!!!!!!!!! stopping after 1 failures !!!!!!!!!!!!!!!!!!!!!!!!!!! | 1 failed, 163 passed in 1.67s
39	208	34	str-const	"\\"	""	1	0	killed	2.3	FAILED tests/test_workflow_command_checks.py::TestShellDoubleQuoteUnescaping::test_an_escaped_backslash_consumes_both_characters | !!!!!!!!!!!!!!!!!!!!!!!!!! stopping after 1 failures !!!!!!!!!!!!!!!!!!!!!!!!!!! | 1 failed, 163 passed in 1.60s
40	208	40	str-const	"$"	""	1	0	killed	2.3	FAILED tests/test_workflow_command_checks.py::TestShellDoubleQuoteUnescaping::test_every_escape_in_the_table_is_applied[-$] | !!!!!!!!!!!!!!!!!!!!!!!!!! stopping after 1 failures !!!!!!!!!!!!!!!!!!!!!!!!!!! | 1 failed, 155 passed in 1.55s
41	208	45	str-const	"$"	""	0	0	survived	2.8	........................................................................ [ 78%] | ...........................................................              [100%] | 275 passed in 1.63s
42	208	50	str-const	"`"	""	1	0	killed	2.3	FAILED tests/test_workflow_command_checks.py::TestShellDoubleQuoteUnescaping::test_every_escape_in_the_table_is_applied[-`] | !!!!!!!!!!!!!!!!!!!!!!!!!! stopping after 1 failures !!!!!!!!!!!!!!!!!!!!!!!!!!! | 1 failed, 155 passed in 1.55s
43	208	55	str-const	"`"	""	0	0	survived	2.8	........................................................................ [ 78%] | ...........................................................              [100%] | 275 passed in 1.68s
44	208	60	str-const	"\n"	""	1	0	killed	2.4	FAILED tests/test_workflow_command_checks.py::TestShellDoubleQuoteUnescaping::test_every_escape_in_the_table_is_applied[-] | !!!!!!!!!!!!!!!!!!!!!!!!!! stopping after 1 failures !!!!!!!!!!!!!!!!!!!!!!!!!!! | 1 failed, 155 passed in 1.66s
45	218	12	int-const	0	1	1	0	killed	1.0	FAILED tests/test_workflow_command_checks.py::TestInlinePythonPayloads::test_folded_scalar_leading_space_is_reported | !!!!!!!!!!!!!!!!!!!!!!!!!! stopping after 1 failures !!!!!!!!!!!!!!!!!!!!!!!!!!! | 1 failed, 8 passed in 0.24s
46	220	16	compare	<	>=	1	0	killed	1.0	FAILED tests/test_workflow_command_checks.py::TestInlinePythonPayloads::test_folded_scalar_leading_space_is_reported | !!!!!!!!!!!!!!!!!!!!!!!!!! stopping after 1 failures !!!!!!!!!!!!!!!!!!!!!!!!!!! | 1 failed, 8 passed in 0.25s
47	222	16	compare	==	!=	1	0	killed	1.0	FAILED tests/test_workflow_command_checks.py::TestInlinePythonPayloads::test_escaped_quotes_inside_payload_are_not_false_positives | !!!!!!!!!!!!!!!!!!!!!!!!!! stopping after 1 failures !!!!!!!!!!!!!!!!!!!!!!!!!!! | 1 failed, 10 passed in 0.24s
48	222	19	str-const	"\\"	""	1	0	killed	2.3	FAILED tests/test_workflow_command_checks.py::TestShellDoubleQuoteUnescaping::test_every_escape_in_the_table_is_applied[\n-] | !!!!!!!!!!!!!!!!!!!!!!!!!! stopping after 1 failures !!!!!!!!!!!!!!!!!!!!!!!!!!! | 1 failed, 155 passed in 1.62s
49	222	24	boolop	and	or	1	0	killed	1.0	FAILED tests/test_workflow_command_checks.py::TestInlinePythonPayloads::test_escaped_quotes_inside_payload_are_not_false_positives | !!!!!!!!!!!!!!!!!!!!!!!!!! stopping after 1 failures !!!!!!!!!!!!!!!!!!!!!!!!!!! | 1 failed, 10 passed in 0.25s
50	222	34	binop	+	-	1	0	killed	2.5	FAILED tests/test_workflow_command_checks.py::TestShellDoubleQuoteUnescaping::test_a_trailing_backslash_is_passed_through | !!!!!!!!!!!!!!!!!!!!!!!!!! stopping after 1 failures !!!!!!!!!!!!!!!!!!!!!!!!!!! | 1 failed, 161 passed in 1.66s
51	222	36	int-const	1	2	1	0	killed	2.5	FAILED tests/test_workflow_command_checks.py::TestShellDoubleQuoteUnescaping::test_an_escape_at_the_very_end_is_applied | !!!!!!!!!!!!!!!!!!!!!!!!!! stopping after 1 failures !!!!!!!!!!!!!!!!!!!!!!!!!!! | 1 failed, 162 passed in 1.60s
52	222	38	compare	<	>=	1	0	killed	2.3	FAILED tests/test_workflow_command_checks.py::TestShellDoubleQuoteUnescaping::test_every_escape_in_the_table_is_applied[\n-] | !!!!!!!!!!!!!!!!!!!!!!!!!! stopping after 1 failures !!!!!!!!!!!!!!!!!!!!!!!!!!! | 1 failed, 155 passed in 1.54s
53	223	32	binop	+	-	1	0	killed	2.4	FAILED tests/test_workflow_command_checks.py::TestShellDoubleQuoteUnescaping::test_every_escape_in_the_table_is_applied[\n-] | !!!!!!!!!!!!!!!!!!!!!!!!!! stopping after 1 failures !!!!!!!!!!!!!!!!!!!!!!!!!!! | 1 failed, 155 passed in 1.66s
54	223	34	int-const	1	2	1	0	killed	2.3	FAILED tests/test_workflow_command_checks.py::TestShellDoubleQuoteUnescaping::test_every_escape_in_the_table_is_applied[\n-] | !!!!!!!!!!!!!!!!!!!!!!!!!! stopping after 1 failures !!!!!!!!!!!!!!!!!!!!!!!!!!! | 1 failed, 155 passed in 1.57s
55	224	19	compare	in	not in	1	0	killed	1.0	FAILED tests/test_workflow_command_checks.py::TestInlinePythonPayloads::test_escaped_quotes_inside_payload_are_not_false_positives | !!!!!!!!!!!!!!!!!!!!!!!!!! stopping after 1 failures !!!!!!!!!!!!!!!!!!!!!!!!!!! | 1 failed, 10 passed in 0.26s
56	226	25	int-const	2	3	1	0	killed	1.0	FAILED tests/test_workflow_command_checks.py::TestInlinePythonPayloads::test_escaped_quotes_inside_payload_are_not_false_positives | !!!!!!!!!!!!!!!!!!!!!!!!!! stopping after 1 failures !!!!!!!!!!!!!!!!!!!!!!!!!!! | 1 failed, 10 passed in 0.24s
57	227	16	loop-jump	continue	break	1	0	killed	1.0	FAILED tests/test_workflow_command_checks.py::TestInlinePythonPayloads::test_escaped_quotes_inside_payload_are_not_false_positives | !!!!!!!!!!!!!!!!!!!!!!!!!! stopping after 1 failures !!!!!!!!!!!!!!!!!!!!!!!!!!! | 1 failed, 10 passed in 0.25s
58	229	17	int-const	1	2	1	0	killed	1.0	FAILED tests/test_workflow_command_checks.py::TestInlinePythonPayloads::test_valid_single_line_payload_passes | !!!!!!!!!!!!!!!!!!!!!!!!!! stopping after 1 failures !!!!!!!!!!!!!!!!!!!!!!!!!!! | 1 failed, 9 passed in 0.24s
59	230	4	return-none	return "".join(out)	return None	1	0	killed	1.0	FAILED tests/test_workflow_command_checks.py::TestInlinePythonPayloads::test_folded_scalar_leading_space_is_reported | !!!!!!!!!!!!!!!!!!!!!!!!!! stopping after 1 failures !!!!!!!!!!!!!!!!!!!!!!!!!!! | 1 failed, 8 passed in 0.25s
60	264	26	int-const	0	1	1	0	killed	1.0	FAILED tests/test_workflow_command_checks.py::TestRunnerLabels::test_supported_labels_pass | !!!!!!!!!!!!!!!!!!!!!!!!!! stopping after 1 failures !!!!!!!!!!!!!!!!!!!!!!!!!!! | 1 failed, 3 passed in 0.23s
61	266	28	int-const	0	1	1	0	killed	1.0	FAILED tests/test_workflow_command_checks.py::TestInlinePythonPayloads::test_folded_scalar_leading_space_is_reported | !!!!!!!!!!!!!!!!!!!!!!!!!! stopping after 1 failures !!!!!!!!!!!!!!!!!!!!!!!!!!! | 1 failed, 8 passed in 0.24s
62	267	31	int-const	0	1	1	0	killed	1.0	FAILED tests/test_workflow_command_checks.py::TestExpressionSyntax::test_legitimate_bare_conditions_are_not_flagged[steps.setup-python.outcome == 'failure'] | !!!!!!!!!!!!!!!!!!!!!!!!!! stopping after 1 failures !!!!!!!!!!!!!!!!!!!!!!!!!!! | 1 failed, 51 passed in 0.30s
63	268	36	int-const	0	1	1	0	killed	1.0	FAILED tests/test_workflow_command_checks.py::TestWindowsQuoting::test_double_quoting_in_windows_command_passes | !!!!!!!!!!!!!!!!!!!!!!!!!! stopping after 1 failures !!!!!!!!!!!!!!!!!!!!!!!!!!! | 1 failed, 15 passed in 0.25s
64	269	33	int-const	0	1	1	0	killed	1.1	FAILED tests/test_workflow_command_checks.py::TestReleasePublishing::test_non_release_steps_are_ignored | !!!!!!!!!!!!!!!!!!!!!!!!!! stopping after 1 failures !!!!!!!!!!!!!!!!!!!!!!!!!!! | 1 failed, 30 passed in 0.28s
65	270	34	int-const	0	1	0	0	survived	2.8	........................................................................ [ 78%] | ...........................................................              [100%] | 275 passed in 1.64s
66	271	36	int-const	0	1	1	0	killed	1.4	FAILED tests/test_workflow_command_checks.py::TestCmakeBuildType::test_a_bare_cmake_with_every_flag_on_continuation_lines_is_seen | !!!!!!!!!!!!!!!!!!!!!!!!!! stopping after 1 failures !!!!!!!!!!!!!!!!!!!!!!!!!!! | 1 failed, 64 passed in 0.69s
67	272	32	int-const	0	1	1	0	killed	1.5	FAILED tests/test_workflow_command_checks.py::TestPytestPrerequisites::test_pytest_without_a_build_is_reported | !!!!!!!!!!!!!!!!!!!!!!!!!! stopping after 1 failures !!!!!!!!!!!!!!!!!!!!!!!!!!! | 1 failed, 69 passed in 0.71s
68	273	38	int-const	0	1	1	0	killed	1.5	FAILED tests/test_workflow_command_checks.py::TestGatedJobsRunTheirPayload::test_self_probe_gated_payload_in_a_gated_job_is_reported | !!!!!!!!!!!!!!!!!!!!!!!!!! stopping after 1 failures !!!!!!!!!!!!!!!!!!!!!!!!!!! | 1 failed, 90 passed in 0.73s
69	277	8	return-none	return not self.findings	return None	1	0	killed	1.0	FAILED tests/test_workflow_command_checks.py::TestReleasePublishing::test_omitting_name_passes | !!!!!!!!!!!!!!!!!!!!!!!!!! stopping after 1 failures !!!!!!!!!!!!!!!!!!!!!!!!!!! | 1 failed, 21 passed in 0.25s
70	277	15	not-removal	not 		1	0	killed	1.0	FAILED tests/test_workflow_command_checks.py::TestReleasePublishing::test_name_input_is_reported | !!!!!!!!!!!!!!!!!!!!!!!!!! stopping after 1 failures !!!!!!!!!!!!!!!!!!!!!!!!!!! | 1 failed, 20 passed in 0.25s
71	282	24	str-const	"jobs"	""	1	0	killed	0.9	FAILED tests/test_workflow_command_checks.py::TestRunnerLabels::test_retired_macos_13_is_reported | !!!!!!!!!!!!!!!!!!!!!!!!!! stopping after 1 failures !!!!!!!!!!!!!!!!!!!!!!!!!!! | 1 failed in 0.23s
72	292	24	str-const	"steps"	""	1	0	killed	1.2	FAILED tests/test_workflow_command_checks.py::TestReleasePublishing::test_name_input_is_reported | !!!!!!!!!!!!!!!!!!!!!!!!!! stopping after 1 failures !!!!!!!!!!!!!!!!!!!!!!!!!!! | 1 failed, 20 passed in 0.47s
73	293	11	not-removal	not 		1	0	killed	1.0	FAILED tests/test_workflow_command_checks.py::TestRunnerLabels::test_retired_macos_13_is_reported | !!!!!!!!!!!!!!!!!!!!!!!!!! stopping after 1 failures !!!!!!!!!!!!!!!!!!!!!!!!!!! | 1 failed in 0.26s
74	294	12	loop-jump	continue	break	0	0	survived	2.9	........................................................................ [ 78%] | ...........................................................              [100%] | 275 passed in 1.71s
75	307	13	compare	is	is not	1	0	killed	1.0	FAILED tests/test_workflow_command_checks.py::TestReleasePublishing::test_body_without_append_body_is_reported | !!!!!!!!!!!!!!!!!!!!!!!!!! stopping after 1 failures !!!!!!!!!!!!!!!!!!!!!!!!!!! | 1 failed, 22 passed in 0.26s
76	307	16	bool-const	True	False	1	0	killed	1.0	FAILED tests/test_workflow_command_checks.py::TestReleasePublishing::test_body_with_append_body_passes | !!!!!!!!!!!!!!!!!!!!!!!!!! stopping after 1 failures !!!!!!!!!!!!!!!!!!!!!!!!!!! | 1 failed, 23 passed in 0.25s
77	308	8	return-none	return True	return None	1	0	killed	1.0	FAILED tests/test_workflow_command_checks.py::TestReleasePublishing::test_body_with_append_body_passes | !!!!!!!!!!!!!!!!!!!!!!!!!! stopping after 1 failures !!!!!!!!!!!!!!!!!!!!!!!!!!! | 1 failed, 23 passed in 0.28s
78	308	15	bool-const	True	False	1	0	killed	1.0	FAILED tests/test_workflow_command_checks.py::TestReleasePublishing::test_body_with_append_body_passes | !!!!!!!!!!!!!!!!!!!!!!!!!! stopping after 1 failures !!!!!!!!!!!!!!!!!!!!!!!!!!! | 1 failed, 23 passed in 0.26s
79	309	4	return-none	return isinstance(value, str) and value.strip().lower() == "true"	return None	1	0	killed	2.3	FAILED tests/test_workflow_command_checks.py::TestLiteralTruthDetection::test_definite_true[true] | !!!!!!!!!!!!!!!!!!!!!!!!!! stopping after 1 failures !!!!!!!!!!!!!!!!!!!!!!!!!!! | 1 failed, 136 passed in 1.56s
80	309	34	boolop	and	or	1	0	killed	1.0	FAILED tests/test_workflow_command_checks.py::TestReleasePublishing::test_body_without_append_body_is_reported | !!!!!!!!!!!!!!!!!!!!!!!!!! stopping after 1 failures !!!!!!!!!!!!!!!!!!!!!!!!!!! | 1 failed, 22 passed in 0.29s
81	309	60	compare	==	!=	1	0	killed	2.3	FAILED tests/test_workflow_command_checks.py::TestLiteralTruthDetection::test_definite_true[true] | !!!!!!!!!!!!!!!!!!!!!!!!!! stopping after 1 failures !!!!!!!!!!!!!!!!!!!!!!!!!!! | 1 failed, 136 passed in 1.56s
82	309	63	str-const	"true"	""	1	0	killed	2.3	FAILED tests/test_workflow_command_checks.py::TestLiteralTruthDetection::test_definite_true[true] | !!!!!!!!!!!!!!!!!!!!!!!!!! stopping after 1 failures !!!!!!!!!!!!!!!!!!!!!!!!!!! | 1 failed, 136 passed in 1.53s
83	314	13	compare	is	is not	1	0	killed	1.0	FAILED tests/test_workflow_command_checks.py::TestReleasePublishing::test_prerelease_that_never_drafts_is_reported | !!!!!!!!!!!!!!!!!!!!!!!!!! stopping after 1 failures !!!!!!!!!!!!!!!!!!!!!!!!!!! | 1 failed, 25 passed in 0.25s
84	314	16	bool-const	False	True	1	0	killed	1.0	FAILED tests/test_workflow_command_checks.py::TestReleasePublishing::test_prerelease_that_never_drafts_is_reported | !!!!!!!!!!!!!!!!!!!!!!!!!! stopping after 1 failures !!!!!!!!!!!!!!!!!!!!!!!!!!! | 1 failed, 25 passed in 0.25s
85	315	8	return-none	return True	return None	1	0	killed	1.0	FAILED tests/test_workflow_command_checks.py::TestReleasePublishing::test_prerelease_that_never_drafts_is_reported | !!!!!!!!!!!!!!!!!!!!!!!!!! stopping after 1 failures !!!!!!!!!!!!!!!!!!!!!!!!!!! | 1 failed, 25 passed in 0.25s
86	315	15	bool-const	True	False	1	0	killed	1.0	FAILED tests/test_workflow_command_checks.py::TestReleasePublishing::test_prerelease_that_never_drafts_is_reported | !!!!!!!!!!!!!!!!!!!!!!!!!! stopping after 1 failures !!!!!!!!!!!!!!!!!!!!!!!!!!! | 1 failed, 25 passed in 0.27s
87	316	4	return-none	return isinstance(value, str) and value.strip().lower() == "false"	return None	1	0	killed	2.3	FAILED tests/test_workflow_command_checks.py::TestLiteralTruthDetection::test_definite_false[false] | !!!!!!!!!!!!!!!!!!!!!!!!!! stopping after 1 failures !!!!!!!!!!!!!!!!!!!!!!!!!!! | 1 failed, 146 passed in 1.57s
88	316	34	boolop	and	or	1	0	killed	1.0	FAILED tests/test_workflow_command_checks.py::TestReleasePublishing::test_prerelease_that_never_drafts_is_reported | !!!!!!!!!!!!!!!!!!!!!!!!!! stopping after 1 failures !!!!!!!!!!!!!!!!!!!!!!!!!!! | 1 failed, 25 passed in 0.26s
89	316	60	compare	==	!=	1	0	killed	1.0	FAILED tests/test_workflow_command_checks.py::TestReleasePublishing::test_prerelease_that_never_drafts_is_reported | !!!!!!!!!!!!!!!!!!!!!!!!!! stopping after 1 failures !!!!!!!!!!!!!!!!!!!!!!!!!!! | 1 failed, 25 passed in 0.28s
90	316	63	str-const	"false"	""	1	0	killed	2.3	FAILED tests/test_workflow_command_checks.py::TestLiteralTruthDetection::test_definite_false[false] | !!!!!!!!!!!!!!!!!!!!!!!!!! stopping after 1 failures !!!!!!!!!!!!!!!!!!!!!!!!!!! | 1 failed, 146 passed in 1.55s
91	337	23	str-const	"strategy"	""	1	0	killed	1.0	FAILED tests/test_workflow_command_checks.py::TestRunnerLabels::test_retired_macos_13_is_reported | !!!!!!!!!!!!!!!!!!!!!!!!!! stopping after 1 failures !!!!!!!!!!!!!!!!!!!!!!!!!!! | 1 failed in 0.24s
92	338	7	not-removal	not 		1	0	killed	1.0	FAILED tests/test_workflow_command_checks.py::TestRunnerLabels::test_retired_macos_13_is_reported | !!!!!!!!!!!!!!!!!!!!!!!!!! stopping after 1 failures !!!!!!!!!!!!!!!!!!!!!!!!!!! | 1 failed in 0.23s
93	340	26	str-const	"matrix"	""	1	0	killed	1.0	FAILED tests/test_workflow_command_checks.py::TestRunnerLabels::test_retired_macos_13_is_reported | !!!!!!!!!!!!!!!!!!!!!!!!!! stopping after 1 failures !!!!!!!!!!!!!!!!!!!!!!!!!!! | 1 failed in 0.23s
94	341	7	not-removal	not 		1	0	killed	1.0	FAILED tests/test_workflow_command_checks.py::TestRunnerLabels::test_retired_macos_13_is_reported | !!!!!!!!!!!!!!!!!!!!!!!!!! stopping after 1 failures !!!!!!!!!!!!!!!!!!!!!!!!!!! | 1 failed in 0.23s
95	349	25	str-const	"include"	""	1	0	killed	1.0	FAILED tests/test_workflow_command_checks.py::TestRunnerLabels::test_labels_from_matrix_include_are_resolved | !!!!!!!!!!!!!!!!!!!!!!!!!! stopping after 1 failures !!!!!!!!!!!!!!!!!!!!!!!!!!! | 1 failed, 4 passed in 0.24s
96	352	39	boolop	and	or	0	0	survived	2.9	........................................................................ [ 78%] | ...........................................................              [100%] | 275 passed in 1.68s
97	355	7	not-removal	not 		1	0	killed	1.0	FAILED tests/test_workflow_command_checks.py::TestRunnerLabels::test_retired_macos_13_is_reported | !!!!!!!!!!!!!!!!!!!!!!!!!! stopping after 1 failures !!!!!!!!!!!!!!!!!!!!!!!!!!! | 1 failed in 0.24s
98	358	4	return-none	return list(dict.fromkeys(values))	return None	1	0	killed	1.0	FAILED tests/test_workflow_command_checks.py::TestRunnerLabels::test_retired_macos_13_is_reported | !!!!!!!!!!!!!!!!!!!!!!!!!! stopping after 1 failures !!!!!!!!!!!!!!!!!!!!!!!!!!! | 1 failed in 0.24s
99	375	25	str-const	"labels"	""	1	0	killed	2.3	FAILED tests/test_workflow_command_checks.py::TestRunsOnResolution::test_a_runner_group_resolves_through_its_labels | !!!!!!!!!!!!!!!!!!!!!!!!!! stopping after 1 failures !!!!!!!!!!!!!!!!!!!!!!!!!!! | 1 failed, 128 passed in 1.58s
100	382	17	compare	is	is not	1	0	killed	1.0	FAILED tests/test_workflow_command_checks.py::TestRunnerLabels::test_retired_macos_13_is_reported | !!!!!!!!!!!!!!!!!!!!!!!!!! stopping after 1 failures !!!!!!!!!!!!!!!!!!!!!!!!!!! | 1 failed in 0.24s
101	387	12	loop-jump	continue	break	1	0	killed	2.3	FAILED tests/test_workflow_command_checks.py::TestRunsOnResolution::test_a_list_resolves_every_entry | !!!!!!!!!!!!!!!!!!!!!!!!!! stopping after 1 failures !!!!!!!!!!!!!!!!!!!!!!!!!!! | 1 failed, 127 passed in 1.59s
102	388	28	str-const	"inner"	""	1	0	killed	1.0	FAILED tests/test_workflow_command_checks.py::TestRunnerLabels::test_retired_macos_13_is_reported | !!!!!!!!!!!!!!!!!!!!!!!!!! stopping after 1 failures !!!!!!!!!!!!!!!!!!!!!!!!!!! | 1 failed in 0.25s
103	389	28	str-const	"matrix."	""	0	0	survived	2.9	........................................................................ [ 78%] | ...........................................................              [100%] | 275 passed in 1.72s
104	390	51	str-const	"matrix."	""	1	0	killed	1.0	FAILED tests/test_workflow_command_checks.py::TestRunnerLabels::test_retired_macos_13_is_reported | !!!!!!!!!!!!!!!!!!!!!!!!!! stopping after 1 failures !!!!!!!!!!!!!!!!!!!!!!!!!!! | 1 failed in 0.25s
105	391	22	compare	is	is not	1	0	killed	1.0	FAILED tests/test_workflow_command_checks.py::TestRunnerLabels::test_retired_macos_13_is_reported | !!!!!!!!!!!!!!!!!!!!!!!!!! stopping after 1 failures !!!!!!!!!!!!!!!!!!!!!!!!!!! | 1 failed in 0.24s
106	397	4	return-none	return resolved, unresolved	return None	1	0	killed	1.0	FAILED tests/test_workflow_command_checks.py::TestRunnerLabels::test_retired_macos_13_is_reported | !!!!!!!!!!!!!!!!!!!!!!!!!! stopping after 1 failures !!!!!!!!!!!!!!!!!!!!!!!!!!! | 1 failed in 0.25s
107	403	56	str-const	"runs-on"	""	1	0	killed	1.0	FAILED tests/test_workflow_command_checks.py::TestRunnerLabels::test_retired_macos_13_is_reported | !!!!!!!!!!!!!!!!!!!!!!!!!! stopping after 1 failures !!!!!!!!!!!!!!!!!!!!!!!!!!! | 1 failed in 0.27s
108	409	37	int-const	1	2	1	0	killed	1.0	FAILED tests/test_workflow_command_checks.py::TestRunnerLabels::test_supported_labels_pass | !!!!!!!!!!!!!!!!!!!!!!!!!! stopping after 1 failures !!!!!!!!!!!!!!!!!!!!!!!!!!! | 1 failed, 3 passed in 0.24s
109	410	21	compare	in	not in	1	0	killed	1.0	FAILED tests/test_workflow_command_checks.py::TestRunnerLabels::test_retired_macos_13_is_reported | !!!!!!!!!!!!!!!!!!!!!!!!!! stopping after 1 failures !!!!!!!!!!!!!!!!!!!!!!!!!!! | 1 failed in 0.24s
110	411	16	loop-jump	continue	break	1	0	killed	1.0	FAILED tests/test_workflow_command_checks.py::TestRunnerLabels::test_retired_macos_13_is_reported | !!!!!!!!!!!!!!!!!!!!!!!!!! stopping after 1 failures !!!!!!!!!!!!!!!!!!!!!!!!!!! | 1 failed in 0.24s
111	412	21	compare	in	not in	1	0	killed	1.0	FAILED tests/test_workflow_command_checks.py::TestRunnerLabels::test_retired_macos_13_is_reported | !!!!!!!!!!!!!!!!!!!!!!!!!! stopping after 1 failures !!!!!!!!!!!!!!!!!!!!!!!!!!! | 1 failed in 0.23s
112	451	25	compare	==	!=	1	0	killed	1.0	FAILED tests/test_workflow_command_checks.py::TestInlinePythonPayloads::test_escaped_quotes_inside_payload_are_not_false_positives | !!!!!!!!!!!!!!!!!!!!!!!!!! stopping after 1 failures !!!!!!!!!!!!!!!!!!!!!!!!!!! | 1 failed, 10 passed in 0.26s
113	451	28	str-const	"run"	""	1	0	killed	1.0	FAILED tests/test_workflow_command_checks.py::TestInlinePythonPayloads::test_escaped_quotes_inside_payload_are_not_false_positives | !!!!!!!!!!!!!!!!!!!!!!!!!! stopping after 1 failures !!!!!!!!!!!!!!!!!!!!!!!!!!! | 1 failed, 10 passed in 0.27s
114	451	34	boolop	and	or	1	0	killed	1.9	FAILED tests/test_workflow_command_checks.py::TestRepositoryWorkflows::test_repository_workflows_pass | !!!!!!!!!!!!!!!!!!!!!!!!!! stopping after 1 failures !!!!!!!!!!!!!!!!!!!!!!!!!!! | 1 failed, 98 passed in 1.16s
115	452	27	str-const	"."	""	0	0	survived	2.8	........................................................................ [ 78%] | ...........................................................              [100%] | 275 passed in 1.66s
116	452	45	str-const	"run"	""	0	0	survived	2.8	........................................................................ [ 78%] | ...........................................................              [100%] | 275 passed in 1.66s
117	453	27	compare	in	not in	1	0	killed	1.0	FAILED tests/test_workflow_command_checks.py::TestInlinePythonPayloads::test_folded_scalar_leading_space_is_reported | !!!!!!!!!!!!!!!!!!!!!!!!!! stopping after 1 failures !!!!!!!!!!!!!!!!!!!!!!!!!!! | 1 failed, 8 passed in 0.24s
118	453	31	str-const	"env"	""	1	0	killed	1.0	FAILED tests/test_workflow_command_checks.py::TestInlinePythonPayloads::test_folded_scalar_leading_space_is_reported | !!!!!!!!!!!!!!!!!!!!!!!!!! stopping after 1 failures !!!!!!!!!!!!!!!!!!!!!!!!!!! | 1 failed, 8 passed in 0.23s
119	453	38	str-const	"with"	""	0	0	survived	2.9	........................................................................ [ 78%] | ...........................................................              [100%] | 275 passed in 1.68s
120	453	46	boolop	and	or	1	0	killed	1.0	FAILED tests/test_workflow_command_checks.py::TestInlinePythonPayloads::test_folded_scalar_leading_space_is_reported | !!!!!!!!!!!!!!!!!!!!!!!!!! stopping after 1 failures !!!!!!!!!!!!!!!!!!!!!!!!!!! | 1 failed, 8 passed in 0.24s
121	456	35	str-const	"."	""	1	0	killed	1.0	FAILED tests/test_workflow_command_checks.py::TestWindowsQuoting::test_posix_single_quoting_in_windows_command_is_reported | !!!!!!!!!!!!!!!!!!!!!!!!!! stopping after 1 failures !!!!!!!!!!!!!!!!!!!!!!!!!!! | 1 failed, 14 passed in 0.25s
122	470	27	str-const	"dq"	""	1	0	killed	1.0	FAILED tests/test_workflow_command_checks.py::TestInlinePythonPayloads::test_folded_scalar_leading_space_is_reported | !!!!!!!!!!!!!!!!!!!!!!!!!! stopping after 1 failures !!!!!!!!!!!!!!!!!!!!!!!!!!! | 1 failed, 8 passed in 0.25s
123	470	33	compare	is not	is	1	0	killed	1.0	FAILED tests/test_workflow_command_checks.py::TestInlinePythonPayloads::test_folded_scalar_leading_space_is_reported | !!!!!!!!!!!!!!!!!!!!!!!!!! stopping after 1 failures !!!!!!!!!!!!!!!!!!!!!!!!!!! | 1 failed, 8 passed in 0.25s
124	471	62	str-const	"dq"	""	1	0	killed	1.0	FAILED tests/test_workflow_command_checks.py::TestInlinePythonPayloads::test_folded_scalar_leading_space_is_reported | !!!!!!!!!!!!!!!!!!!!!!!!!! stopping after 1 failures !!!!!!!!!!!!!!!!!!!!!!!!!!! | 1 failed, 8 passed in 0.25s
125	473	38	str-const	"sq"	""	1	0	killed	1.1	FAILED tests/test_workflow_command_checks.py::TestExpressionSyntax::test_the_check_inspects_something | !!!!!!!!!!!!!!!!!!!!!!!!!! stopping after 1 failures !!!!!!!!!!!!!!!!!!!!!!!!!!! | 1 failed, 57 passed in 0.40s
126	474	39	int-const	1	2	1	0	killed	1.0	FAILED tests/test_workflow_command_checks.py::TestInlinePythonPayloads::test_folded_scalar_leading_space_is_reported | !!!!!!!!!!!!!!!!!!!!!!!!!! stopping after 1 failures !!!!!!!!!!!!!!!!!!!!!!!!!!! | 1 failed, 8 passed in 0.23s
127	476	62	str-const	"exec"	""	1	0	killed	1.0	FAILED tests/test_workflow_command_checks.py::TestInlinePythonPayloads::test_folded_scalar_leading_space_is_reported | !!!!!!!!!!!!!!!!!!!!!!!!!! stopping after 1 failures !!!!!!!!!!!!!!!!!!!!!!!!!!! | 1 failed, 8 passed in 0.25s
128	498	28	str-const	"defaults"	""	1	0	killed	2.3	FAILED tests/test_workflow_command_checks.py::TestEveryWindowsCommandKeyIsChecked::test_a_job_default_cmd_shell_is_honoured | !!!!!!!!!!!!!!!!!!!!!!!!!! stopping after 1 failures !!!!!!!!!!!!!!!!!!!!!!!!!!! | 1 failed, 172 passed in 1.57s
129	498	48	str-const	"run"	""	1	0	killed	2.3	FAILED tests/test_workflow_command_checks.py::TestEveryWindowsCommandKeyIsChecked::test_a_job_default_cmd_shell_is_honoured | !!!!!!!!!!!!!!!!!!!!!!!!!! stopping after 1 failures !!!!!!!!!!!!!!!!!!!!!!!!!!! | 1 failed, 172 passed in 1.60s
130	498	63	str-const	"shell"	""	1	0	killed	2.3	FAILED tests/test_workflow_command_checks.py::TestEveryWindowsCommandKeyIsChecked::test_a_job_default_cmd_shell_is_honoured | !!!!!!!!!!!!!!!!!!!!!!!!!! stopping after 1 failures !!!!!!!!!!!!!!!!!!!!!!!!!!! | 1 failed, 172 passed in 1.60s
131	499	24	str-const	"steps"	""	1	0	killed	1.0	FAILED tests/test_workflow_command_checks.py::TestWindowsQuoting::test_shell_cmd_run_step_is_checked | !!!!!!!!!!!!!!!!!!!!!!!!!! stopping after 1 failures !!!!!!!!!!!!!!!!!!!!!!!!!!! | 1 failed, 16 passed in 0.25s
132	500	11	not-removal	not 		1	0	killed	1.0	FAILED tests/test_workflow_command_checks.py::TestRunnerLabels::test_retired_macos_13_is_reported | !!!!!!!!!!!!!!!!!!!!!!!!!! stopping after 1 failures !!!!!!!!!!!!!!!!!!!!!!!!!!! | 1 failed in 0.25s
133	501	12	loop-jump	continue	break	0	0	survived	2.9	........................................................................ [ 78%] | ...........................................................              [100%] | 275 passed in 1.71s
134	503	15	not-removal	not 		1	0	killed	1.0	FAILED tests/test_workflow_command_checks.py::TestWindowsQuoting::test_shell_cmd_run_step_is_checked | !!!!!!!!!!!!!!!!!!!!!!!!!! stopping after 1 failures !!!!!!!!!!!!!!!!!!!!!!!!!!! | 1 failed, 16 passed in 0.25s
135	504	16	loop-jump	continue	break	0	0	survived	2.8	........................................................................ [ 78%] | ...........................................................              [100%] | 275 passed in 1.64s
136	505	29	str-const	"shell"	""	1	0	killed	1.0	FAILED tests/test_workflow_command_checks.py::TestWindowsQuoting::test_shell_cmd_run_step_is_checked | !!!!!!!!!!!!!!!!!!!!!!!!!! stopping after 1 failures !!!!!!!!!!!!!!!!!!!!!!!!!!! | 1 failed, 16 passed in 0.25s
137	506	31	str-const	"run"	""	1	0	killed	1.0	FAILED tests/test_workflow_command_checks.py::TestWindowsQuoting::test_shell_cmd_run_step_is_checked | !!!!!!!!!!!!!!!!!!!!!!!!!! stopping after 1 failures !!!!!!!!!!!!!!!!!!!!!!!!!!! | 1 failed, 16 passed in 0.24s
138	507	21	compare	==	!=	1	0	killed	0.9	FAILED tests/test_workflow_command_checks.py::TestInlinePythonPayloads::test_escaped_quotes_inside_payload_are_not_false_positives | !!!!!!!!!!!!!!!!!!!!!!!!!! stopping after 1 failures !!!!!!!!!!!!!!!!!!!!!!!!!!! | 1 failed, 10 passed in 0.24s
139	507	24	str-const	"cmd"	""	1	0	killed	1.0	FAILED tests/test_workflow_command_checks.py::TestWindowsQuoting::test_shell_cmd_run_step_is_checked | !!!!!!!!!!!!!!!!!!!!!!!!!! stopping after 1 failures !!!!!!!!!!!!!!!!!!!!!!!!!!! | 1 failed, 16 passed in 0.25s
140	507	30	boolop	and	or	1	0	killed	0.9	FAILED tests/test_workflow_command_checks.py::TestInlinePythonPayloads::test_escaped_quotes_inside_payload_are_not_false_positives | !!!!!!!!!!!!!!!!!!!!!!!!!! stopping after 1 failures !!!!!!!!!!!!!!!!!!!!!!!!!!! | 1 failed, 10 passed in 0.23s
141	515	30	str-const	"."	""	1	0	killed	1.0	FAILED tests/test_workflow_command_checks.py::TestInlinePythonPayloads::test_folded_scalar_leading_space_is_reported | !!!!!!!!!!!!!!!!!!!!!!!!!! stopping after 1 failures !!!!!!!!!!!!!!!!!!!!!!!!!!! | 1 failed, 8 passed in 0.24s
142	515	35	int-const	1	2	0	0	survived	2.8	........................................................................ [ 78%] | ...........................................................              [100%] | 275 passed in 1.64s
143	515	39	int-const	1	2	1	0	killed	1.0	FAILED tests/test_workflow_command_checks.py::TestWindowsQuoting::test_posix_single_quoting_in_windows_command_is_reported | !!!!!!!!!!!!!!!!!!!!!!!!!! stopping after 1 failures !!!!!!!!!!!!!!!!!!!!!!!!!!! | 1 failed, 14 passed in 0.24s
144	516	15	compare	in	not in	1	0	killed	0.9	FAILED tests/test_workflow_command_checks.py::TestInlinePythonPayloads::test_escaped_quotes_inside_payload_are_not_false_positives | !!!!!!!!!!!!!!!!!!!!!!!!!! stopping after 1 failures !!!!!!!!!!!!!!!!!!!!!!!!!!! | 1 failed, 10 passed in 0.24s
145	520	43	int-const	1	2	1	0	killed	1.0	FAILED tests/test_workflow_command_checks.py::TestWindowsQuoting::test_double_quoting_in_windows_command_passes | !!!!!!!!!!!!!!!!!!!!!!!!!! stopping after 1 failures !!!!!!!!!!!!!!!!!!!!!!!!!!! | 1 failed, 15 passed in 0.24s
146	521	29	int-const	0	1	1	0	killed	1.0	FAILED tests/test_workflow_command_checks.py::TestWindowsQuoting::test_posix_single_quoting_in_windows_command_is_reported | !!!!!!!!!!!!!!!!!!!!!!!!!! stopping after 1 failures !!!!!!!!!!!!!!!!!!!!!!!!!!! | 1 failed, 14 passed in 0.27s
147	528	24	str-const	"Windows command uses POSIX single-quoting: "	""	1	0	killed	1.0	FAILED tests/test_workflow_command_checks.py::TestWindowsQuoting::test_posix_single_quoting_in_windows_command_is_reported | !!!!!!!!!!!!!!!!!!!!!!!!!! stopping after 1 failures !!!!!!!!!!!!!!!!!!!!!!!!!!! | 1 failed, 14 passed in 0.26s
148	529	26	str-const	", "	""	0	0	survived	2.9	........................................................................ [ 78%] | ...........................................................              [100%] | 275 passed in 1.67s
149	529	60	int-const	4	5	0	0	survived	2.9	........................................................................ [ 78%] | ...........................................................              [100%] | 275 passed in 1.71s
150	549	11	str-const	"\n"	""	1	0	killed	1.2	FAILED tests/test_workflow_command_checks.py::TestShellParseability::test_unbalanced_quote_is_reported | !!!!!!!!!!!!!!!!!!!!!!!!!! stopping after 1 failures !!!!!!!!!!!!!!!!!!!!!!!!!!! | 1 failed, 18 passed in 0.26s
151	549	16	compare	in	not in	1	0	killed	1.2	FAILED tests/test_workflow_command_checks.py::TestShellParseability::test_unbalanced_quote_is_reported | !!!!!!!!!!!!!!!!!!!!!!!!!! stopping after 1 failures !!!!!!!!!!!!!!!!!!!!!!!!!!! | 1 failed, 18 passed in 0.25s
152	549	27	boolop	or	and	1	0	killed	1.0	FAILED tests/test_workflow_command_checks.py::TestShellParseability::test_multi_line_script_is_left_alone | !!!!!!!!!!!!!!!!!!!!!!!!!! stopping after 1 failures !!!!!!!!!!!!!!!!!!!!!!!!!!! | 1 failed, 19 passed in 0.25s
153	549	30	str-const	"${{"	""	1	0	killed	1.0	FAILED tests/test_workflow_command_checks.py::TestShellParseability::test_unbalanced_quote_is_reported | !!!!!!!!!!!!!!!!!!!!!!!!!! stopping after 1 failures !!!!!!!!!!!!!!!!!!!!!!!!!!! | 1 failed, 18 passed in 0.25s
154	549	36	compare	in	not in	1	0	killed	1.0	FAILED tests/test_workflow_command_checks.py::TestShellParseability::test_unbalanced_quote_is_reported | !!!!!!!!!!!!!!!!!!!!!!!!!! stopping after 1 failures !!!!!!!!!!!!!!!!!!!!!!!!!!! | 1 failed, 18 passed in 0.24s
155	550	12	loop-jump	continue	break	0	0	survived	2.9	........................................................................ [ 78%] | ...........................................................              [100%] | 275 passed in 1.68s
156	559	27	str-const	"balance the quoting, or move the command into a script file."	""	0	0	survived	2.9	........................................................................ [ 78%] | ...........................................................              [100%] | 275 passed in 1.70s
157	605	24	str-const	"uses"	""	1	0	killed	1.0	FAILED tests/test_workflow_command_checks.py::TestReleasePublishing::test_name_input_is_reported | !!!!!!!!!!!!!!!!!!!!!!!!!! stopping after 1 failures !!!!!!!!!!!!!!!!!!!!!!!!!!! | 1 failed, 20 passed in 0.26s
158	606	11	not-removal	not 		1	0	killed	1.0	FAILED tests/test_workflow_command_checks.py::TestInlinePythonPayloads::test_folded_scalar_leading_space_is_reported | !!!!!!!!!!!!!!!!!!!!!!!!!! stopping after 1 failures !!!!!!!!!!!!!!!!!!!!!!!!!!! | 1 failed, 8 passed in 0.26s
159	607	12	loop-jump	continue	break	0	0	survived	2.8	........................................................................ [ 78%] | ...........................................................              [100%] | 275 passed in 1.64s
160	608	11	not-removal	not 		1	0	killed	1.0	FAILED tests/test_workflow_command_checks.py::TestReleasePublishing::test_name_input_is_reported | !!!!!!!!!!!!!!!!!!!!!!!!!! stopping after 1 failures !!!!!!!!!!!!!!!!!!!!!!!!!!! | 1 failed, 20 passed in 0.25s
161	608	26	compare	in	not in	1	0	killed	1.0	FAILED tests/test_workflow_command_checks.py::TestReleasePublishing::test_non_release_steps_are_ignored | !!!!!!!!!!!!!!!!!!!!!!!!!! stopping after 1 failures !!!!!!!!!!!!!!!!!!!!!!!!!!! | 1 failed, 30 passed in 0.26s
162	609	12	loop-jump	continue	break	0	0	survived	2.9	........................................................................ [ 78%] | ...........................................................              [100%] | 275 passed in 1.67s
163	611	26	str-const	"with"	""	1	0	killed	1.1	FAILED tests/test_workflow_command_checks.py::TestReleasePublishing::test_name_input_is_reported | !!!!!!!!!!!!!!!!!!!!!!!!!! stopping after 1 failures !!!!!!!!!!!!!!!!!!!!!!!!!!! | 1 failed, 20 passed in 0.26s
164	612	11	not-removal	not 		1	0	killed	1.0	FAILED tests/test_workflow_command_checks.py::TestReleasePublishing::test_name_input_is_reported | !!!!!!!!!!!!!!!!!!!!!!!!!! stopping after 1 failures !!!!!!!!!!!!!!!!!!!!!!!!!!! | 1 failed, 20 passed in 0.25s
165	614	40	int-const	1	2	1	0	killed	1.0	FAILED tests/test_workflow_command_checks.py::TestReleasePublishing::test_every_listed_release_action_is_matched | !!!!!!!!!!!!!!!!!!!!!!!!!! stopping after 1 failures !!!!!!!!!!!!!!!!!!!!!!!!!!! | 1 failed, 32 passed in 0.26s
166	617	11	str-const	"name"	""	1	0	killed	1.0	FAILED tests/test_workflow_command_checks.py::TestReleasePublishing::test_name_input_is_reported | !!!!!!!!!!!!!!!!!!!!!!!!!! stopping after 1 failures !!!!!!!!!!!!!!!!!!!!!!!!!!! | 1 failed, 20 passed in 0.25s
167	617	18	compare	in	not in	1	0	killed	1.0	FAILED tests/test_workflow_command_checks.py::TestReleasePublishing::test_name_input_is_reported | !!!!!!!!!!!!!!!!!!!!!!!!!! stopping after 1 failures !!!!!!!!!!!!!!!!!!!!!!!!!!! | 1 failed, 20 passed in 0.26s
168	635	19	str-const	"body"	""	1	0	killed	1.0	FAILED tests/test_workflow_command_checks.py::TestReleasePublishing::test_body_without_append_body_is_reported | !!!!!!!!!!!!!!!!!!!!!!!!!! stopping after 1 failures !!!!!!!!!!!!!!!!!!!!!!!!!!! | 1 failed, 22 passed in 0.26s
169	635	26	compare	in	not in	1	0	killed	1.0	FAILED tests/test_workflow_command_checks.py::TestReleasePublishing::test_omitting_name_passes | !!!!!!!!!!!!!!!!!!!!!!!!!! stopping after 1 failures !!!!!!!!!!!!!!!!!!!!!!!!!!! | 1 failed, 21 passed in 0.26s
170	635	36	boolop	or	and	1	0	killed	1.0	FAILED tests/test_workflow_command_checks.py::TestReleasePublishing::test_body_without_append_body_is_reported | !!!!!!!!!!!!!!!!!!!!!!!!!! stopping after 1 failures !!!!!!!!!!!!!!!!!!!!!!!!!!! | 1 failed, 22 passed in 0.26s
171	635	39	str-const	"body_path"	""	1	0	killed	1.0	FAILED tests/test_workflow_command_checks.py::TestReleasePublishing::test_body_path_is_covered_too | !!!!!!!!!!!!!!!!!!!!!!!!!! stopping after 1 failures !!!!!!!!!!!!!!!!!!!!!!!!!!! | 1 failed, 24 passed in 0.26s
172	635	51	compare	in	not in	1	0	killed	1.0	FAILED tests/test_workflow_command_checks.py::TestReleasePublishing::test_omitting_name_passes | !!!!!!!!!!!!!!!!!!!!!!!!!! stopping after 1 failures !!!!!!!!!!!!!!!!!!!!!!!!!!! | 1 failed, 21 passed in 0.27s
173	636	20	boolop	and	or	1	0	killed	1.0	FAILED tests/test_workflow_command_checks.py::TestReleasePublishing::test_omitting_name_passes | !!!!!!!!!!!!!!!!!!!!!!!!!! stopping after 1 failures !!!!!!!!!!!!!!!!!!!!!!!!!!! | 1 failed, 21 passed in 0.26s
174	636	24	not-removal	not 		1	0	killed	1.0	FAILED tests/test_workflow_command_checks.py::TestReleasePublishing::test_body_without_append_body_is_reported | !!!!!!!!!!!!!!!!!!!!!!!!!! stopping after 1 failures !!!!!!!!!!!!!!!!!!!!!!!!!!! | 1 failed, 22 passed in 0.25s
175	636	56	str-const	"append_body"	""	1	0	killed	1.0	FAILED tests/test_workflow_command_checks.py::TestReleasePublishing::test_body_with_append_body_passes | !!!!!!!!!!!!!!!!!!!!!!!!!! stopping after 1 failures !!!!!!!!!!!!!!!!!!!!!!!!!!! | 1 failed, 23 passed in 0.26s
176	655	32	str-const	"prerelease"	""	1	0	killed	1.0	FAILED tests/test_workflow_command_checks.py::TestReleasePublishing::test_stable_release_with_draft_false_passes | !!!!!!!!!!!!!!!!!!!!!!!!!! stopping after 1 failures !!!!!!!!!!!!!!!!!!!!!!!!!!! | 1 failed, 27 passed in 0.26s
177	656	28	str-const	"prerelease"	""	1	0	killed	1.0	FAILED tests/test_workflow_command_checks.py::TestReleasePublishing::test_prerelease_that_never_drafts_is_reported | !!!!!!!!!!!!!!!!!!!!!!!!!! stopping after 1 failures !!!!!!!!!!!!!!!!!!!!!!!!!!! | 1 failed, 25 passed in 0.26s
178	656	41	compare	in	not in	1	0	killed	1.0	FAILED tests/test_workflow_command_checks.py::TestReleasePublishing::test_omitting_name_passes | !!!!!!!!!!!!!!!!!!!!!!!!!! stopping after 1 failures !!!!!!!!!!!!!!!!!!!!!!!!!!! | 1 failed, 21 passed in 0.25s
179	656	51	boolop	and	or	1	0	killed	1.0	FAILED tests/test_workflow_command_checks.py::TestReleasePublishing::test_omitting_name_passes | !!!!!!!!!!!!!!!!!!!!!!!!!! stopping after 1 failures !!!!!!!!!!!!!!!!!!!!!!!!!!! | 1 failed, 21 passed in 0.26s
180	656	55	not-removal	not 		1	0	killed	1.0	FAILED tests/test_workflow_command_checks.py::TestReleasePublishing::test_prerelease_that_never_drafts_is_reported | !!!!!!!!!!!!!!!!!!!!!!!!!! stopping after 1 failures !!!!!!!!!!!!!!!!!!!!!!!!!!! | 1 failed, 25 passed in 0.27s
181	657	27	str-const	"draft"	""	1	0	killed	1.0	FAILED tests/test_workflow_command_checks.py::TestReleasePublishing::test_prerelease_that_never_drafts_is_reported | !!!!!!!!!!!!!!!!!!!!!!!!!! stopping after 1 failures !!!!!!!!!!!!!!!!!!!!!!!!!!! | 1 failed, 25 passed in 0.26s
182	658	27	str-const	"draft"	""	1	0	killed	1.0	FAILED tests/test_workflow_command_checks.py::TestReleasePublishing::test_prerelease_drafted_by_the_same_condition_passes | !!!!!!!!!!!!!!!!!!!!!!!!!! stopping after 1 failures !!!!!!!!!!!!!!!!!!!!!!!!!!! | 1 failed, 26 passed in 0.26s
183	658	35	compare	not in	in	1	0	killed	1.0	FAILED tests/test_workflow_command_checks.py::TestReleasePublishing::test_prerelease_drafted_by_the_same_condition_passes | !!!!!!!!!!!!!!!!!!!!!!!!!! stopping after 1 failures !!!!!!!!!!!!!!!!!!!!!!!!!!! | 1 failed, 26 passed in 0.30s
184	658	49	boolop	or	and	1	0	killed	1.0	FAILED tests/test_workflow_command_checks.py::TestReleasePublishing::test_prerelease_that_never_drafts_is_reported | !!!!!!!!!!!!!!!!!!!!!!!!!! stopping after 1 failures !!!!!!!!!!!!!!!!!!!!!!!!!!! | 1 failed, 25 passed in 0.26s
185	659	11	str-const	"files"	""	1	0	killed	1.0	FAILED tests/test_workflow_command_checks.py::TestReleasePublishing::test_prerelease_that_never_drafts_is_reported | !!!!!!!!!!!!!!!!!!!!!!!!!! stopping after 1 failures !!!!!!!!!!!!!!!!!!!!!!!!!!! | 1 failed, 25 passed in 0.27s
186	659	19	compare	in	not in	1	0	killed	1.0	FAILED tests/test_workflow_command_checks.py::TestReleasePublishing::test_prerelease_that_never_drafts_is_reported | !!!!!!!!!!!!!!!!!!!!!!!!!! stopping after 1 failures !!!!!!!!!!!!!!!!!!!!!!!!!!! | 1 failed, 25 passed in 0.26s
187	659	29	boolop	and	or	1	0	killed	1.0	FAILED tests/test_workflow_command_checks.py::TestReleasePublishing::test_omitting_name_passes | !!!!!!!!!!!!!!!!!!!!!!!!!! stopping after 1 failures !!!!!!!!!!!!!!!!!!!!!!!!!!! | 1 failed, 21 passed in 0.25s
188	690	45	str-const	"utf-8"	""	1	0	killed	1.1	FAILED tests/test_workflow_command_checks.py::TestExpressionSyntax::test_the_check_inspects_something | !!!!!!!!!!!!!!!!!!!!!!!!!! stopping after 1 failures !!!!!!!!!!!!!!!!!!!!!!!!!!! | 1 failed, 57 passed in 0.37s
189	692	8	return-none	return {}	return None	1	0	killed	2.4	FAILED tests/test_workflow_command_checks.py::TestCmakeOptionDefaults::test_a_missing_file_yields_nothing_rather_than_raising | !!!!!!!!!!!!!!!!!!!!!!!!!! stopping after 1 failures !!!!!!!!!!!!!!!!!!!!!!!!!!! | 1 failed, 240 passed in 1.62s
190	693	4	return-none	return {m.group(1): m.group(2) for m in _CMAKE_OPTION_RE.finditer(text)}	return None	1	0	killed	1.2	FAILED tests/test_workflow_command_checks.py::TestExpressionSyntax::test_the_check_inspects_something | !!!!!!!!!!!!!!!!!!!!!!!!!! stopping after 1 failures !!!!!!!!!!!!!!!!!!!!!!!!!!! | 1 failed, 57 passed in 0.48s
191	693	20	int-const	1	2	1	0	killed	2.4	FAILED tests/test_workflow_command_checks.py::TestCmakeOptionDefaults::test_options_and_their_defaults_are_read | !!!!!!!!!!!!!!!!!!!!!!!!!! stopping after 1 failures !!!!!!!!!!!!!!!!!!!!!!!!!!! | 1 failed, 239 passed in 1.65s
192	693	32	int-const	2	3	1	0	killed	1.1	FAILED tests/test_workflow_command_checks.py::TestExpressionSyntax::test_the_check_inspects_something | !!!!!!!!!!!!!!!!!!!!!!!!!! stopping after 1 failures !!!!!!!!!!!!!!!!!!!!!!!!!!! | 1 failed, 57 passed in 0.34s
193	708	43	str-const	"utf-8"	""	1	0	killed	1.1	FAILED tests/test_workflow_command_checks.py::TestExpressionSyntax::test_the_check_inspects_something | !!!!!!!!!!!!!!!!!!!!!!!!!! stopping after 1 failures !!!!!!!!!!!!!!!!!!!!!!!!!!! | 1 failed, 57 passed in 0.36s
194	710	12	loop-jump	continue	break	1	0	killed	2.3	FAILED tests/test_workflow_command_checks.py::TestCmakeGatedTargets::test_an_unreadable_file_does_not_end_the_scan | !!!!!!!!!!!!!!!!!!!!!!!!!! stopping after 1 failures !!!!!!!!!!!!!!!!!!!!!!!!!!! | 1 failed, 245 passed in 1.60s
195	714	35	str-const	"if("	""	1	0	killed	1.9	FAILED tests/test_workflow_command_checks.py::TestRepositoryWorkflows::test_repository_workflows_pass | !!!!!!!!!!!!!!!!!!!!!!!!!! stopping after 1 failures !!!!!!!!!!!!!!!!!!!!!!!!!!! | 1 failed, 98 passed in 1.14s
196	716	37	str-const	"elseif("	""	1	0	killed	2.4	FAILED tests/test_workflow_command_checks.py::TestCmakeGatedTargets::test_a_target_inside_a_guard_carries_its_flag | !!!!!!!!!!!!!!!!!!!!!!!!!! stopping after 1 failures !!!!!!!!!!!!!!!!!!!!!!!!!!! | 1 failed, 241 passed in 1.62s
197	718	27	int-const	1	2	1	0	killed	2.4	FAILED tests/test_workflow_command_checks.py::TestCmakeGatedTargets::test_an_elseif_replaces_the_frames_condition | !!!!!!!!!!!!!!!!!!!!!!!!!! stopping after 1 failures !!!!!!!!!!!!!!!!!!!!!!!!!!! | 1 failed, 243 passed in 1.65s
198	719	37	str-const	"endif("	""	1	0	killed	2.4	FAILED tests/test_workflow_command_checks.py::TestCmakeGatedTargets::test_a_target_inside_a_guard_carries_its_flag | !!!!!!!!!!!!!!!!!!!!!!!!!! stopping after 1 failures !!!!!!!!!!!!!!!!!!!!!!!!!!! | 1 failed, 241 passed in 1.62s
199	727	45	int-const	1	2	1	0	killed	1.1	FAILED tests/test_workflow_command_checks.py::TestExpressionSyntax::test_the_check_inspects_something | !!!!!!!!!!!!!!!!!!!!!!!!!! stopping after 1 failures !!!!!!!!!!!!!!!!!!!!!!!!!!! | 1 failed, 57 passed in 0.34s
200	728	4	return-none	return gated	return None	1	0	killed	1.2	FAILED tests/test_workflow_command_checks.py::TestExpressionSyntax::test_the_check_inspects_something | !!!!!!!!!!!!!!!!!!!!!!!!!! stopping after 1 failures !!!!!!!!!!!!!!!!!!!!!!!!!!! | 1 failed, 57 passed in 0.47s
201	755	49	str-const	"CMakeLists.txt"	""	0	0	survived	2.7	........................................................................ [ 78%] | ...........................................................              [100%] | 275 passed in 1.61s
202	756	54	str-const	"tests/**/CMakeLists.txt"	""	1	0	killed	1.1	FAILED tests/test_workflow_command_checks.py::TestExpressionSyntax::test_the_check_inspects_something | !!!!!!!!!!!!!!!!!!!!!!!!!! stopping after 1 failures !!!!!!!!!!!!!!!!!!!!!!!!!!! | 1 failed, 57 passed in 0.35s
203	759	19	str-const	"\n"	""	0	0	survived	2.9	........................................................................ [ 78%] | ...........................................................              [100%] | 275 passed in 1.72s
204	760	21	str-const	"run"	""	0	0	survived	2.9	........................................................................ [ 78%] | ...........................................................              [100%] | 275 passed in 1.69s
205	760	32	boolop	or	and	0	0	survived	2.9	........................................................................ [ 78%] | ...........................................................              [100%] | 275 passed in 1.74s
206	761	43	str-const	"jobs"	""	0	0	survived	3.0	........................................................................ [ 78%] | ...........................................................              [100%] | 275 passed in 1.72s
207	764	11	not-removal	not 		0	0	survived	3.0	........................................................................ [ 78%] | ...........................................................              [100%] | 275 passed in 1.73s
208	765	12	loop-jump	continue	break	0	0	survived	3.1	........................................................................ [ 78%] | ...........................................................              [100%] | 275 passed in 1.81s
209	772	38	compare	==	!=	1	0	killed	1.9	FAILED tests/test_workflow_command_checks.py::TestRepositoryWorkflows::test_repository_workflows_pass | !!!!!!!!!!!!!!!!!!!!!!!!!! stopping after 1 failures !!!!!!!!!!!!!!!!!!!!!!!!!!! | 1 failed, 98 passed in 1.11s
210	772	41	str-const	"OFF"	""	0	0	survived	2.8	........................................................................ [ 78%] | ...........................................................              [100%] | 275 passed in 1.63s
211	774	73	compare	not in	in	1	0	killed	1.9	FAILED tests/test_workflow_command_checks.py::TestRepositoryWorkflows::test_repository_workflows_pass | !!!!!!!!!!!!!!!!!!!!!!!!!! stopping after 1 failures !!!!!!!!!!!!!!!!!!!!!!!!!!! | 1 failed, 98 passed in 1.12s
212	775	45	int-const	1	2	0	0	survived	2.9	........................................................................ [ 78%] | ...........................................................              [100%] | 275 passed in 1.69s
213	783	49	str-const	', '	''	0	0	survived	2.9	........................................................................ [ 78%] | ...........................................................              [100%] | 275 passed in 1.68s
214	787	45	int-const	0	1	0	0	survived	3.0	........................................................................ [ 78%] | ...........................................................              [100%] | 275 passed in 1.75s
215	826	35	str-const	"\\\n"	""	1	0	killed	1.5	FAILED tests/test_workflow_command_checks.py::TestCmakeBuildType::test_missing_build_type_is_reported | !!!!!!!!!!!!!!!!!!!!!!!!!! stopping after 1 failures !!!!!!!!!!!!!!!!!!!!!!!!!!! | 1 failed, 59 passed in 0.73s
216	826	43	str-const	" "	""	0	0	survived	3.0	........................................................................ [ 78%] | ...........................................................              [100%] | 275 passed in 1.75s
217	828	33	str-const	"\n"	""	1	0	killed	1.1	FAILED tests/test_workflow_command_checks.py::TestInlinePythonPayloads::test_escaped_quotes_inside_payload_are_not_false_positives | !!!!!!!!!!!!!!!!!!!!!!!!!! stopping after 1 failures !!!!!!!!!!!!!!!!!!!!!!!!!!! | 1 failed, 10 passed in 0.27s
218	830	31	str-const	"#"	""	1	0	killed	1.5	FAILED tests/test_workflow_command_checks.py::TestCmakeBuildType::test_missing_build_type_is_reported | !!!!!!!!!!!!!!!!!!!!!!!!!! stopping after 1 failures !!!!!!!!!!!!!!!!!!!!!!!!!!! | 1 failed, 59 passed in 0.70s
219	831	12	loop-jump	continue	break	1	0	killed	2.4	FAILED tests/test_workflow_command_checks.py::TestCmakeConfigureExtraction::test_a_later_configure_is_still_found | !!!!!!!!!!!!!!!!!!!!!!!!!! stopping after 1 failures !!!!!!!!!!!!!!!!!!!!!!!!!!! | 1 failed, 249 passed in 1.64s
220	834	4	return-none	return commands	return None	1	0	killed	1.0	FAILED tests/test_workflow_command_checks.py::TestInlinePythonPayloads::test_escaped_quotes_inside_payload_are_not_false_positives | !!!!!!!!!!!!!!!!!!!!!!!!!! stopping after 1 failures !!!!!!!!!!!!!!!!!!!!!!!!!!! | 1 failed, 10 passed in 0.27s
221	869	43	str-const	"jobs"	""	1	0	killed	1.4	FAILED tests/test_workflow_command_checks.py::TestCmakeBuildType::test_missing_build_type_is_reported | !!!!!!!!!!!!!!!!!!!!!!!!!! stopping after 1 failures !!!!!!!!!!!!!!!!!!!!!!!!!!! | 1 failed, 59 passed in 0.68s
222	870	15	not-removal	not 		1	0	killed	1.4	FAILED tests/test_workflow_command_checks.py::TestCmakeBuildType::test_missing_build_type_is_reported | !!!!!!!!!!!!!!!!!!!!!!!!!! stopping after 1 failures !!!!!!!!!!!!!!!!!!!!!!!!!!! | 1 failed, 59 passed in 0.69s
223	871	16	loop-jump	continue	break	0	0	survived	3.0	........................................................................ [ 78%] | ...........................................................              [100%] | 275 passed in 1.75s
224	872	32	str-const	"run"	""	1	0	killed	1.4	FAILED tests/test_workflow_command_checks.py::TestCmakeBuildType::test_missing_build_type_is_reported | !!!!!!!!!!!!!!!!!!!!!!!!!! stopping after 1 failures !!!!!!!!!!!!!!!!!!!!!!!!!!! | 1 failed, 59 passed in 0.68s
225	872	39	boolop	or	and	1	0	killed	1.4	FAILED tests/test_workflow_command_checks.py::TestCmakeBuildType::test_missing_build_type_is_reported | !!!!!!!!!!!!!!!!!!!!!!!!!! stopping after 1 failures !!!!!!!!!!!!!!!!!!!!!!!!!!! | 1 failed, 59 passed in 0.69s
226	873	15	not-removal	not 		1	0	killed	1.5	FAILED tests/test_workflow_command_checks.py::TestCmakeBuildType::test_missing_build_type_is_reported | !!!!!!!!!!!!!!!!!!!!!!!!!! stopping after 1 failures !!!!!!!!!!!!!!!!!!!!!!!!!!! | 1 failed, 59 passed in 0.70s
227	873	45	boolop	or	and	0	0	survived	2.9	........................................................................ [ 78%] | ...........................................................              [100%] | 275 passed in 1.69s
228	873	48	not-removal	not 		1	0	killed	1.5	FAILED tests/test_workflow_command_checks.py::TestCmakeBuildType::test_missing_build_type_is_reported | !!!!!!!!!!!!!!!!!!!!!!!!!! stopping after 1 failures !!!!!!!!!!!!!!!!!!!!!!!!!!! | 1 failed, 59 passed in 0.71s
229	874	16	loop-jump	continue	break	1	0	killed	1.9	FAILED tests/test_workflow_command_checks.py::TestRepositoryWorkflows::test_gate_actually_inspected_something | !!!!!!!!!!!!!!!!!!!!!!!!!! stopping after 1 failures !!!!!!!!!!!!!!!!!!!!!!!!!!! | 1 failed, 100 passed in 1.16s
230	876	51	int-const	1	2	1	0	killed	1.4	FAILED tests/test_workflow_command_checks.py::TestCmakeBuildType::test_a_bare_cmake_with_every_flag_on_continuation_lines_is_seen | !!!!!!!!!!!!!!!!!!!!!!!!!! stopping after 1 failures !!!!!!!!!!!!!!!!!!!!!!!!!!! | 1 failed, 64 passed in 0.69s
231	877	19	str-const	"CMAKE_BUILD_TYPE"	""	1	0	killed	1.4	FAILED tests/test_workflow_command_checks.py::TestCmakeBuildType::test_missing_build_type_is_reported | !!!!!!!!!!!!!!!!!!!!!!!!!! stopping after 1 failures !!!!!!!!!!!!!!!!!!!!!!!!!!! | 1 failed, 59 passed in 0.67s
232	877	38	compare	in	not in	1	0	killed	1.4	FAILED tests/test_workflow_command_checks.py::TestCmakeBuildType::test_missing_build_type_is_reported | !!!!!!!!!!!!!!!!!!!!!!!!!! stopping after 1 failures !!!!!!!!!!!!!!!!!!!!!!!!!!! | 1 failed, 59 passed in 0.68s
233	878	20	loop-jump	continue	break	0	0	survived	2.8	........................................................................ [ 78%] | ...........................................................              [100%] | 275 passed in 1.63s
234	880	20	loop-jump	continue	break	0	0	survived	2.8	........................................................................ [ 78%] | ...........................................................              [100%] | 275 passed in 1.64s
235	889	40	int-const	110	111	0	0	survived	2.8	........................................................................ [ 78%] | ...........................................................              [100%] | 275 passed in 1.65s
236	889	45	binop	+	-	1	0	killed	2.4	FAILED tests/test_workflow_command_checks.py::TestBuildTypeReporting::test_the_reported_command_is_truncated_with_an_ellipsis | !!!!!!!!!!!!!!!!!!!!!!!!!! stopping after 1 failures !!!!!!!!!!!!!!!!!!!!!!!!!!! | 1 failed, 255 passed in 1.65s
237	889	47	str-const	"..."	""	1	0	killed	2.3	FAILED tests/test_workflow_command_checks.py::TestBuildTypeReporting::test_the_reported_command_is_truncated_with_an_ellipsis | !!!!!!!!!!!!!!!!!!!!!!!!!! stopping after 1 failures !!!!!!!!!!!!!!!!!!!!!!!!!!! | 1 failed, 255 passed in 1.59s
238	889	69	compare	>	<=	1	0	killed	2.3	FAILED tests/test_workflow_command_checks.py::TestBuildTypeReporting::test_the_reported_command_is_truncated_with_an_ellipsis | !!!!!!!!!!!!!!!!!!!!!!!!!! stopping after 1 failures !!!!!!!!!!!!!!!!!!!!!!!!!!! | 1 failed, 255 passed in 1.62s
239	889	71	int-const	110	111	0	0	survived	2.8	........................................................................ [ 78%] | ...........................................................              [100%] | 275 passed in 1.63s
240	942	35	str-const	"if"	""	1	0	killed	1.1	FAILED tests/test_workflow_command_checks.py::TestExpressionSyntax::test_a_lone_equals_and_a_bare_if_are_rejected[steps.setup-python.outcome = 'failure'] | !!!!!!!!!!!!!!!!!!!!!!!!!! stopping after 1 failures !!!!!!!!!!!!!!!!!!!!!!!!!!! | 1 failed, 47 passed in 0.30s
241	960	19	compare	in	not in	1	0	killed	1.0	FAILED tests/test_workflow_command_checks.py::TestInlinePythonPayloads::test_escaped_quotes_inside_payload_are_not_false_positives | !!!!!!!!!!!!!!!!!!!!!!!!!! stopping after 1 failures !!!!!!!!!!!!!!!!!!!!!!!!!!! | 1 failed, 10 passed in 0.24s
242	960	44	boolop	and	or	1	0	killed	1.0	FAILED tests/test_workflow_command_checks.py::TestInlinePythonPayloads::test_escaped_quotes_inside_payload_are_not_false_positives | !!!!!!!!!!!!!!!!!!!!!!!!!! stopping after 1 failures !!!!!!!!!!!!!!!!!!!!!!!!!!! | 1 failed, 10 passed in 0.24s
243	960	75	str-const	"${{"	""	1	0	killed	1.1	FAILED tests/test_workflow_command_checks.py::TestExpressionSyntax::test_a_lone_equals_and_a_bare_if_are_rejected[steps.setup-python.outcome = 'failure'] | !!!!!!!!!!!!!!!!!!!!!!!!!! stopping after 1 failures !!!!!!!!!!!!!!!!!!!!!!!!!!! | 1 failed, 47 passed in 0.29s
244	960	81	compare	not in	in	1	0	killed	1.0	FAILED tests/test_workflow_command_checks.py::TestExpressionSyntax::test_a_lone_equals_and_a_bare_if_are_rejected[steps.setup-python.outcome = 'failure'] | !!!!!!!!!!!!!!!!!!!!!!!!!! stopping after 1 failures !!!!!!!!!!!!!!!!!!!!!!!!!!! | 1 failed, 47 passed in 0.29s
245	962	16	loop-jump	continue	break	0	0	survived	2.8	........................................................................ [ 78%] | ...........................................................              [100%] | 275 passed in 1.66s
246	967	31	boolop	and	or	1	0	killed	1.1	FAILED tests/test_workflow_command_checks.py::TestReleasePublishing::test_body_with_append_body_passes | !!!!!!!!!!!!!!!!!!!!!!!!!! stopping after 1 failures !!!!!!!!!!!!!!!!!!!!!!!!!!! | 1 failed, 23 passed in 0.32s
247	967	35	str-const	"${{"	""	0	0	survived	2.8	........................................................................ [ 78%] | ...........................................................              [100%] | 275 passed in 1.63s
248	967	41	compare	in	not in	1	0	killed	1.2	FAILED tests/test_workflow_command_checks.py::TestExpressionSyntax::test_the_shipped_defect_is_caught | !!!!!!!!!!!!!!!!!!!!!!!!!! stopping after 1 failures !!!!!!!!!!!!!!!!!!!!!!!!!!! | 1 failed, 35 passed in 0.31s
249	969	32	boolop	or	and	1	0	killed	2.5	FAILED tests/test_workflow_command_checks.py::TestExpressionBodyExtraction::test_a_top_level_string_reports_the_root | !!!!!!!!!!!!!!!!!!!!!!!!!! stopping after 1 failures !!!!!!!!!!!!!!!!!!!!!!!!!!! | 1 failed, 263 passed in 1.75s
250	969	35	str-const	"<root>"	""	1	0	killed	2.6	FAILED tests/test_workflow_command_checks.py::TestExpressionBodyExtraction::test_a_top_level_string_reports_the_root | !!!!!!!!!!!!!!!!!!!!!!!!!! stopping after 1 failures !!!!!!!!!!!!!!!!!!!!!!!!!!! | 1 failed, 263 passed in 1.79s
251	969	57	str-const	"body"	""	1	0	killed	1.0	FAILED tests/test_workflow_command_checks.py::TestRunnerLabels::test_retired_macos_13_is_reported | !!!!!!!!!!!!!!!!!!!!!!!!!! stopping after 1 failures !!!!!!!!!!!!!!!!!!!!!!!!!!! | 1 failed in 0.27s
252	970	4	return-none	return found	return None	1	0	killed	1.0	FAILED tests/test_workflow_command_checks.py::TestRunnerLabels::test_retired_macos_13_is_reported | !!!!!!!!!!!!!!!!!!!!!!!!!! stopping after 1 failures !!!!!!!!!!!!!!!!!!!!!!!!!!! | 1 failed in 0.28s
253	984	38	int-const	1	2	1	0	killed	1.0	FAILED tests/test_workflow_command_checks.py::TestExpressionSyntax::test_legitimate_bare_conditions_are_not_flagged[steps.setup-python.outcome == 'failure'] | !!!!!!!!!!!!!!!!!!!!!!!!!! stopping after 1 failures !!!!!!!!!!!!!!!!!!!!!!!!!!! | 1 failed, 51 passed in 0.29s
254	990	57	str-const	" "	""	0	0	survived	2.8	........................................................................ [ 78%] | ...........................................................              [100%] | 275 passed in 1.66s
255	990	61	binop	*	//	1	0	killed	1.1	FAILED tests/test_workflow_command_checks.py::TestReleasePublishing::test_prerelease_that_never_drafts_is_reported | !!!!!!!!!!!!!!!!!!!!!!!!!! stopping after 1 failures !!!!!!!!!!!!!!!!!!!!!!!!!!! | 1 failed, 25 passed in 0.29s
256	990	75	int-const	0	1	1	0	killed	1.0	FAILED tests/test_workflow_command_checks.py::TestReleasePublishing::test_prerelease_that_never_drafts_is_reported | !!!!!!!!!!!!!!!!!!!!!!!!!! stopping after 1 failures !!!!!!!!!!!!!!!!!!!!!!!!!!! | 1 failed, 25 passed in 0.28s
257	992	20	compare	is not	is	1	0	killed	1.0	FAILED tests/test_workflow_command_checks.py::TestRunnerLabels::test_retired_macos_13_is_reported | !!!!!!!!!!!!!!!!!!!!!!!!!! stopping after 1 failures !!!!!!!!!!!!!!!!!!!!!!!!!!! | 1 failed in 0.26s
258	999	43	int-const	0	1	1	0	killed	1.1	FAILED tests/test_workflow_command_checks.py::TestExpressionSyntax::test_the_shipped_defect_is_caught | !!!!!!!!!!!!!!!!!!!!!!!!!! stopping after 1 failures !!!!!!!!!!!!!!!!!!!!!!!!!!! | 1 failed, 35 passed in 0.33s
259	1009	53	compare	is not	is	1	0	killed	1.1	FAILED tests/test_workflow_command_checks.py::TestRunnerLabels::test_retired_macos_13_is_reported | !!!!!!!!!!!!!!!!!!!!!!!!!! stopping after 1 failures !!!!!!!!!!!!!!!!!!!!!!!!!!! | 1 failed in 0.24s
260	1020	27	str-const	"write `==` (or `!=`) for the comparison."	""	0	0	survived	3.0	........................................................................ [ 78%] | ...........................................................              [100%] | 275 passed in 1.79s
261	1049	30	str-const	"python"	""	1	0	killed	1.5	FAILED tests/test_workflow_command_checks.py::TestPytestPrerequisites::test_pytest_without_a_build_is_reported | !!!!!!!!!!!!!!!!!!!!!!!!!! stopping after 1 failures !!!!!!!!!!!!!!!!!!!!!!!!!!! | 1 failed, 69 passed in 0.75s
262	1049	40	str-const	"python3"	""	0	0	survived	2.9	........................................................................ [ 78%] | ...........................................................              [100%] | 275 passed in 1.71s
263	1049	51	str-const	"py"	""	0	0	survived	2.9	........................................................................ [ 78%] | ...........................................................              [100%] | 275 passed in 1.66s
264	1049	57	str-const	"python.exe"	""	0	0	survived	2.8	........................................................................ [ 78%] | ...........................................................              [100%] | 275 passed in 1.67s
265	1049	71	str-const	"python3.exe"	""	0	0	survived	2.9	........................................................................ [ 78%] | ...........................................................              [100%] | 275 passed in 1.72s
266	1059	22	str-const	"AMA_POST_DIAGNOSTIC_IMPORT"	""	1	0	killed	1.5	FAILED tests/test_workflow_command_checks.py::TestPytestPrerequisites::test_pytest_without_a_build_is_reported | !!!!!!!!!!!!!!!!!!!!!!!!!! stopping after 1 failures !!!!!!!!!!!!!!!!!!!!!!!!!!! | 1 failed, 69 passed in 0.73s
267	1062	26	str-const	"1"	""	1	0	killed	1.5	FAILED tests/test_workflow_command_checks.py::TestPytestPrerequisites::test_the_diagnostic_escape_satisfies_it | !!!!!!!!!!!!!!!!!!!!!!!!!! stopping after 1 failures !!!!!!!!!!!!!!!!!!!!!!!!!!! | 1 failed, 71 passed in 0.72s
268	1062	31	str-const	"true"	""	0	0	survived	2.9	........................................................................ [ 78%] | ...........................................................              [100%] | 275 passed in 1.65s
269	1062	39	str-const	"yes"	""	0	0	survived	2.8	........................................................................ [ 78%] | ...........................................................              [100%] | 275 passed in 1.64s
270	1062	46	str-const	"on"	""	0	0	survived	2.8	........................................................................ [ 78%] | ...........................................................              [100%] | 275 passed in 1.65s
271	1078	22	compare	is not	is	1	0	killed	1.4	FAILED tests/test_workflow_command_checks.py::TestPytestPrerequisites::test_pytest_without_a_build_is_reported | !!!!!!!!!!!!!!!!!!!!!!!!!! stopping after 1 failures !!!!!!!!!!!!!!!!!!!!!!!!!!! | 1 failed, 69 passed in 0.64s
272	1079	28	compare	==	!=	1	0	killed	2.4	FAILED tests/test_workflow_command_checks.py::TestHereDocumentBodiesAreRemoved::test_the_body_is_dropped_and_the_terminator_ends_it | !!!!!!!!!!!!!!!!!!!!!!!!!! stopping after 1 failures !!!!!!!!!!!!!!!!!!!!!!!!!!! | 1 failed, 174 passed in 1.61s
273	1081	12	loop-jump	continue	break	1	0	killed	2.3	FAILED tests/test_workflow_command_checks.py::TestHereDocumentBodiesAreRemoved::test_the_body_is_dropped_and_the_terminator_ends_it | !!!!!!!!!!!!!!!!!!!!!!!!!! stopping after 1 failures !!!!!!!!!!!!!!!!!!!!!!!!!!! | 1 failed, 174 passed in 1.58s
274	1084	17	boolop	and	or	1	0	killed	1.0	FAILED tests/test_workflow_command_checks.py::TestInlinePythonPayloads::test_escaped_quotes_inside_payload_are_not_false_positives | !!!!!!!!!!!!!!!!!!!!!!!!!! stopping after 1 failures !!!!!!!!!!!!!!!!!!!!!!!!!!! | 1 failed, 10 passed in 0.29s
275	1084	21	str-const	"<<<"	""	1	0	killed	2.3	FAILED tests/test_workflow_command_checks.py::TestHereDocumentBodiesAreRemoved::test_the_body_is_dropped_and_the_terminator_ends_it | !!!!!!!!!!!!!!!!!!!!!!!!!! stopping after 1 failures !!!!!!!!!!!!!!!!!!!!!!!!!!! | 1 failed, 174 passed in 1.59s
276	1084	27	compare	not in	in	1	0	killed	2.3	FAILED tests/test_workflow_command_checks.py::TestHereDocumentBodiesAreRemoved::test_the_body_is_dropped_and_the_terminator_ends_it | !!!!!!!!!!!!!!!!!!!!!!!!!! stopping after 1 failures !!!!!!!!!!!!!!!!!!!!!!!!!!! | 1 failed, 174 passed in 1.59s
277	1085	37	int-const	1	2	1	0	killed	1.1	FAILED tests/test_workflow_command_checks.py::TestExpressionSyntax::test_the_check_inspects_something | !!!!!!!!!!!!!!!!!!!!!!!!!! stopping after 1 failures !!!!!!!!!!!!!!!!!!!!!!!!!!! | 1 failed, 57 passed in 0.35s
278	1086	4	return-none	return "\n".join(out)	return None	1	0	killed	1.0	FAILED tests/test_workflow_command_checks.py::TestInlinePythonPayloads::test_escaped_quotes_inside_payload_are_not_false_positives | !!!!!!!!!!!!!!!!!!!!!!!!!! stopping after 1 failures !!!!!!!!!!!!!!!!!!!!!!!!!!! | 1 failed, 10 passed in 0.26s
279	1086	11	str-const	"\n"	""	1	0	killed	2.3	FAILED tests/test_workflow_command_checks.py::TestHereDocumentBodiesAreRemoved::test_the_body_is_dropped_and_the_terminator_ends_it | !!!!!!!!!!!!!!!!!!!!!!!!!! stopping after 1 failures !!!!!!!!!!!!!!!!!!!!!!!!!!! | 1 failed, 174 passed in 1.56s
280	1103	49	str-const	"\\\n"	""	1	0	killed	1.5	FAILED tests/test_workflow_command_checks.py::TestPytestPrerequisites::test_pytest_without_a_build_is_reported | !!!!!!!!!!!!!!!!!!!!!!!!!! stopping after 1 failures !!!!!!!!!!!!!!!!!!!!!!!!!!! | 1 failed, 69 passed in 0.71s
281	1103	57	str-const	" "	""	0	0	survived	2.9	........................................................................ [ 78%] | ...........................................................              [100%] | 275 passed in 1.71s
282	1107	15	not-removal	not 		1	0	killed	1.4	FAILED tests/test_workflow_command_checks.py::TestPytestPrerequisites::test_pytest_without_a_build_is_reported | !!!!!!!!!!!!!!!!!!!!!!!!!! stopping after 1 failures !!!!!!!!!!!!!!!!!!!!!!!!!!! | 1 failed, 69 passed in 0.67s
283	1108	16	loop-jump	continue	break	0	0	survived	2.8	........................................................................ [ 78%] | ...........................................................              [100%] | 275 passed in 1.65s
284	1110	56	bool-const	True	False	1	0	killed	2.4	FAILED tests/test_workflow_command_checks.py::TestCommandSplitting::test_comments_are_removed | !!!!!!!!!!!!!!!!!!!!!!!!!! stopping after 1 failures !!!!!!!!!!!!!!!!!!!!!!!!!!! | 1 failed, 185 passed in 1.65s
285	1112	57	not-removal	not 		1	0	killed	2.3	FAILED tests/test_workflow_command_checks.py::TestCommandSplitting::test_an_untokenizable_block_falls_back_rather_than_vanishing | !!!!!!!!!!!!!!!!!!!!!!!!!! stopping after 1 failures !!!!!!!!!!!!!!!!!!!!!!!!!!! | 1 failed, 189 passed in 1.60s
286	1112	74	str-const	"#"	""	1	0	killed	2.3	FAILED tests/test_workflow_command_checks.py::TestCommandSplitting::test_an_untokenizable_block_falls_back_rather_than_vanishing | !!!!!!!!!!!!!!!!!!!!!!!!!! stopping after 1 failures !!!!!!!!!!!!!!!!!!!!!!!!!!! | 1 failed, 189 passed in 1.57s
287	1113	25	boolop	and	or	1	0	killed	1.0	FAILED tests/test_workflow_command_checks.py::TestInlinePythonPayloads::test_escaped_quotes_inside_payload_are_not_false_positives | !!!!!!!!!!!!!!!!!!!!!!!!!! stopping after 1 failures !!!!!!!!!!!!!!!!!!!!!!!!!!! | 1 failed, 10 passed in 0.26s
288	1113	29	str-const	"="	""	1	0	killed	1.4	FAILED tests/test_workflow_command_checks.py::TestPytestPrerequisites::test_pytest_without_a_build_is_reported | !!!!!!!!!!!!!!!!!!!!!!!!!! stopping after 1 failures !!!!!!!!!!!!!!!!!!!!!!!!!!! | 1 failed, 69 passed in 0.71s
289	1113	33	compare	in	not in	1	0	killed	1.4	FAILED tests/test_workflow_command_checks.py::TestPytestPrerequisites::test_pytest_without_a_build_is_reported | !!!!!!!!!!!!!!!!!!!!!!!!!! stopping after 1 failures !!!!!!!!!!!!!!!!!!!!!!!!!!! | 1 failed, 69 passed in 0.71s
290	1113	43	int-const	0	1	1	0	killed	1.0	FAILED tests/test_workflow_command_checks.py::TestInlinePythonPayloads::test_escaped_quotes_inside_payload_are_not_false_positives | !!!!!!!!!!!!!!!!!!!!!!!!!! stopping after 1 failures !!!!!!!!!!!!!!!!!!!!!!!!!!! | 1 failed, 10 passed in 0.25s
291	1113	50	not-removal	not 		1	0	killed	1.4	FAILED tests/test_workflow_command_checks.py::TestPytestPrerequisites::test_a_leading_env_assignment_does_not_hide_the_command | !!!!!!!!!!!!!!!!!!!!!!!!!! stopping after 1 failures !!!!!!!!!!!!!!!!!!!!!!!!!!! | 1 failed, 87 passed in 0.71s
292	1113	61	int-const	0	1	1	0	killed	1.1	FAILED tests/test_workflow_command_checks.py::TestExpressionSyntax::test_the_check_inspects_something | !!!!!!!!!!!!!!!!!!!!!!!!!! stopping after 1 failures !!!!!!!!!!!!!!!!!!!!!!!!!!! | 1 failed, 57 passed in 0.36s
293	1113	75	str-const	"-"	""	1	0	killed	1.5	FAILED tests/test_workflow_command_checks.py::TestPytestPrerequisites::test_a_leading_env_assignment_does_not_hide_the_command | !!!!!!!!!!!!!!!!!!!!!!!!!! stopping after 1 failures !!!!!!!!!!!!!!!!!!!!!!!!!!! | 1 failed, 87 passed in 0.76s
294	1116	30	int-const	0	1	1	0	killed	1.2	FAILED tests/test_workflow_command_checks.py::TestExpressionSyntax::test_the_check_inspects_something | !!!!!!!!!!!!!!!!!!!!!!!!!! stopping after 1 failures !!!!!!!!!!!!!!!!!!!!!!!!!!! | 1 failed, 57 passed in 0.43s
295	1116	39	str-const	"="	""	1	0	killed	1.0	FAILED tests/test_workflow_command_checks.py::TestInlinePythonPayloads::test_escaped_quotes_inside_payload_are_not_false_positives | !!!!!!!!!!!!!!!!!!!!!!!!!! stopping after 1 failures !!!!!!!!!!!!!!!!!!!!!!!!!!! | 1 failed, 10 passed in 0.28s
296	1116	44	int-const	1	2	0	0	survived	2.9	........................................................................ [ 78%] | ...........................................................              [100%] | 275 passed in 1.71s
297	1116	47	int-const	0	1	1	0	killed	1.5	FAILED tests/test_workflow_command_checks.py::TestPytestPrerequisites::test_a_leading_env_assignment_does_not_hide_the_command | !!!!!!!!!!!!!!!!!!!!!!!!!! stopping after 1 failures !!!!!!!!!!!!!!!!!!!!!!!!!!! | 1 failed, 87 passed in 0.72s
298	1117	19	not-removal	not 		1	0	killed	1.5	FAILED tests/test_workflow_command_checks.py::TestPytestPrerequisites::test_a_leading_env_assignment_does_not_hide_the_command | !!!!!!!!!!!!!!!!!!!!!!!!!! stopping after 1 failures !!!!!!!!!!!!!!!!!!!!!!!!!!! | 1 failed, 87 passed in 0.72s
299	1117	28	boolop	or	and	1	0	killed	2.3	FAILED tests/test_workflow_command_checks.py::TestCommandSplitting::test_a_non_identifier_before_equals_is_not_an_assignment | !!!!!!!!!!!!!!!!!!!!!!!!!! stopping after 1 failures !!!!!!!!!!!!!!!!!!!!!!!!!!! | 1 failed, 184 passed in 1.59s
300	1117	31	not-removal	not 		1	0	killed	1.4	FAILED tests/test_workflow_command_checks.py::TestPytestPrerequisites::test_a_leading_env_assignment_does_not_hide_the_command | !!!!!!!!!!!!!!!!!!!!!!!!!! stopping after 1 failures !!!!!!!!!!!!!!!!!!!!!!!!!!! | 1 failed, 87 passed in 0.71s
301	1118	20	loop-jump	break	continue	timeout	0	timeout	600.1	TIMEOUT
302	1119	32	int-const	1	2	1	0	killed	1.6	FAILED tests/test_workflow_command_checks.py::TestPytestPrerequisites::test_a_leading_env_assignment_does_not_hide_the_command | !!!!!!!!!!!!!!!!!!!!!!!!!! stopping after 1 failures !!!!!!!!!!!!!!!!!!!!!!!!!!! | 1 failed, 87 passed in 0.78s
303	1126	4	return-none	return token.replace("\\", "/").rsplit("/", 1)[-1]	return None	1	0	killed	1.5	FAILED tests/test_workflow_command_checks.py::TestPytestPrerequisites::test_pytest_without_a_build_is_reported | !!!!!!!!!!!!!!!!!!!!!!!!!! stopping after 1 failures !!!!!!!!!!!!!!!!!!!!!!!!!!! | 1 failed, 69 passed in 0.71s
304	1126	25	str-const	"\\"	""	1	0	killed	1.6	FAILED tests/test_workflow_command_checks.py::TestPytestPrerequisites::test_pytest_without_a_build_is_reported | !!!!!!!!!!!!!!!!!!!!!!!!!! stopping after 1 failures !!!!!!!!!!!!!!!!!!!!!!!!!!! | 1 failed, 69 passed in 0.83s
305	1126	31	str-const	"/"	""	1	0	killed	2.5	FAILED tests/test_workflow_command_checks.py::TestBasename::test_the_final_component_for_either_separator[C:\\Python\\python.exe-python.exe] | !!!!!!!!!!!!!!!!!!!!!!!!!! stopping after 1 failures !!!!!!!!!!!!!!!!!!!!!!!!!!! | 1 failed, 193 passed in 1.71s
306	1126	43	str-const	"/"	""	1	0	killed	1.1	FAILED tests/test_workflow_command_checks.py::TestInlinePythonPayloads::test_escaped_quotes_inside_payload_are_not_false_positives | !!!!!!!!!!!!!!!!!!!!!!!!!! stopping after 1 failures !!!!!!!!!!!!!!!!!!!!!!!!!!! | 1 failed, 10 passed in 0.29s
307	1126	48	int-const	1	2	0	0	survived	2.9	........................................................................ [ 78%] | ...........................................................              [100%] | 275 passed in 1.69s
308	1126	52	int-const	1	2	1	0	killed	1.1	FAILED tests/test_workflow_command_checks.py::TestInlinePythonPayloads::test_escaped_quotes_inside_payload_are_not_false_positives | !!!!!!!!!!!!!!!!!!!!!!!!!! stopping after 1 failures !!!!!!!!!!!!!!!!!!!!!!!!!!! | 1 failed, 10 passed in 0.30s
309	1138	31	int-const	0	1	1	0	killed	1.1	FAILED tests/test_workflow_command_checks.py::TestInlinePythonPayloads::test_escaped_quotes_inside_payload_are_not_false_positives | !!!!!!!!!!!!!!!!!!!!!!!!!! stopping after 1 failures !!!!!!!!!!!!!!!!!!!!!!!!!!! | 1 failed, 10 passed in 0.28s
310	1139	15	compare	==	!=	1	0	killed	1.1	FAILED tests/test_workflow_command_checks.py::TestInlinePythonPayloads::test_escaped_quotes_inside_payload_are_not_false_positives | !!!!!!!!!!!!!!!!!!!!!!!!!! stopping after 1 failures !!!!!!!!!!!!!!!!!!!!!!!!!!! | 1 failed, 10 passed in 0.26s
311	1139	18	str-const	"pytest"	""	1	0	killed	1.5	FAILED tests/test_workflow_command_checks.py::TestPytestPrerequisites::test_a_leading_env_assignment_does_not_hide_the_command | !!!!!!!!!!!!!!!!!!!!!!!!!! stopping after 1 failures !!!!!!!!!!!!!!!!!!!!!!!!!!! | 1 failed, 87 passed in 0.74s
312	1139	27	boolop	or	and	1	0	killed	1.4	FAILED tests/test_workflow_command_checks.py::TestPytestPrerequisites::test_a_leading_env_assignment_does_not_hide_the_command | !!!!!!!!!!!!!!!!!!!!!!!!!! stopping after 1 failures !!!!!!!!!!!!!!!!!!!!!!!!!!! | 1 failed, 87 passed in 0.71s
313	1139	38	compare	==	!=	1	0	killed	1.0	FAILED tests/test_workflow_command_checks.py::TestInlinePythonPayloads::test_escaped_quotes_inside_payload_are_not_false_positives | !!!!!!!!!!!!!!!!!!!!!!!!!! stopping after 1 failures !!!!!!!!!!!!!!!!!!!!!!!!!!! | 1 failed, 10 passed in 0.26s
314	1139	41	str-const	"pytest.exe"	""	1	0	killed	1.9	FAILED tests/test_workflow_command_checks.py::TestRepositoryWorkflows::test_repository_workflows_pass | !!!!!!!!!!!!!!!!!!!!!!!!!! stopping after 1 failures !!!!!!!!!!!!!!!!!!!!!!!!!!! | 1 failed, 98 passed in 1.11s
315	1140	8	return-none	return True	return None	1	0	killed	1.5	FAILED tests/test_workflow_command_checks.py::TestPytestPrerequisites::test_a_leading_env_assignment_does_not_hide_the_command | !!!!!!!!!!!!!!!!!!!!!!!!!! stopping after 1 failures !!!!!!!!!!!!!!!!!!!!!!!!!!! | 1 failed, 87 passed in 0.72s
316	1140	15	bool-const	True	False	1	0	killed	1.4	FAILED tests/test_workflow_command_checks.py::TestPytestPrerequisites::test_a_leading_env_assignment_does_not_hide_the_command | !!!!!!!!!!!!!!!!!!!!!!!!!! stopping after 1 failures !!!!!!!!!!!!!!!!!!!!!!!!!!! | 1 failed, 87 passed in 0.72s
317	1141	15	compare	in	not in	1	0	killed	1.4	FAILED tests/test_workflow_command_checks.py::TestPytestPrerequisites::test_pytest_without_a_build_is_reported | !!!!!!!!!!!!!!!!!!!!!!!!!! stopping after 1 failures !!!!!!!!!!!!!!!!!!!!!!!!!!! | 1 failed, 69 passed in 0.70s
318	1142	48	int-const	1	2	1	0	killed	1.4	FAILED tests/test_workflow_command_checks.py::TestPytestPrerequisites::test_pytest_without_a_build_is_reported | !!!!!!!!!!!!!!!!!!!!!!!!!! stopping after 1 failures !!!!!!!!!!!!!!!!!!!!!!!!!!! | 1 failed, 69 passed in 0.68s
319	1142	51	int-const	1	2	0	0	survived	2.8	........................................................................ [ 78%] | ...........................................................              [100%] | 275 passed in 1.62s
320	1142	61	int-const	1	2	1	0	killed	1.3	FAILED tests/test_workflow_command_checks.py::TestExpressionSyntax::test_the_check_inspects_something | !!!!!!!!!!!!!!!!!!!!!!!!!! stopping after 1 failures !!!!!!!!!!!!!!!!!!!!!!!!!!! | 1 failed, 57 passed in 0.51s
321	1143	24	compare	==	!=	1	0	killed	1.5	FAILED tests/test_workflow_command_checks.py::TestPytestPrerequisites::test_pytest_without_a_build_is_reported | !!!!!!!!!!!!!!!!!!!!!!!!!! stopping after 1 failures !!!!!!!!!!!!!!!!!!!!!!!!!!! | 1 failed, 69 passed in 0.74s
322	1143	27	str-const	"-m"	""	1	0	killed	1.5	FAILED tests/test_workflow_command_checks.py::TestPytestPrerequisites::test_pytest_without_a_build_is_reported | !!!!!!!!!!!!!!!!!!!!!!!!!! stopping after 1 failures !!!!!!!!!!!!!!!!!!!!!!!!!!! | 1 failed, 69 passed in 0.75s
323	1143	32	boolop	and	or	1	0	killed	1.5	FAILED tests/test_workflow_command_checks.py::TestCmakeBuildType::test_cmake_as_a_package_or_requirement_is_not_a_configure | !!!!!!!!!!!!!!!!!!!!!!!!!! stopping after 1 failures !!!!!!!!!!!!!!!!!!!!!!!!!!! | 1 failed, 66 passed in 0.73s
324	1143	49	binop	+	-	1	0	killed	1.5	FAILED tests/test_workflow_command_checks.py::TestPytestPrerequisites::test_pytest_without_a_build_is_reported | !!!!!!!!!!!!!!!!!!!!!!!!!! stopping after 1 failures !!!!!!!!!!!!!!!!!!!!!!!!!!! | 1 failed, 69 passed in 0.72s
325	1143	51	int-const	1	2	1	0	killed	1.3	FAILED tests/test_workflow_command_checks.py::TestExpressionSyntax::test_the_check_inspects_something | !!!!!!!!!!!!!!!!!!!!!!!!!! stopping after 1 failures !!!!!!!!!!!!!!!!!!!!!!!!!!! | 1 failed, 57 passed in 0.50s
326	1143	54	compare	==	!=	1	0	killed	1.4	FAILED tests/test_workflow_command_checks.py::TestCmakeBuildType::test_cmake_as_a_package_or_requirement_is_not_a_configure | !!!!!!!!!!!!!!!!!!!!!!!!!! stopping after 1 failures !!!!!!!!!!!!!!!!!!!!!!!!!!! | 1 failed, 66 passed in 0.70s
327	1143	57	str-const	"pytest"	""	1	0	killed	1.5	FAILED tests/test_workflow_command_checks.py::TestPytestPrerequisites::test_pytest_without_a_build_is_reported | !!!!!!!!!!!!!!!!!!!!!!!!!! stopping after 1 failures !!!!!!!!!!!!!!!!!!!!!!!!!!! | 1 failed, 69 passed in 0.70s
328	1144	16	return-none	return True	return None	1	0	killed	1.5	FAILED tests/test_workflow_command_checks.py::TestPytestPrerequisites::test_pytest_without_a_build_is_reported | !!!!!!!!!!!!!!!!!!!!!!!!!! stopping after 1 failures !!!!!!!!!!!!!!!!!!!!!!!!!!! | 1 failed, 69 passed in 0.70s
329	1144	23	bool-const	True	False	1	0	killed	1.5	FAILED tests/test_workflow_command_checks.py::TestPytestPrerequisites::test_pytest_without_a_build_is_reported | !!!!!!!!!!!!!!!!!!!!!!!!!! stopping after 1 failures !!!!!!!!!!!!!!!!!!!!!!!!!!! | 1 failed, 69 passed in 0.73s
330	1145	4	return-none	return False	return None	1	0	killed	2.4	FAILED tests/test_workflow_command_checks.py::TestPytestInvocationDetection::test_installing_pytest_is_not_invoking_it | !!!!!!!!!!!!!!!!!!!!!!!!!! stopping after 1 failures !!!!!!!!!!!!!!!!!!!!!!!!!!! | 1 failed, 204 passed in 1.60s
331	1145	11	bool-const	False	True	1	0	killed	1.0	FAILED tests/test_workflow_command_checks.py::TestInlinePythonPayloads::test_escaped_quotes_inside_payload_are_not_false_positives | !!!!!!!!!!!!!!!!!!!!!!!!!! stopping after 1 failures !!!!!!!!!!!!!!!!!!!!!!!!!!! | 1 failed, 10 passed in 0.24s
332	1156	31	int-const	0	1	1	0	killed	1.0	FAILED tests/test_workflow_command_checks.py::TestInlinePythonPayloads::test_escaped_quotes_inside_payload_are_not_false_positives | !!!!!!!!!!!!!!!!!!!!!!!!!! stopping after 1 failures !!!!!!!!!!!!!!!!!!!!!!!!!!! | 1 failed, 10 passed in 0.28s
333	1157	18	int-const	1	2	1	0	killed	1.5	FAILED tests/test_workflow_command_checks.py::TestPytestPrerequisites::test_a_preceding_build_satisfies_it[cmake --build build -j2] | !!!!!!!!!!!!!!!!!!!!!!!!!! stopping after 1 failures !!!!!!!!!!!!!!!!!!!!!!!!!!! | 1 failed, 76 passed in 0.73s
334	1158	15	compare	in	not in	1	0	killed	1.5	FAILED tests/test_workflow_command_checks.py::TestPytestPrerequisites::test_a_preceding_build_satisfies_it[cmake --build build -j2] | !!!!!!!!!!!!!!!!!!!!!!!!!! stopping after 1 failures !!!!!!!!!!!!!!!!!!!!!!!!!!! | 1 failed, 76 passed in 0.73s
335	1158	19	str-const	"cmake"	""	1	0	killed	1.4	FAILED tests/test_workflow_command_checks.py::TestPytestPrerequisites::test_a_preceding_build_satisfies_it[cmake --build build -j2] | !!!!!!!!!!!!!!!!!!!!!!!!!! stopping after 1 failures !!!!!!!!!!!!!!!!!!!!!!!!!!! | 1 failed, 76 passed in 0.71s
336	1158	28	str-const	"cmake.exe"	""	1	0	killed	2.4	FAILED tests/test_workflow_command_checks.py::TestNativeLibraryBuildDetection::test_cmake_build_counts | !!!!!!!!!!!!!!!!!!!!!!!!!! stopping after 1 failures !!!!!!!!!!!!!!!!!!!!!!!!!!! | 1 failed, 208 passed in 1.61s
337	1158	41	boolop	and	or	1	0	killed	2.4	FAILED tests/test_workflow_command_checks.py::TestNativeLibraryBuildDetection::test_cmake_configure_alone_does_not_count | !!!!!!!!!!!!!!!!!!!!!!!!!! stopping after 1 failures !!!!!!!!!!!!!!!!!!!!!!!!!!! | 1 failed, 209 passed in 1.64s
338	1158	45	str-const	"--build"	""	1	0	killed	1.5	FAILED tests/test_workflow_command_checks.py::TestPytestPrerequisites::test_a_preceding_build_satisfies_it[cmake --build build -j2] | !!!!!!!!!!!!!!!!!!!!!!!!!! stopping after 1 failures !!!!!!!!!!!!!!!!!!!!!!!!!!! | 1 failed, 76 passed in 0.73s
339	1158	55	compare	in	not in	1	0	killed	1.5	FAILED tests/test_workflow_command_checks.py::TestPytestPrerequisites::test_a_preceding_build_satisfies_it[cmake --build build -j2] | !!!!!!!!!!!!!!!!!!!!!!!!!! stopping after 1 failures !!!!!!!!!!!!!!!!!!!!!!!!!!! | 1 failed, 76 passed in 0.73s
340	1159	8	return-none	return True	return None	1	0	killed	1.4	FAILED tests/test_workflow_command_checks.py::TestPytestPrerequisites::test_a_preceding_build_satisfies_it[cmake --build build -j2] | !!!!!!!!!!!!!!!!!!!!!!!!!! stopping after 1 failures !!!!!!!!!!!!!!!!!!!!!!!!!!! | 1 failed, 76 passed in 0.69s
341	1159	15	bool-const	True	False	1	0	killed	1.4	FAILED tests/test_workflow_command_checks.py::TestPytestPrerequisites::test_a_preceding_build_satisfies_it[cmake --build build -j2] | !!!!!!!!!!!!!!!!!!!!!!!!!! stopping after 1 failures !!!!!!!!!!!!!!!!!!!!!!!!!!! | 1 failed, 76 passed in 0.71s
342	1160	15	compare	in	not in	1	0	killed	1.4	FAILED tests/test_workflow_command_checks.py::TestPytestPrerequisites::test_pytest_without_a_build_is_reported | !!!!!!!!!!!!!!!!!!!!!!!!!! stopping after 1 failures !!!!!!!!!!!!!!!!!!!!!!!!!!! | 1 failed, 69 passed in 0.70s
343	1160	19	str-const	"make"	""	1	0	killed	1.5	FAILED tests/test_workflow_command_checks.py::TestPytestPrerequisites::test_a_preceding_build_satisfies_it[make c] | !!!!!!!!!!!!!!!!!!!!!!!!!! stopping after 1 failures !!!!!!!!!!!!!!!!!!!!!!!!!!! | 1 failed, 81 passed in 0.72s
344	1160	27	str-const	"gmake"	""	1	0	killed	2.4	FAILED tests/test_workflow_command_checks.py::TestNativeLibraryBuildDetection::test_every_make_target_in_the_table_counts[c] | !!!!!!!!!!!!!!!!!!!!!!!!!! stopping after 1 failures !!!!!!!!!!!!!!!!!!!!!!!!!!! | 1 failed, 210 passed in 1.61s
345	1160	36	boolop	and	or	1	0	killed	1.5	FAILED tests/test_workflow_command_checks.py::TestPytestPrerequisites::test_pytest_without_a_build_is_reported | !!!!!!!!!!!!!!!!!!!!!!!!!! stopping after 1 failures !!!!!!!!!!!!!!!!!!!!!!!!!!! | 1 failed, 69 passed in 0.72s
346	1161	15	compare	in	not in	1	0	killed	2.4	FAILED tests/test_workflow_command_checks.py::TestNativeLibraryBuildDetection::test_an_unlisted_make_target_does_not_count | !!!!!!!!!!!!!!!!!!!!!!!!!! stopping after 1 failures !!!!!!!!!!!!!!!!!!!!!!!!!!! | 1 failed, 215 passed in 1.64s
347	1161	38	str-const	"c"	""	1	0	killed	1.5	FAILED tests/test_workflow_command_checks.py::TestPytestPrerequisites::test_a_preceding_build_satisfies_it[make c] | !!!!!!!!!!!!!!!!!!!!!!!!!! stopping after 1 failures !!!!!!!!!!!!!!!!!!!!!!!!!!! | 1 failed, 81 passed in 0.78s
348	1161	43	str-const	"build"	""	1	0	killed	2.4	FAILED tests/test_workflow_command_checks.py::TestNativeLibraryBuildDetection::test_every_make_target_in_the_table_counts[build] | !!!!!!!!!!!!!!!!!!!!!!!!!! stopping after 1 failures !!!!!!!!!!!!!!!!!!!!!!!!!!! | 1 failed, 211 passed in 1.60s
349	1161	52	str-const	"all"	""	1	0	killed	2.4	FAILED tests/test_workflow_command_checks.py::TestNativeLibraryBuildDetection::test_every_make_target_in_the_table_counts[all] | !!!!!!!!!!!!!!!!!!!!!!!!!! stopping after 1 failures !!!!!!!!!!!!!!!!!!!!!!!!!!! | 1 failed, 212 passed in 1.63s
350	1161	59	str-const	"install"	""	1	0	killed	2.4	FAILED tests/test_workflow_command_checks.py::TestNativeLibraryBuildDetection::test_every_make_target_in_the_table_counts[install] | !!!!!!!!!!!!!!!!!!!!!!!!!! stopping after 1 failures !!!!!!!!!!!!!!!!!!!!!!!!!!! | 1 failed, 213 passed in 1.64s
351	1161	70	str-const	"dev"	""	1	0	killed	2.5	FAILED tests/test_workflow_command_checks.py::TestNativeLibraryBuildDetection::test_every_make_target_in_the_table_counts[dev] | !!!!!!!!!!!!!!!!!!!!!!!!!! stopping after 1 failures !!!!!!!!!!!!!!!!!!!!!!!!!!! | 1 failed, 214 passed in 1.69s
352	1163	8	return-none	return True	return None	1	0	killed	1.5	FAILED tests/test_workflow_command_checks.py::TestPytestPrerequisites::test_a_preceding_build_satisfies_it[make c] | !!!!!!!!!!!!!!!!!!!!!!!!!! stopping after 1 failures !!!!!!!!!!!!!!!!!!!!!!!!!!! | 1 failed, 81 passed in 0.74s
353	1163	15	bool-const	True	False	1	0	killed	1.5	FAILED tests/test_workflow_command_checks.py::TestPytestPrerequisites::test_a_preceding_build_satisfies_it[make c] | !!!!!!!!!!!!!!!!!!!!!!!!!! stopping after 1 failures !!!!!!!!!!!!!!!!!!!!!!!!!!! | 1 failed, 81 passed in 0.72s
354	1164	15	compare	in	not in	1	0	killed	1.4	FAILED tests/test_workflow_command_checks.py::TestPytestPrerequisites::test_a_preceding_build_satisfies_it[python setup.py build_ext --inplace] | !!!!!!!!!!!!!!!!!!!!!!!!!! stopping after 1 failures !!!!!!!!!!!!!!!!!!!!!!!!!!! | 1 failed, 80 passed in 0.71s
355	1164	35	boolop	and	or	1	0	killed	2.4	FAILED tests/test_workflow_command_checks.py::TestNativeLibraryBuildDetection::test_the_python_dash_m_pip_form_counts | !!!!!!!!!!!!!!!!!!!!!!!!!! stopping after 1 failures !!!!!!!!!!!!!!!!!!!!!!!!!!! | 1 failed, 221 passed in 1.61s
356	1164	39	str-const	"setup.py"	""	1	0	killed	1.4	FAILED tests/test_workflow_command_checks.py::TestPytestPrerequisites::test_a_preceding_build_satisfies_it[python setup.py build_ext --inplace] | !!!!!!!!!!!!!!!!!!!!!!!!!! stopping after 1 failures !!!!!!!!!!!!!!!!!!!!!!!!!!! | 1 failed, 80 passed in 0.70s
357	1164	50	compare	in	not in	1	0	killed	1.4	FAILED tests/test_workflow_command_checks.py::TestPytestPrerequisites::test_a_preceding_build_satisfies_it[python setup.py build_ext --inplace] | !!!!!!!!!!!!!!!!!!!!!!!!!! stopping after 1 failures !!!!!!!!!!!!!!!!!!!!!!!!!!! | 1 failed, 80 passed in 0.71s
358	1165	8	return-none	return any(token.startswith("build") for token in rest)	return None	1	0	killed	1.5	FAILED tests/test_workflow_command_checks.py::TestPytestPrerequisites::test_a_preceding_build_satisfies_it[python setup.py build_ext --inplace] | !!!!!!!!!!!!!!!!!!!!!!!!!! stopping after 1 failures !!!!!!!!!!!!!!!!!!!!!!!!!!! | 1 failed, 80 passed in 0.76s
359	1165	36	str-const	"build"	""	1	0	killed	2.3	FAILED tests/test_workflow_command_checks.py::TestNativeLibraryBuildDetection::test_setup_py_without_a_build_command_does_not_count | !!!!!!!!!!!!!!!!!!!!!!!!!! stopping after 1 failures !!!!!!!!!!!!!!!!!!!!!!!!!!! | 1 failed, 217 passed in 1.59s
360	1166	15	compare	in	not in	1	0	killed	1.4	FAILED tests/test_workflow_command_checks.py::TestPytestPrerequisites::test_a_preceding_build_satisfies_it[pip install -e ".[dev,hsm]"] | !!!!!!!!!!!!!!!!!!!!!!!!!! stopping after 1 failures !!!!!!!!!!!!!!!!!!!!!!!!!!! | 1 failed, 77 passed in 0.70s
361	1166	19	str-const	"pip"	""	1	0	killed	1.4	FAILED tests/test_workflow_command_checks.py::TestPytestPrerequisites::test_a_preceding_build_satisfies_it[pip install -e ".[dev,hsm]"] | !!!!!!!!!!!!!!!!!!!!!!!!!! stopping after 1 failures !!!!!!!!!!!!!!!!!!!!!!!!!!! | 1 failed, 77 passed in 0.72s
362	1166	26	str-const	"pip3"	""	1	0	killed	2.4	FAILED tests/test_workflow_command_checks.py::TestNativeLibraryBuildDetection::test_installing_the_project_counts[pip3] | !!!!!!!!!!!!!!!!!!!!!!!!!! stopping after 1 failures !!!!!!!!!!!!!!!!!!!!!!!!!!! | 1 failed, 219 passed in 1.65s
363	1166	34	str-const	"pip.exe"	""	1	0	killed	2.5	FAILED tests/test_workflow_command_checks.py::TestNativeLibraryBuildDetection::test_installing_the_project_counts[pip.exe] | !!!!!!!!!!!!!!!!!!!!!!!!!! stopping after 1 failures !!!!!!!!!!!!!!!!!!!!!!!!!!! | 1 failed, 220 passed in 1.69s
364	1166	45	boolop	or	and	1	0	killed	1.5	FAILED tests/test_workflow_command_checks.py::TestPytestPrerequisites::test_a_preceding_build_satisfies_it[pip install -e ".[dev,hsm]"] | !!!!!!!!!!!!!!!!!!!!!!!!!! stopping after 1 failures !!!!!!!!!!!!!!!!!!!!!!!!!!! | 1 failed, 77 passed in 0.74s
365	1166	57	compare	in	not in	1	0	killed	2.4	FAILED tests/test_workflow_command_checks.py::TestNativeLibraryBuildDetection::test_the_python_dash_m_pip_form_counts | !!!!!!!!!!!!!!!!!!!!!!!!!! stopping after 1 failures !!!!!!!!!!!!!!!!!!!!!!!!!!! | 1 failed, 221 passed in 1.63s
366	1166	77	boolop	and	or	1	0	killed	2.4	FAILED tests/test_workflow_command_checks.py::TestNativeLibraryBuildDetection::test_pip_deeper_in_the_argv_is_not_the_pip_form | !!!!!!!!!!!!!!!!!!!!!!!!!! stopping after 1 failures !!!!!!!!!!!!!!!!!!!!!!!!!!! | 1 failed, 222 passed in 1.68s
367	1166	81	str-const	"pip"	""	1	0	killed	2.5	FAILED tests/test_workflow_command_checks.py::TestNativeLibraryBuildDetection::test_the_python_dash_m_pip_form_counts | !!!!!!!!!!!!!!!!!!!!!!!!!! stopping after 1 failures !!!!!!!!!!!!!!!!!!!!!!!!!!! | 1 failed, 221 passed in 1.73s
368	1166	87	compare	in	not in	1	0	killed	2.5	FAILED tests/test_workflow_command_checks.py::TestNativeLibraryBuildDetection::test_the_python_dash_m_pip_form_counts | !!!!!!!!!!!!!!!!!!!!!!!!!! stopping after 1 failures !!!!!!!!!!!!!!!!!!!!!!!!!!! | 1 failed, 221 passed in 1.70s
369	1166	96	int-const	2	3	1	0	killed	2.3	FAILED tests/test_workflow_command_checks.py::TestNativeLibraryBuildDetection::test_pip_deeper_in_the_argv_is_not_the_pip_form | !!!!!!!!!!!!!!!!!!!!!!!!!! stopping after 1 failures !!!!!!!!!!!!!!!!!!!!!!!!!!! | 1 failed, 222 passed in 1.59s
370	1167	11	str-const	"install"	""	1	0	killed	1.5	FAILED tests/test_workflow_command_checks.py::TestPytestPrerequisites::test_a_preceding_build_satisfies_it[pip install -e ".[dev,hsm]"] | !!!!!!!!!!!!!!!!!!!!!!!!!! stopping after 1 failures !!!!!!!!!!!!!!!!!!!!!!!!!!! | 1 failed, 77 passed in 0.71s
371	1167	21	compare	not in	in	1	0	killed	1.5	FAILED tests/test_workflow_command_checks.py::TestPytestPrerequisites::test_a_preceding_build_satisfies_it[pip install -e ".[dev,hsm]"] | !!!!!!!!!!!!!!!!!!!!!!!!!! stopping after 1 failures !!!!!!!!!!!!!!!!!!!!!!!!!!! | 1 failed, 77 passed in 0.74s
372	1168	12	return-none	return False	return None	1	0	killed	2.3	FAILED tests/test_workflow_command_checks.py::TestNativeLibraryBuildDetection::test_pip_without_install_does_not_count | !!!!!!!!!!!!!!!!!!!!!!!!!! stopping after 1 failures !!!!!!!!!!!!!!!!!!!!!!!!!!! | 1 failed, 225 passed in 1.59s
373	1168	19	bool-const	False	True	1	0	killed	2.3	FAILED tests/test_workflow_command_checks.py::TestNativeLibraryBuildDetection::test_pip_without_install_does_not_count | !!!!!!!!!!!!!!!!!!!!!!!!!! stopping after 1 failures !!!!!!!!!!!!!!!!!!!!!!!!!!! | 1 failed, 225 passed in 1.61s
374	1170	32	str-const	"-"	""	1	0	killed	1.4	FAILED tests/test_workflow_command_checks.py::TestPytestPrerequisites::test_a_preceding_build_satisfies_it[pip install -e ".[dev,hsm]"] | !!!!!!!!!!!!!!!!!!!!!!!!!! stopping after 1 failures !!!!!!!!!!!!!!!!!!!!!!!!!!! | 1 failed, 77 passed in 0.70s
375	1171	16	loop-jump	continue	break	1	0	killed	1.5	FAILED tests/test_workflow_command_checks.py::TestPytestPrerequisites::test_a_preceding_build_satisfies_it[pip install -e ".[dev,hsm]"] | !!!!!!!!!!!!!!!!!!!!!!!!!! stopping after 1 failures !!!!!!!!!!!!!!!!!!!!!!!!!!! | 1 failed, 77 passed in 0.71s
376	1172	36	str-const	"/"	""	0	0	survived	2.9	........................................................................ [ 78%] | ...........................................................              [100%] | 275 passed in 1.67s
377	1173	24	compare	==	!=	1	0	killed	1.4	FAILED tests/test_workflow_command_checks.py::TestPytestPrerequisites::test_pytest_without_a_build_is_reported | !!!!!!!!!!!!!!!!!!!!!!!!!! stopping after 1 failures !!!!!!!!!!!!!!!!!!!!!!!!!!! | 1 failed, 69 passed in 0.70s
378	1173	27	str-const	"."	""	1	0	killed	1.5	FAILED tests/test_workflow_command_checks.py::TestPytestPrerequisites::test_a_preceding_build_satisfies_it[pip install .] | !!!!!!!!!!!!!!!!!!!!!!!!!! stopping after 1 failures !!!!!!!!!!!!!!!!!!!!!!!!!!! | 1 failed, 78 passed in 0.73s
379	1173	31	boolop	or	and	1	0	killed	1.5	FAILED tests/test_workflow_command_checks.py::TestPytestPrerequisites::test_a_preceding_build_satisfies_it[pip install -e ".[dev,hsm]"] | !!!!!!!!!!!!!!!!!!!!!!!!!! stopping after 1 failures !!!!!!!!!!!!!!!!!!!!!!!!!!! | 1 failed, 77 passed in 0.73s
380	1173	54	str-const	".["	""	1	0	killed	1.5	FAILED tests/test_workflow_command_checks.py::TestPytestPrerequisites::test_pytest_without_a_build_is_reported | !!!!!!!!!!!!!!!!!!!!!!!!!! stopping after 1 failures !!!!!!!!!!!!!!!!!!!!!!!!!!! | 1 failed, 69 passed in 0.71s
381	1174	16	return-none	return True	return None	1	0	killed	1.4	FAILED tests/test_workflow_command_checks.py::TestPytestPrerequisites::test_a_preceding_build_satisfies_it[pip install -e ".[dev,hsm]"] | !!!!!!!!!!!!!!!!!!!!!!!!!! stopping after 1 failures !!!!!!!!!!!!!!!!!!!!!!!!!!! | 1 failed, 77 passed in 0.70s
382	1174	23	bool-const	True	False	1	0	killed	1.5	FAILED tests/test_workflow_command_checks.py::TestPytestPrerequisites::test_a_preceding_build_satisfies_it[pip install -e ".[dev,hsm]"] | !!!!!!!!!!!!!!!!!!!!!!!!!! stopping after 1 failures !!!!!!!!!!!!!!!!!!!!!!!!!!! | 1 failed, 77 passed in 0.73s
383	1175	33	str-const	".whl"	""	1	0	killed	1.5	FAILED tests/test_workflow_command_checks.py::TestPytestPrerequisites::test_pytest_without_a_build_is_reported | !!!!!!!!!!!!!!!!!!!!!!!!!! stopping after 1 failures !!!!!!!!!!!!!!!!!!!!!!!!!!! | 1 failed, 69 passed in 0.72s
384	1176	16	return-none	return True	return None	1	0	killed	1.5	FAILED tests/test_workflow_command_checks.py::TestPytestPrerequisites::test_a_preceding_build_satisfies_it[pip install dist/ama_cryptography-5.0.0-cp311-cp311-linux_x86_64.whl] | !!!!!!!!!!!!!!!!!!!!!!!!!! stopping after 1 failures !!!!!!!!!!!!!!!!!!!!!!!!!!! | 1 failed, 79 passed in 0.71s
385	1176	23	bool-const	True	False	1	0	killed	1.5	FAILED tests/test_workflow_command_checks.py::TestPytestPrerequisites::test_a_preceding_build_satisfies_it[pip install dist/ama_cryptography-5.0.0-cp311-cp311-linux_x86_64.whl] | !!!!!!!!!!!!!!!!!!!!!!!!!! stopping after 1 failures !!!!!!!!!!!!!!!!!!!!!!!!!!! | 1 failed, 79 passed in 0.72s
386	1177	4	return-none	return False	return None	1	0	killed	2.3	FAILED tests/test_workflow_command_checks.py::TestNativeLibraryBuildDetection::test_cmake_configure_alone_does_not_count | !!!!!!!!!!!!!!!!!!!!!!!!!! stopping after 1 failures !!!!!!!!!!!!!!!!!!!!!!!!!!! | 1 failed, 209 passed in 1.60s
387	1177	11	bool-const	False	True	1	0	killed	1.5	FAILED tests/test_workflow_command_checks.py::TestPytestPrerequisites::test_pytest_without_a_build_is_reported | !!!!!!!!!!!!!!!!!!!!!!!!!! stopping after 1 failures !!!!!!!!!!!!!!!!!!!!!!!!!!! | 1 failed, 69 passed in 0.71s
388	1189	24	str-const	"env"	""	1	0	killed	1.5	FAILED tests/test_workflow_command_checks.py::TestPytestPrerequisites::test_the_diagnostic_escape_satisfies_it | !!!!!!!!!!!!!!!!!!!!!!!!!! stopping after 1 failures !!!!!!!!!!!!!!!!!!!!!!!!!!! | 1 failed, 71 passed in 0.71s
389	1190	11	not-removal	not 		1	0	killed	1.2	FAILED tests/test_workflow_command_checks.py::TestExpressionSyntax::test_the_check_inspects_something | !!!!!!!!!!!!!!!!!!!!!!!!!! stopping after 1 failures !!!!!!!!!!!!!!!!!!!!!!!!!!! | 1 failed, 57 passed in 0.50s
390	1191	12	loop-jump	continue	break	1	0	killed	1.4	FAILED tests/test_workflow_command_checks.py::TestPytestPrerequisites::test_the_diagnostic_escape_satisfies_it | !!!!!!!!!!!!!!!!!!!!!!!!!! stopping after 1 failures !!!!!!!!!!!!!!!!!!!!!!!!!!! | 1 failed, 71 passed in 0.70s
391	1193	17	compare	is	is not	1	0	killed	1.4	FAILED tests/test_workflow_command_checks.py::TestPytestPrerequisites::test_the_diagnostic_escape_satisfies_it | !!!!!!!!!!!!!!!!!!!!!!!!!! stopping after 1 failures !!!!!!!!!!!!!!!!!!!!!!!!!!! | 1 failed, 71 passed in 0.70s
392	1194	12	loop-jump	continue	break	1	0	killed	2.4	FAILED tests/test_workflow_command_checks.py::TestTheDiagnosticImportEscape::test_an_earlier_scope_without_it_does_not_end_the_search | !!!!!!!!!!!!!!!!!!!!!!!!!! stopping after 1 failures !!!!!!!!!!!!!!!!!!!!!!!!!!! | 1 failed, 235 passed in 1.66s
393	1195	17	compare	is	is not	1	0	killed	1.5	FAILED tests/test_workflow_command_checks.py::TestPytestPrerequisites::test_an_expression_valued_escape_is_not_accepted | !!!!!!!!!!!!!!!!!!!!!!!!!! stopping after 1 failures !!!!!!!!!!!!!!!!!!!!!!!!!!! | 1 failed, 74 passed in 0.73s
394	1195	20	bool-const	True	False	0	0	survived	3.0	........................................................................ [ 78%] | ...........................................................              [100%] | 275 passed in 1.73s
395	1196	12	return-none	return True	return None	1	0	killed	2.5	FAILED tests/test_workflow_command_checks.py::TestTheDiagnosticImportEscape::test_the_yaml_boolean_is_accepted | !!!!!!!!!!!!!!!!!!!!!!!!!! stopping after 1 failures !!!!!!!!!!!!!!!!!!!!!!!!!!! | 1 failed, 231 passed in 1.70s
396	1196	19	bool-const	True	False	1	0	killed	2.4	FAILED tests/test_workflow_command_checks.py::TestTheDiagnosticImportEscape::test_the_yaml_boolean_is_accepted | !!!!!!!!!!!!!!!!!!!!!!!!!! stopping after 1 failures !!!!!!!!!!!!!!!!!!!!!!!!!!! | 1 failed, 231 passed in 1.66s
397	1198	11	str-const	"${{"	""	1	0	killed	1.5	FAILED tests/test_workflow_command_checks.py::TestPytestPrerequisites::test_the_diagnostic_escape_satisfies_it | !!!!!!!!!!!!!!!!!!!!!!!!!! stopping after 1 failures !!!!!!!!!!!!!!!!!!!!!!!!!!! | 1 failed, 71 passed in 0.73s
398	1198	17	compare	in	not in	1	0	killed	1.5	FAILED tests/test_workflow_command_checks.py::TestPytestPrerequisites::test_the_diagnostic_escape_satisfies_it | !!!!!!!!!!!!!!!!!!!!!!!!!! stopping after 1 failures !!!!!!!!!!!!!!!!!!!!!!!!!!! | 1 failed, 71 passed in 0.73s
399	1199	12	loop-jump	continue	break	0	0	survived	2.9	........................................................................ [ 78%] | ...........................................................              [100%] | 275 passed in 1.68s
400	1200	20	compare	in	not in	1	0	killed	1.4	FAILED tests/test_workflow_command_checks.py::TestPytestPrerequisites::test_the_diagnostic_escape_satisfies_it | !!!!!!!!!!!!!!!!!!!!!!!!!! stopping after 1 failures !!!!!!!!!!!!!!!!!!!!!!!!!!! | 1 failed, 71 passed in 0.70s
401	1201	12	return-none	return True	return None	1	0	killed	1.5	FAILED tests/test_workflow_command_checks.py::TestPytestPrerequisites::test_the_diagnostic_escape_satisfies_it | !!!!!!!!!!!!!!!!!!!!!!!!!! stopping after 1 failures !!!!!!!!!!!!!!!!!!!!!!!!!!! | 1 failed, 71 passed in 0.71s
402	1201	19	bool-const	True	False	1	0	killed	1.5	FAILED tests/test_workflow_command_checks.py::TestPytestPrerequisites::test_the_diagnostic_escape_satisfies_it | !!!!!!!!!!!!!!!!!!!!!!!!!! stopping after 1 failures !!!!!!!!!!!!!!!!!!!!!!!!!!! | 1 failed, 71 passed in 0.71s
403	1202	4	return-none	return False	return None	1	0	killed	2.5	FAILED tests/test_workflow_command_checks.py::TestTheDiagnosticImportEscape::test_a_falsey_value_is_not_the_escape | !!!!!!!!!!!!!!!!!!!!!!!!!! stopping after 1 failures !!!!!!!!!!!!!!!!!!!!!!!!!!! | 1 failed, 232 passed in 1.71s
404	1202	11	bool-const	False	True	1	0	killed	1.5	FAILED tests/test_workflow_command_checks.py::TestPytestPrerequisites::test_pytest_without_a_build_is_reported | !!!!!!!!!!!!!!!!!!!!!!!!!! stopping after 1 failures !!!!!!!!!!!!!!!!!!!!!!!!!!! | 1 failed, 69 passed in 0.75s
405	1222	24	str-const	"steps"	""	1	0	killed	1.5	FAILED tests/test_workflow_command_checks.py::TestPytestPrerequisites::test_pytest_without_a_build_is_reported | !!!!!!!!!!!!!!!!!!!!!!!!!! stopping after 1 failures !!!!!!!!!!!!!!!!!!!!!!!!!!! | 1 failed, 69 passed in 0.69s
406	1223	11	not-removal	not 		1	0	killed	1.1	FAILED tests/test_workflow_command_checks.py::TestRunnerLabels::test_retired_macos_13_is_reported | !!!!!!!!!!!!!!!!!!!!!!!!!! stopping after 1 failures !!!!!!!!!!!!!!!!!!!!!!!!!!! | 1 failed in 0.27s
407	1224	12	loop-jump	continue	break	0	0	survived	3.0	........................................................................ [ 78%] | ...........................................................              [100%] | 275 passed in 1.73s
408	1227	15	not-removal	not 		1	0	killed	1.5	FAILED tests/test_workflow_command_checks.py::TestPytestPrerequisites::test_pytest_without_a_build_is_reported | !!!!!!!!!!!!!!!!!!!!!!!!!! stopping after 1 failures !!!!!!!!!!!!!!!!!!!!!!!!!!! | 1 failed, 69 passed in 0.69s
409	1228	16	loop-jump	continue	break	0	0	survived	2.9	........................................................................ [ 78%] | ...........................................................              [100%] | 275 passed in 1.68s
410	1229	32	str-const	"run"	""	1	0	killed	1.6	FAILED tests/test_workflow_command_checks.py::TestPytestPrerequisites::test_pytest_without_a_build_is_reported | !!!!!!!!!!!!!!!!!!!!!!!!!! stopping after 1 failures !!!!!!!!!!!!!!!!!!!!!!!!!!! | 1 failed, 69 passed in 0.75s
411	1230	15	not-removal	not 		1	0	killed	1.1	FAILED tests/test_workflow_command_checks.py::TestInlinePythonPayloads::test_folded_scalar_leading_space_is_reported | !!!!!!!!!!!!!!!!!!!!!!!!!! stopping after 1 failures !!!!!!!!!!!!!!!!!!!!!!!!!!! | 1 failed, 8 passed in 0.28s
412	1231	16	loop-jump	continue	break	1	0	killed	1.4	FAILED tests/test_workflow_command_checks.py::TestPytestPrerequisites::test_the_exact_shape_that_shipped_at_725f2f1 | !!!!!!!!!!!!!!!!!!!!!!!!!! stopping after 1 failures !!!!!!!!!!!!!!!!!!!!!!!!!!! | 1 failed, 70 passed in 0.67s
413	1232	32	str-const	"name"	""	0	0	survived	2.8	........................................................................ [ 78%] | ...........................................................              [100%] | 275 passed in 1.66s
414	1232	40	boolop	or	and	0	0	survived	2.9	........................................................................ [ 78%] | ...........................................................              [100%] | 275 passed in 1.69s
415	1234	36	compare	is	is not	1	0	killed	1.5	FAILED tests/test_workflow_command_checks.py::TestPytestPrerequisites::test_a_preceding_build_satisfies_it[cmake --build build -j2] | !!!!!!!!!!!!!!!!!!!!!!!!!! stopping after 1 failures !!!!!!!!!!!!!!!!!!!!!!!!!!! | 1 failed, 76 passed in 0.72s
416	1234	44	boolop	and	or	1	0	killed	1.5	FAILED tests/test_workflow_command_checks.py::TestPytestPrerequisites::test_pytest_without_a_build_is_reported | !!!!!!!!!!!!!!!!!!!!!!!!!! stopping after 1 failures !!!!!!!!!!!!!!!!!!!!!!!!!!! | 1 failed, 69 passed in 0.76s
417	1236	19	not-removal	not 		1	0	killed	1.0	FAILED tests/test_workflow_command_checks.py::TestInlinePythonPayloads::test_escaped_quotes_inside_payload_are_not_false_positives | !!!!!!!!!!!!!!!!!!!!!!!!!! stopping after 1 failures !!!!!!!!!!!!!!!!!!!!!!!!!!! | 1 failed, 10 passed in 0.26s
418	1237	20	loop-jump	continue	break	1	0	killed	1.5	FAILED tests/test_workflow_command_checks.py::TestPytestPrerequisites::test_a_chained_command_is_seen | !!!!!!!!!!!!!!!!!!!!!!!!!! stopping after 1 failures !!!!!!!!!!!!!!!!!!!!!!!!!!! | 1 failed, 88 passed in 0.71s
419	1238	47	int-const	1	2	1	0	killed	1.4	FAILED tests/test_workflow_command_checks.py::TestPytestPrerequisites::test_pytest_without_a_build_is_reported | !!!!!!!!!!!!!!!!!!!!!!!!!! stopping after 1 failures !!!!!!!!!!!!!!!!!!!!!!!!!!! | 1 failed, 69 passed in 0.70s
420	1239	36	compare	is not	is	1	0	killed	1.4	FAILED tests/test_workflow_command_checks.py::TestPytestPrerequisites::test_pytest_without_a_build_is_reported | !!!!!!!!!!!!!!!!!!!!!!!!!! stopping after 1 failures !!!!!!!!!!!!!!!!!!!!!!!!!!! | 1 failed, 69 passed in 0.69s
421	1240	20	loop-jump	continue	break	0	0	survived	2.8	........................................................................ [ 78%] | ...........................................................              [100%] | 275 passed in 1.64s
422	1242	20	loop-jump	continue	break	0	0	survived	2.8	........................................................................ [ 78%] | ...........................................................              [100%] | 275 passed in 1.65s
423	1248	32	str-const	' '	''	0	0	survived	2.9	........................................................................ [ 78%] | ...........................................................              [100%] | 275 passed in 1.67s
424	1248	49	int-const	4	5	0	0	survived	2.8	........................................................................ [ 78%] | ...........................................................              [100%] | 275 passed in 1.63s
425	1278	8	return-none	return [raw]	return None	1	0	killed	2.4	FAILED tests/test_workflow_command_checks.py::TestNeedsNormalisation::test_a_scalar_becomes_a_single_entry_list | !!!!!!!!!!!!!!!!!!!!!!!!!! stopping after 1 failures !!!!!!!!!!!!!!!!!!!!!!!!!!! | 1 failed, 265 passed in 1.63s
426	1280	8	return-none	return [str(item) for item in raw if isinstance(item, (str, int))]	return None	1	0	killed	1.1	FAILED tests/test_workflow_command_checks.py::TestExpressionSyntax::test_the_check_inspects_something | !!!!!!!!!!!!!!!!!!!!!!!!!! stopping after 1 failures !!!!!!!!!!!!!!!!!!!!!!!!!!! | 1 failed, 57 passed in 0.35s
427	1281	4	return-none	return []	return None	1	0	killed	2.5	FAILED tests/test_workflow_command_checks.py::TestNeedsNormalisation::test_anything_else_is_empty | !!!!!!!!!!!!!!!!!!!!!!!!!! stopping after 1 failures !!!!!!!!!!!!!!!!!!!!!!!!!!! | 1 failed, 267 passed in 1.72s
428	1294	27	str-const	"-gate"	""	1	0	killed	2.5	FAILED tests/test_workflow_command_checks.py::TestNeedsNormalisation::test_only_gate_suffixed_jobs_contribute_requirements | !!!!!!!!!!!!!!!!!!!!!!!!!! stopping after 1 failures !!!!!!!!!!!!!!!!!!!!!!!!!!! | 1 failed, 268 passed in 1.65s
429	1295	53	str-const	"needs"	""	1	0	killed	1.5	FAILED tests/test_workflow_command_checks.py::TestGatedJobsRunTheirPayload::test_self_probe_gated_payload_in_a_gated_job_is_reported | !!!!!!!!!!!!!!!!!!!!!!!!!! stopping after 1 failures !!!!!!!!!!!!!!!!!!!!!!!!!!! | 1 failed, 90 passed in 0.74s
430	1296	4	return-none	return required	return None	1	0	killed	1.5	FAILED tests/test_workflow_command_checks.py::TestGatedJobsRunTheirPayload::test_self_probe_gated_payload_in_a_gated_job_is_reported | !!!!!!!!!!!!!!!!!!!!!!!!!! stopping after 1 failures !!!!!!!!!!!!!!!!!!!!!!!!!!! | 1 failed, 90 passed in 0.73s
431	1320	7	not-removal	not 		1	0	killed	1.5	FAILED tests/test_workflow_command_checks.py::TestGatedJobsRunTheirPayload::test_self_probe_gated_payload_in_a_gated_job_is_reported | !!!!!!!!!!!!!!!!!!!!!!!!!! stopping after 1 failures !!!!!!!!!!!!!!!!!!!!!!!!!!! | 1 failed, 90 passed in 0.72s
432	1325	15	compare	is	is not	1	0	killed	1.5	FAILED tests/test_workflow_command_checks.py::TestGatedJobsRunTheirPayload::test_self_probe_gated_payload_in_a_gated_job_is_reported | !!!!!!!!!!!!!!!!!!!!!!!!!! stopping after 1 failures !!!!!!!!!!!!!!!!!!!!!!!!!!! | 1 failed, 90 passed in 0.73s
433	1326	12	loop-jump	continue	break	0	0	survived	2.8	........................................................................ [ 78%] | ...........................................................              [100%] | 275 passed in 1.65s
434	1327	45	int-const	1	2	1	0	killed	1.5	FAILED tests/test_workflow_command_checks.py::TestGatedJobsRunTheirPayload::test_self_probe_gated_payload_in_a_gated_job_is_reported | !!!!!!!!!!!!!!!!!!!!!!!!!! stopping after 1 failures !!!!!!!!!!!!!!!!!!!!!!!!!!! | 1 failed, 90 passed in 0.73s
435	1328	11	str-const	"if"	""	1	0	killed	1.5	FAILED tests/test_workflow_command_checks.py::TestGatedJobsRunTheirPayload::test_a_job_level_if_is_the_honest_form_and_passes | !!!!!!!!!!!!!!!!!!!!!!!!!! stopping after 1 failures !!!!!!!!!!!!!!!!!!!!!!!!!!! | 1 failed, 91 passed in 0.76s
436	1328	16	compare	in	not in	1	0	killed	1.5	FAILED tests/test_workflow_command_checks.py::TestGatedJobsRunTheirPayload::test_self_probe_gated_payload_in_a_gated_job_is_reported | !!!!!!!!!!!!!!!!!!!!!!!!!! stopping after 1 failures !!!!!!!!!!!!!!!!!!!!!!!!!!! | 1 failed, 90 passed in 0.73s
437	1331	12	loop-jump	continue	break	0	0	survived	3.0	........................................................................ [ 78%] | ...........................................................              [100%] | 275 passed in 1.76s
438	1332	24	str-const	"steps"	""	1	0	killed	1.5	FAILED tests/test_workflow_command_checks.py::TestGatedJobsRunTheirPayload::test_self_probe_gated_payload_in_a_gated_job_is_reported | !!!!!!!!!!!!!!!!!!!!!!!!!! stopping after 1 failures !!!!!!!!!!!!!!!!!!!!!!!!!!! | 1 failed, 90 passed in 0.72s
439	1333	11	not-removal	not 		1	0	killed	1.5	FAILED tests/test_workflow_command_checks.py::TestGatedJobsRunTheirPayload::test_self_probe_gated_payload_in_a_gated_job_is_reported | !!!!!!!!!!!!!!!!!!!!!!!!!! stopping after 1 failures !!!!!!!!!!!!!!!!!!!!!!!!!!! | 1 failed, 90 passed in 0.74s
440	1334	12	loop-jump	continue	break	0	0	survived	2.8	........................................................................ [ 78%] | ...........................................................              [100%] | 275 passed in 1.65s
441	1336	15	not-removal	not 		1	0	killed	1.5	FAILED tests/test_workflow_command_checks.py::TestGatedJobsRunTheirPayload::test_self_probe_gated_payload_in_a_gated_job_is_reported | !!!!!!!!!!!!!!!!!!!!!!!!!! stopping after 1 failures !!!!!!!!!!!!!!!!!!!!!!!!!!! | 1 failed, 90 passed in 0.75s
442	1337	16	loop-jump	continue	break	0	0	survived	2.9	........................................................................ [ 78%] | ...........................................................              [100%] | 275 passed in 1.68s
443	1338	33	str-const	"if"	""	1	0	killed	1.5	FAILED tests/test_workflow_command_checks.py::TestGatedJobsRunTheirPayload::test_self_probe_gated_payload_in_a_gated_job_is_reported | !!!!!!!!!!!!!!!!!!!!!!!!!! stopping after 1 failures !!!!!!!!!!!!!!!!!!!!!!!!!!! | 1 failed, 90 passed in 0.72s
444	1339	15	not-removal	not 		1	0	killed	1.1	FAILED tests/test_workflow_command_checks.py::TestExpressionSyntax::test_the_check_inspects_something | !!!!!!!!!!!!!!!!!!!!!!!!!! stopping after 1 failures !!!!!!!!!!!!!!!!!!!!!!!!!!! | 1 failed, 57 passed in 0.34s
445	1339	46	boolop	or	and	1	0	killed	1.1	FAILED tests/test_workflow_command_checks.py::TestExpressionSyntax::test_the_check_inspects_something | !!!!!!!!!!!!!!!!!!!!!!!!!! stopping after 1 failures !!!!!!!!!!!!!!!!!!!!!!!!!!! | 1 failed, 57 passed in 0.35s
446	1339	49	not-removal	not 		1	0	killed	1.5	FAILED tests/test_workflow_command_checks.py::TestGatedJobsRunTheirPayload::test_self_probe_gated_payload_in_a_gated_job_is_reported | !!!!!!!!!!!!!!!!!!!!!!!!!! stopping after 1 failures !!!!!!!!!!!!!!!!!!!!!!!!!!! | 1 failed, 90 passed in 0.72s
447	1340	16	loop-jump	continue	break	1	0	killed	1.5	FAILED tests/test_workflow_command_checks.py::TestGatedJobsRunTheirPayload::test_self_probe_gated_payload_in_a_gated_job_is_reported | !!!!!!!!!!!!!!!!!!!!!!!!!! stopping after 1 failures !!!!!!!!!!!!!!!!!!!!!!!!!!! | 1 failed, 90 passed in 0.73s
448	1341	32	str-const	"name"	""	0	0	survived	2.8	........................................................................ [ 78%] | ...........................................................              [100%] | 275 passed in 1.65s
449	1341	40	boolop	or	and	0	0	survived	2.8	........................................................................ [ 78%] | ...........................................................              [100%] | 275 passed in 1.64s
450	1368	16	int-const	14	15	1	0	killed	1.9	FAILED tests/test_workflow_command_checks.py::TestRepositoryWorkflows::test_repository_workflows_pass | !!!!!!!!!!!!!!!!!!!!!!!!!! stopping after 1 failures !!!!!!!!!!!!!!!!!!!!!!!!!!! | 1 failed, 98 passed in 1.13s
451	1374	38	str-const	"*.yml"	""	1	0	killed	1.1	FAILED tests/test_workflow_command_checks.py::TestExpressionSyntax::test_the_check_inspects_something | !!!!!!!!!!!!!!!!!!!!!!!!!! stopping after 1 failures !!!!!!!!!!!!!!!!!!!!!!!!!!! | 1 failed, 57 passed in 0.33s
452	1374	48	binop	+	-	1	0	killed	1.1	FAILED tests/test_workflow_command_checks.py::TestExpressionSyntax::test_the_check_inspects_something | !!!!!!!!!!!!!!!!!!!!!!!!!! stopping after 1 failures !!!!!!!!!!!!!!!!!!!!!!!!!!! | 1 failed, 57 passed in 0.32s
453	1374	76	str-const	"*.yaml"	""	1	0	killed	1.1	FAILED tests/test_workflow_command_checks.py::TestExpressionSyntax::test_the_check_inspects_something | !!!!!!!!!!!!!!!!!!!!!!!!!! stopping after 1 failures !!!!!!!!!!!!!!!!!!!!!!!!!!! | 1 failed, 57 passed in 0.32s
454	1377	62	str-const	"utf-8"	""	1	0	killed	1.1	FAILED tests/test_workflow_command_checks.py::TestExpressionSyntax::test_the_check_inspects_something | !!!!!!!!!!!!!!!!!!!!!!!!!! stopping after 1 failures !!!!!!!!!!!!!!!!!!!!!!!!!!! | 1 failed, 57 passed in 0.34s
455	1382	29	str-const	"<file>"	""	0	0	survived	2.9	........................................................................ [ 78%] | ...........................................................              [100%] | 275 passed in 1.70s
456	1384	27	str-const	"a workflow the runner cannot parse never runs at all."	""	0	0	survived	2.8	........................................................................ [ 78%] | ...........................................................              [100%] | 275 passed in 1.64s
457	1387	12	loop-jump	continue	break	1	0	killed	2.4	FAILED tests/test_workflow_command_checks.py::TestSweepOverADirectory::test_an_unparseable_workflow_is_reported_and_does_not_end_the_sweep | !!!!!!!!!!!!!!!!!!!!!!!!!! stopping after 1 failures !!!!!!!!!!!!!!!!!!!!!!!!!!! | 1 failed, 269 passed in 1.65s
458	1403	18	compare	<	>=	1	0	killed	1.5	FAILED tests/test_workflow_command_checks.py::TestMalformedWorkflow::test_empty_directory_fails_the_nonvacuity_floor | !!!!!!!!!!!!!!!!!!!!!!!!!! stopping after 1 failures !!!!!!!!!!!!!!!!!!!!!!!!!!! | 1 failed, 96 passed in 0.74s
459	1406	25	str-const	"<sweep>"	""	0	0	survived	2.9	........................................................................ [ 78%] | ...........................................................              [100%] | 275 passed in 1.74s
460	1418	4	return-none	return report	return None	1	0	killed	1.4	FAILED tests/test_workflow_command_checks.py::TestExpressionSyntax::test_the_check_inspects_something | !!!!!!!!!!!!!!!!!!!!!!!!!! stopping after 1 failures !!!!!!!!!!!!!!!!!!!!!!!!!!! | 1 failed, 57 passed in 0.66s
461	1423	20	str-const	"Verify GitHub Actions runner labels and embedded command strings."	""	0	0	survived	2.8	........................................................................ [ 78%] | ...........................................................              [100%] | 275 passed in 1.62s
462	1426	8	str-const	"--workflows-dir"	""	1	0	killed	2.0	FAILED tests/test_workflow_command_checks.py::TestRepositoryWorkflows::test_main_exits_zero_on_this_repository | !!!!!!!!!!!!!!!!!!!!!!!!!! stopping after 1 failures !!!!!!!!!!!!!!!!!!!!!!!!!!! | 1 failed, 102 passed in 1.22s
463	1428	57	str-const	".github"	""	1	0	killed	2.0	FAILED tests/test_workflow_command_checks.py::TestRepositoryWorkflows::test_main_exits_zero_on_this_repository | !!!!!!!!!!!!!!!!!!!!!!!!!! stopping after 1 failures !!!!!!!!!!!!!!!!!!!!!!!!!!! | 1 failed, 102 passed in 1.20s
464	1428	69	str-const	"workflows"	""	1	0	killed	2.0	FAILED tests/test_workflow_command_checks.py::TestRepositoryWorkflows::test_main_exits_zero_on_this_repository | !!!!!!!!!!!!!!!!!!!!!!!!!! stopping after 1 failures !!!!!!!!!!!!!!!!!!!!!!!!!!! | 1 failed, 102 passed in 1.22s
465	1429	13	str-const	"directory of workflow files to check (default: this repository's)"	""	0	0	survived	2.9	........................................................................ [ 78%] | ...........................................................              [100%] | 275 passed in 1.72s
466	1449	14	str-const	"\nRunner labels this checker could not resolve statically:"	""	1	0	killed	2.5	FAILED tests/test_workflow_command_checks.py::TestTheCommandLineContract::test_unresolved_labels_are_listed_rather_than_assumed_fine | !!!!!!!!!!!!!!!!!!!!!!!!!! stopping after 1 failures !!!!!!!!!!!!!!!!!!!!!!!!!!! | 1 failed, 274 passed in 1.73s
467	1454	14	str-const	"\nWORKFLOW COMMAND CHECK PASSED."	""	1	0	killed	2.5	FAILED tests/test_workflow_command_checks.py::TestTheCommandLineContract::test_a_clean_directory_exits_zero_and_says_so | !!!!!!!!!!!!!!!!!!!!!!!!!! stopping after 1 failures !!!!!!!!!!!!!!!!!!!!!!!!!!! | 1 failed, 272 passed in 1.72s
468	1455	8	return-none	return 0	return None	1	0	killed	2.3	FAILED tests/test_workflow_command_checks.py::TestRepositoryWorkflows::test_main_exits_zero_on_this_repository | !!!!!!!!!!!!!!!!!!!!!!!!!! stopping after 1 failures !!!!!!!!!!!!!!!!!!!!!!!!!!! | 1 failed, 102 passed in 1.57s
469	1455	15	int-const	0	1	1	0	killed	2.3	FAILED tests/test_workflow_command_checks.py::TestRepositoryWorkflows::test_main_exits_zero_on_this_repository | !!!!!!!!!!!!!!!!!!!!!!!!!! stopping after 1 failures !!!!!!!!!!!!!!!!!!!!!!!!!!! | 1 failed, 102 passed in 1.53s
470	1471	4	return-none	return 1	return None	1	0	killed	2.5	FAILED tests/test_workflow_command_checks.py::TestTheCommandLineContract::test_a_directory_with_a_defect_exits_one | !!!!!!!!!!!!!!!!!!!!!!!!!! stopping after 1 failures !!!!!!!!!!!!!!!!!!!!!!!!!!! | 1 failed, 273 passed in 1.74s
471	1471	11	int-const	1	2	1	0	killed	2.5	FAILED tests/test_workflow_command_checks.py::TestTheCommandLineContract::test_a_directory_with_a_defect_exits_one | !!!!!!!!!!!!!!!!!!!!!!!!!! stopping after 1 failures !!!!!!!!!!!!!!!!!!!!!!!!!!! | 1 failed, 273 passed in 1.71s
472	1474	12	compare	==	!=	3	0	killed	1.0	usage: __main__.py [-h] [--workflows-dir WORKFLOWS_DIR] | __main__.py: error: unrecognized arguments: -q -x --no-cov -p no:cacheprovider tests/test_workflow_command_checks.py | mainloop: caught unexpected SystemExit!
473	1474	15	str-const	"__main__"	""	0	0	survived	2.5	........................................................................ [ 78%] | ...........................................................              [100%] | 275 passed in 1.69s
# target=tools/check_workflow_commands.py tests=tests/test_workflow_command_checks.py self_run=True mutants=473 killed=383 survived=89 timeout=1 kill_rate=0.811 wall_s=1427
