{
  "SHA3-256 (1KB)": {
    "ops_per_sec": 97541.94303550526,
    "median_ns": 10252.0,
    "mean_ns": 12024.671,
    "p95_ns": 18710,
    "median_us": 10.252,
    "stdev_ns": 4818.784549166967
  },
  "SHA3-256 (64B)": {
    "ops_per_sec": 520562.20718375844,
    "median_ns": 1921.0,
    "mean_ns": 2003.587,
    "p95_ns": 1972,
    "median_us": 1.921,
    "stdev_ns": 1160.7802415617696
  },
  "SHA3-256 Python API (1KB)": {
    "ops_per_sec": 92459.89552031807,
    "median_ns": 10815.5,
    "mean_ns": 11358.978,
    "p95_ns": 14267,
    "median_us": 10.8155,
    "stdev_ns": 2838.5851689313954
  },
  "HMAC-SHA3-256 (1KB)": {
    "ops_per_sec": 69256.87374471917,
    "median_ns": 14439.0,
    "mean_ns": 14955.498,
    "p95_ns": 15357,
    "median_us": 14.439,
    "stdev_ns": 3350.2789944536494
  },
  "HMAC-SHA3-256 Python API (1KB)": {
    "ops_per_sec": 66258.07520291535,
    "median_ns": 15092.5,
    "mean_ns": 15950.416,
    "p95_ns": 19516,
    "median_us": 15.0925,
    "stdev_ns": 4256.625161142209
  },
  "HKDF-SHA3-256 (96B output)": {
    "ops_per_sec": 46320.95791740973,
    "median_ns": 21588.5,
    "mean_ns": 22351.826,
    "p95_ns": 25350,
    "median_us": 21.5885,
    "stdev_ns": 4050.3073600834655
  },
  "Ed25519 keygen": {
    "ops_per_sec": 19761.67420903899,
    "median_ns": 50603.0,
    "mean_ns": 52246.365,
    "p95_ns": 69258,
    "median_us": 50.603,
    "stdev_ns": 5982.940387483054
  },
  "Ed25519 sign (240B)": {
    "ops_per_sec": 18762.43010994784,
    "median_ns": 53298.0,
    "mean_ns": 55109.205,
    "p95_ns": 72067,
    "median_us": 53.298,
    "stdev_ns": 6719.766674055262
  },
  "Ed25519 verify (240B)": {
    "ops_per_sec": 9294.068989874111,
    "median_ns": 107595.5,
    "mean_ns": 111121.48,
    "p95_ns": 127081,
    "median_us": 107.5955,
    "stdev_ns": 8677.935680678323
  },
  "Package create": {
    "ops_per_sec": 1615.4932262369025,
    "median_ns": 619006.0,
    "mean_ns": 628965.12,
    "p95_ns": 690559,
    "median_us": 619.006,
    "stdev_ns": 27886.594939724084
  },
  "Package verify": {
    "ops_per_sec": 2340.256983619371,
    "median_ns": 427303.5,
    "mean_ns": 438401.56,
    "p95_ns": 476790,
    "median_us": 427.3035,
    "stdev_ns": 47054.74084517447
  },
  "ML-DSA-65 keygen": {
    "ops_per_sec": 3248.8206780938517,
    "median_ns": 307804.0,
    "mean_ns": 315788.84,
    "p95_ns": 357168,
    "median_us": 307.804,
    "stdev_ns": 20702.400178869615
  },
  "ML-DSA-65 sign": {
    "ops_per_sec": 1165.7178694640786,
    "median_ns": 857840.5,
    "mean_ns": 877329.48,
    "p95_ns": 940029,
    "median_us": 857.8405,
    "stdev_ns": 84726.88772702965
  },
  "ML-DSA-65 verify": {
    "ops_per_sec": 3531.8154767686005,
    "median_ns": 283140.5,
    "mean_ns": 290373.35,
    "p95_ns": 335340,
    "median_us": 283.1405,
    "stdev_ns": 16925.33534834806
  }
}