{
  "SHA3-256 (1KB)": {
    "ops_per_sec": 19159.10680244087,
    "median_ns": 52194.5,
    "mean_ns": 54995.546,
    "p95_ns": 73489,
    "median_us": 52.1945,
    "stdev_ns": 7867.028604050003
  },
  "SHA3-256 (64B)": {
    "ops_per_sec": 121854.62742947663,
    "median_ns": 8206.5,
    "mean_ns": 8597.024,
    "p95_ns": 11580,
    "median_us": 8.2065,
    "stdev_ns": 2214.037501824096
  },
  "SHA3-256 Python API (1KB)": {
    "ops_per_sec": 18395.033340997932,
    "median_ns": 54362.5,
    "mean_ns": 60302.231,
    "p95_ns": 86836,
    "median_us": 54.3625,
    "stdev_ns": 13084.20300989109
  },
  "HMAC-SHA3-256 (1KB)": {
    "ops_per_sec": 12872.829319156057,
    "median_ns": 77683.0,
    "mean_ns": 79112.704,
    "p95_ns": 91682,
    "median_us": 77.683,
    "stdev_ns": 5728.657831419412
  },
  "HMAC-SHA3-256 Python API (1KB)": {
    "ops_per_sec": 12653.342696806929,
    "median_ns": 79030.5,
    "mean_ns": 80214.088,
    "p95_ns": 91964,
    "median_us": 79.0305,
    "stdev_ns": 5193.196218725841
  },
  "HKDF-SHA3-256 (96B output)": {
    "ops_per_sec": 8013.045237646889,
    "median_ns": 124796.5,
    "mean_ns": 127247.678,
    "p95_ns": 141623,
    "median_us": 124.7965,
    "stdev_ns": 10090.016744193848
  },
  "Ed25519 keygen": {
    "ops_per_sec": 5620.045578569642,
    "median_ns": 177934.5,
    "mean_ns": 181730.045,
    "p95_ns": 199588,
    "median_us": 177.9345,
    "stdev_ns": 17393.03276651488
  },
  "Ed25519 sign (240B)": {
    "ops_per_sec": 5335.168631342515,
    "median_ns": 187435.5,
    "mean_ns": 191552.79,
    "p95_ns": 212838,
    "median_us": 187.4355,
    "stdev_ns": 17707.799202580045
  },
  "Ed25519 verify (240B)": {
    "ops_per_sec": 2784.964533476666,
    "median_ns": 359071.0,
    "mean_ns": 367828.525,
    "p95_ns": 426314,
    "median_us": 359.071,
    "stdev_ns": 33480.34371441776
  },
  "Package create": {
    "ops_per_sec": 490.97598415522305,
    "median_ns": 2036759.5,
    "mean_ns": 2054981.12,
    "p95_ns": 2258125,
    "median_us": 2036.7595,
    "stdev_ns": 101801.32729892101
  },
  "Package verify": {
    "ops_per_sec": 491.57320631081683,
    "median_ns": 2034285.0,
    "mean_ns": 2055724.44,
    "p95_ns": 2310473,
    "median_us": 2034.285,
    "stdev_ns": 148584.9583685855
  },
  "ML-DSA-65 keygen": {
    "ops_per_sec": 654.0273697373688,
    "median_ns": 1528988.0,
    "mean_ns": 1549819.14,
    "p95_ns": 1725476,
    "median_us": 1528.988,
    "stdev_ns": 97579.66301966157
  },
  "ML-DSA-65 sign": {
    "ops_per_sec": 372.8783918649867,
    "median_ns": 2681839.5,
    "mean_ns": 2689007.88,
    "p95_ns": 2829820,
    "median_us": 2681.8395,
    "stdev_ns": 68657.16111954786
  },
  "ML-DSA-65 verify": {
    "ops_per_sec": 632.6397176908524,
    "median_ns": 1580678.5,
    "mean_ns": 1592216.54,
    "p95_ns": 1748586,
    "median_us": 1580.6785,
    "stdev_ns": 98279.07296364951
  }
}