{
  "SHA3-256 (1KB)": {
    "ops_per_sec": 297707.6510866329,
    "median_ns": 3359.0,
    "mean_ns": 3556.737,
    "p95_ns": 3999,
    "median_us": 3.359,
    "stdev_ns": 1339.6625962169364
  },
  "SHA3-256 (64B)": {
    "ops_per_sec": 1156069.3641618497,
    "median_ns": 865.0,
    "mean_ns": 898.462,
    "p95_ns": 908,
    "median_us": 0.865,
    "stdev_ns": 559.4035116486532
  },
  "SHA3-256 Python API (1KB)": {
    "ops_per_sec": 328623.0693394676,
    "median_ns": 3043.0,
    "mean_ns": 3142.213,
    "p95_ns": 3189,
    "median_us": 3.043,
    "stdev_ns": 1084.632851269522
  },
  "HMAC-SHA3-256 (1KB)": {
    "ops_per_sec": 203458.7995930824,
    "median_ns": 4915.0,
    "mean_ns": 5100.482,
    "p95_ns": 5709,
    "median_us": 4.915,
    "stdev_ns": 1158.7992254769297
  },
  "HMAC-SHA3-256 Python API (1KB)": {
    "ops_per_sec": 186237.0798025887,
    "median_ns": 5369.5,
    "mean_ns": 5829.554,
    "p95_ns": 8678,
    "median_us": 5.3695,
    "stdev_ns": 1540.495270502601
  },
  "HKDF-SHA3-256 (96B output)": {
    "ops_per_sec": 133422.281521014,
    "median_ns": 7495.0,
    "mean_ns": 7991.81,
    "p95_ns": 10489,
    "median_us": 7.495,
    "stdev_ns": 2846.2496320308364
  },
  "Ed25519 keygen": {
    "ops_per_sec": 26944.373341237017,
    "median_ns": 37113.5,
    "mean_ns": 39470.25,
    "p95_ns": 53998,
    "median_us": 37.1135,
    "stdev_ns": 7288.616379060262
  },
  "Ed25519 sign (240B)": {
    "ops_per_sec": 25882.596542085103,
    "median_ns": 38636.0,
    "mean_ns": 39871.495,
    "p95_ns": 49930,
    "median_us": 38.636,
    "stdev_ns": 4252.609959461549
  },
  "Ed25519 verify (240B)": {
    "ops_per_sec": 12827.74898660783,
    "median_ns": 77956.0,
    "mean_ns": 84623.56,
    "p95_ns": 123068,
    "median_us": 77.956,
    "stdev_ns": 21595.157668794654
  },
  "Package create": {
    "ops_per_sec": 4449.823786978036,
    "median_ns": 224728.0,
    "mean_ns": 233702.36,
    "p95_ns": 301801,
    "median_us": 224.728,
    "stdev_ns": 25079.615818071074
  },
  "Package verify": {
    "ops_per_sec": 4771.948577482129,
    "median_ns": 209558.0,
    "mean_ns": 232918.26,
    "p95_ns": 356943,
    "median_us": 209.558,
    "stdev_ns": 52543.648432560236
  },
  "ML-DSA-65 keygen": {
    "ops_per_sec": 7948.620119547247,
    "median_ns": 125808.0,
    "mean_ns": 128913.87,
    "p95_ns": 141912,
    "median_us": 125.808,
    "stdev_ns": 6232.355792178671
  },
  "ML-DSA-65 sign": {
    "ops_per_sec": 5227.077305859815,
    "median_ns": 191311.5,
    "mean_ns": 195162.71,
    "p95_ns": 212234,
    "median_us": 191.3115,
    "stdev_ns": 8294.486851347208
  },
  "ML-DSA-65 verify": {
    "ops_per_sec": 1581027.6679841897,
    "median_ns": 632.5,
    "mean_ns": 646.07,
    "p95_ns": 748,
    "median_us": 0.6325,
    "stdev_ns": 44.668533430009525
  }
}