{
  "SHA3-256 (1KB)": {
    "ops_per_sec": 212539.85122210413,
    "median_ns": 4705.0,
    "mean_ns": 5215.135,
    "p95_ns": 8521,
    "median_us": 4.705,
    "stdev_ns": 1419.396983430489
  },
  "SHA3-256 (64B)": {
    "ops_per_sec": 778816.199376947,
    "median_ns": 1284.0,
    "mean_ns": 1437.254,
    "p95_ns": 2143,
    "median_us": 1.284,
    "stdev_ns": 449.3972712326938
  },
  "SHA3-256 Python API (1KB)": {
    "ops_per_sec": 188928.7738522577,
    "median_ns": 5293.0,
    "mean_ns": 5879.755,
    "p95_ns": 9141,
    "median_us": 5.293,
    "stdev_ns": 1502.6673917621508
  },
  "HMAC-SHA3-256 (1KB)": {
    "ops_per_sec": 145285.4859799506,
    "median_ns": 6883.0,
    "mean_ns": 7343.256,
    "p95_ns": 11184,
    "median_us": 6.883,
    "stdev_ns": 1419.764230922449
  },
  "HMAC-SHA3-256 Python API (1KB)": {
    "ops_per_sec": 133120.3407880724,
    "median_ns": 7512.0,
    "mean_ns": 8330.164,
    "p95_ns": 12860,
    "median_us": 7.512,
    "stdev_ns": 1935.0284885776784
  },
  "HKDF-SHA3-256 (96B output)": {
    "ops_per_sec": 56609.11406736485,
    "median_ns": 17665.0,
    "mean_ns": 15355.002,
    "p95_ns": 19808,
    "median_us": 17.665,
    "stdev_ns": 4247.900377979511
  },
  "Ed25519 keygen": {
    "ops_per_sec": 7369.5769125894485,
    "median_ns": 135693.0,
    "mean_ns": 125253.675,
    "p95_ns": 166768,
    "median_us": 135.693,
    "stdev_ns": 33665.099145132976
  },
  "Ed25519 sign (240B)": {
    "ops_per_sec": 10745.58222250877,
    "median_ns": 93061.5,
    "mean_ns": 97719.97,
    "p95_ns": 129367,
    "median_us": 93.0615,
    "stdev_ns": 13112.522688076717
  },
  "Ed25519 verify (240B)": {
    "ops_per_sec": 7556.751201523441,
    "median_ns": 132332.0,
    "mean_ns": 136892.06,
    "p95_ns": 163536,
    "median_us": 132.332,
    "stdev_ns": 11511.437848640611
  },
  "Package create": {
    "ops_per_sec": 2331.0702526297387,
    "median_ns": 428987.5,
    "mean_ns": 434304.44,
    "p95_ns": 482279,
    "median_us": 428.9875,
    "stdev_ns": 22771.791330826258
  },
  "Package verify": {
    "ops_per_sec": 3186.5603630129567,
    "median_ns": 313818.0,
    "mean_ns": 321022.58,
    "p95_ns": 361952,
    "median_us": 313.818,
    "stdev_ns": 21546.868815648726
  },
  "ML-DSA-65 keygen": {
    "ops_per_sec": 4990.966350904862,
    "median_ns": 200362.0,
    "mean_ns": 206404.3,
    "p95_ns": 247907,
    "median_us": 200.362,
    "stdev_ns": 17856.830351776352
  },
  "ML-DSA-65 sign": {
    "ops_per_sec": 3896.9642648376916,
    "median_ns": 256610.0,
    "mean_ns": 262100.33,
    "p95_ns": 304640,
    "median_us": 256.61,
    "stdev_ns": 21069.90798427363
  },
  "ML-DSA-65 verify": {
    "ops_per_sec": 6681.521917062269,
    "median_ns": 149666.5,
    "mean_ns": 152759.69,
    "p95_ns": 166863,
    "median_us": 149.6665,
    "stdev_ns": 8190.8083871033405
  }
}