{
  "SHA3-256 (1KB)": {
    "ops_per_sec": 219876.86895338612,
    "median_ns": 4548.0,
    "mean_ns": 4701.954,
    "p95_ns": 4588,
    "median_us": 4.548,
    "stdev_ns": 2175.923110605535
  },
  "SHA3-256 (64B)": {
    "ops_per_sec": 669792.3643670462,
    "median_ns": 1493.0,
    "mean_ns": 1552.837,
    "p95_ns": 1523,
    "median_us": 1.493,
    "stdev_ns": 1080.4130769515184
  },
  "SHA3-256 Python API (1KB)": {
    "ops_per_sec": 185185.1851851852,
    "median_ns": 5400.0,
    "mean_ns": 5762.439,
    "p95_ns": 5882,
    "median_us": 5.4,
    "stdev_ns": 2336.231689020544
  },
  "HMAC-SHA3-256 (1KB)": {
    "ops_per_sec": 151011.77891875568,
    "median_ns": 6622.0,
    "mean_ns": 6812.784,
    "p95_ns": 6683,
    "median_us": 6.622,
    "stdev_ns": 1798.6208915630705
  },
  "HMAC-SHA3-256 Python API (1KB)": {
    "ops_per_sec": 133797.16350013379,
    "median_ns": 7474.0,
    "mean_ns": 7669.014,
    "p95_ns": 7594,
    "median_us": 7.474,
    "stdev_ns": 2088.578430781821
  },
  "HKDF-SHA3-256 (96B output)": {
    "ops_per_sec": 98629.05611993294,
    "median_ns": 10139.0,
    "mean_ns": 10669.53,
    "p95_ns": 11050,
    "median_us": 10.139,
    "stdev_ns": 2553.281010962539
  },
  "Ed25519 keygen": {
    "ops_per_sec": 19697.0592290571,
    "median_ns": 50769.0,
    "mean_ns": 52588.295,
    "p95_ns": 62887,
    "median_us": 50.769,
    "stdev_ns": 6278.434876661331
  },
  "Ed25519 sign (240B)": {
    "ops_per_sec": 18746.075040538388,
    "median_ns": 53344.5,
    "mean_ns": 54436.245,
    "p95_ns": 65633,
    "median_us": 53.3445,
    "stdev_ns": 4477.09601624405
  },
  "Ed25519 verify (240B)": {
    "ops_per_sec": 8609.853115905842,
    "median_ns": 116146.0,
    "mean_ns": 119271.785,
    "p95_ns": 132447,
    "median_us": 116.146,
    "stdev_ns": 8568.627905897398
  },
  "Package create": {
    "ops_per_sec": 2442.733174148555,
    "median_ns": 409377.5,
    "mean_ns": 416973.38,
    "p95_ns": 454607,
    "median_us": 409.3775,
    "stdev_ns": 15841.080798122743
  },
  "Package verify": {
    "ops_per_sec": 3491.3275423847163,
    "median_ns": 286424.0,
    "mean_ns": 294573.02,
    "p95_ns": 324584,
    "median_us": 286.424,
    "stdev_ns": 17442.79921306632
  },
  "ML-DSA-65 keygen": {
    "ops_per_sec": 6362.415936579438,
    "median_ns": 157173.0,
    "mean_ns": 161201.59,
    "p95_ns": 185966,
    "median_us": 157.173,
    "stdev_ns": 12546.768777234796
  },
  "ML-DSA-65 sign": {
    "ops_per_sec": 5675.111232180151,
    "median_ns": 176208.0,
    "mean_ns": 181480.34,
    "p95_ns": 208449,
    "median_us": 176.208,
    "stdev_ns": 9621.173461284294
  },
  "ML-DSA-65 verify": {
    "ops_per_sec": 7478.089198647962,
    "median_ns": 133724.0,
    "mean_ns": 137288.95,
    "p95_ns": 165028,
    "median_us": 133.724,
    "stdev_ns": 10272.80738273269
  }
}